========================================================================================
   RISOLUZIONE MDP E CAMMINATA OTTIMA: soluzioni/soluzione_grid_10.txt
   Dimensioni Griglia: 120x120 | Start: (0,0) | Goal: (119,119)
========================================================================================

--- MATRICE DEI VALORI V* ---
  -20.00   -20.00   -20.00   -20.00   -20.00   -20.00   -20.00   -20.00   -20.00   -20.00   -20.00   -20.00   -20.00   -20.00   -20.00   -20.00   -20.00   -20.00   -20.00   -20.00   -20.00   -20.00   -20.00   -20.00   -20.00   -20.00   -20.00   -20.00   -20.00   -20.00   -20.00   -20.00   -20.00   -20.00   -20.00   -20.00   -20.00   -20.00   -20.00   -20.00   -20.00   -20.00   -20.00   -20.00   -20.00   -20.00   -20.00   -20.00   -20.00   -20.00   -20.00   -20.00   -20.00   -20.00   -20.00   -20.00   -20.00   -20.00   -20.00   -20.00   -20.00   -20.00   -20.00   -20.00   -20.00   -20.00   -20.00   -20.00   -20.00   -20.00   -20.00   -20.00   -20.00   -20.00   -20.00   -20.00   -20.00   -20.00   -20.00   -20.00   -20.00   -20.00   -20.00   -20.00   -20.00   -20.00   -20.00   -20.00   -20.00   -20.00   -20.00   -20.00   -20.00   -20.00   -20.00   -20.00   -20.00   -20.00   -20.00   -20.00   -20.00   -20.00   -20.00   -20.00   -20.00   -20.00   -20.00   -20.00   -20.00   -20.00   -20.00   -20.00   -20.00   -20.00   -20.00   -20.00   -20.00   -20.00   -20.00   -20.00 
  -20.00   -20.00   -20.00   -20.00   -20.00   -20.00   -20.00   -20.00   -20.00   -20.00   -20.00   -20.00   -20.00   -20.00   -20.00   -20.00   -20.00   -20.00   -20.00   -20.00   -20.00   -20.00   -20.00   -20.00   -20.00   -20.00   -20.00   -20.00   -20.00   -20.00   -20.00   -20.00   -20.00   -20.00   -20.00   -20.00   -20.00   -20.00   -20.00   -20.00   -20.00   -20.00   -20.00   -20.00   -20.00   -20.00   -20.00   -20.00   -20.00   -20.00   -20.00   -20.00   -20.00   -20.00   -20.00   -20.00   -20.00   -20.00   -20.00   -20.00   -20.00   -20.00   -20.00   -20.00   -20.00   -20.00   -20.00   -20.00   -20.00   -20.00   -20.00   -20.00   -20.00   -20.00   -20.00   -20.00   -20.00   -20.00   -20.00   -20.00   -20.00   -20.00   -20.00   -20.00   -20.00   -20.00   -20.00   -20.00   -20.00   -20.00   -20.00   -20.00   -20.00   -20.00   -20.00   -20.00   -20.00   -20.00   -20.00   -20.00   -20.00   -20.00   -20.00   -20.00   -20.00   -20.00   -20.00   -20.00   -20.00   -20.00   -20.00   -20.00   -20.00   -20.00   -20.00   -20.00   -20.00   -20.00   -20.00   -20.00 
  -20.00   -20.00     0.00     0.00     0.00     0.00     0.00     0.00     0.00     0.00     0.00     0.00     0.00     0.00     0.00     0.00     0.00     0.00     0.00     0.00     0.00     0.00     0.00     0.00     0.00     0.00     0.00     0.00     0.00     0.00     0.00     0.00     0.00     0.00     0.00     0.00     0.00     0.00     0.00     0.00     0.00     0.00     0.00     0.00     0.00     0.00     0.00     0.00     0.00     0.00     0.00     0.00     0.00     0.00     0.00     0.00     0.00     0.00     0.00     0.00     0.00     0.00     0.00     0.00     0.00     0.00     0.00     0.00     0.00     0.00     0.00     0.00     0.00     0.00     0.00     0.00     0.00     0.00     0.00     0.00     0.00     0.00     0.00     0.00     0.00     0.00     0.00     0.00     0.00     0.00     0.00     0.00     0.00     0.00     0.00     0.00     0.00     0.00     0.00     0.00     0.00     0.00     0.00     0.00     0.00     0.00     0.00     0.00     0.00     0.00     0.00     0.00     0.00     0.00     0.00     0.00     0.00     0.00     0.00     0.00 
  -20.00   -20.00   -20.00   -20.00   -20.00   -20.00   -20.00   -20.00   -20.00   -20.00   -20.00   -20.00   -20.00   -20.00   -20.00   -20.00   -20.00   -20.00   -20.00   -20.00   -20.00   -20.00   -20.00   -20.00   -20.00   -20.00   -20.00   -20.00   -20.00   -20.00   -20.00   -20.00   -20.00   -20.00   -20.00   -20.00   -20.00   -20.00   -20.00   -20.00   -20.00   -20.00   -20.00   -20.00   -20.00   -20.00   -20.00   -20.00   -20.00   -20.00   -20.00   -20.00   -20.00   -20.00   -20.00   -20.00   -20.00   -20.00   -20.00   -20.00   -20.00   -20.00   -20.00   -20.00   -20.00   -20.00   -20.00   -20.00   -20.00   -20.00   -20.00   -20.00   -20.00   -20.00   -20.00   -20.00   -20.00   -20.00   -20.00   -20.00   -20.00   -20.00   -20.00   -20.00   -20.00   -20.00   -20.00   -20.00   -20.00   -20.00   -20.00   -20.00   -20.00   -20.00   -20.00   -20.00   -20.00   -20.00   -20.00   -20.00   -20.00   -20.00   -20.00   -20.00   -20.00   -20.00   -20.00   -20.00   -20.00   -20.00   -20.00   -20.00   -20.00   -20.00   -20.00   -20.00   -20.00   -20.00   -20.00   -20.00 
  -20.00   -20.00   -20.00   -20.00   -20.00   -20.00   -20.00   -20.00   -20.00   -20.00   -20.00   -20.00   -20.00   -20.00   -20.00   -20.00   -20.00   -20.00   -20.00   -20.00   -20.00   -20.00   -20.00   -20.00   -20.00   -20.00   -20.00   -20.00   -20.00   -20.00   -20.00   -20.00   -20.00   -20.00   -20.00   -20.00   -20.00   -20.00   -20.00   -20.00   -20.00   -20.00   -20.00   -20.00   -20.00   -20.00   -20.00   -20.00   -20.00   -20.00   -20.00   -20.00   -20.00   -20.00   -20.00   -20.00   -20.00   -20.00   -20.00   -20.00   -20.00   -20.00   -20.00   -20.00   -20.00   -20.00   -20.00   -20.00   -20.00   -20.00   -20.00   -20.00   -20.00   -20.00   -20.00   -20.00   -20.00   -20.00   -20.00   -20.00   -20.00   -20.00   -20.00   -20.00   -20.00   -20.00   -20.00   -20.00   -20.00   -20.00   -20.00   -20.00   -20.00   -20.00   -20.00   -20.00   -20.00   -20.00   -20.00   -20.00   -20.00   -20.00   -20.00   -20.00   -20.00   -20.00   -20.00   -20.00   -20.00   -20.00   -20.00   -20.00   -20.00   -20.00   -20.00   -20.00   -20.00   -20.00   -20.00   -20.00 
    0.00     0.00     0.00     0.00     0.00     0.00     0.00     0.00     0.00     0.00     0.00     0.00     0.00     0.00     0.00     0.00     0.00     0.00     0.00     0.00     0.00     0.00     0.00     0.00     0.00     0.00     0.00     0.00     0.00     0.00     0.00     0.00     0.00     0.00     0.00     0.00     0.00     0.00     0.00     0.00     0.00     0.00     0.00     0.00     0.00     0.00     0.00     0.00     0.00     0.00     0.00     0.00     0.00     0.00     0.00     0.00     0.00     0.00     0.00     0.00     0.00     0.00     0.00     0.00     0.00     0.00     0.00     0.00     0.00     0.00     0.00     0.00     0.00     0.00     0.00     0.00     0.00     0.00     0.00     0.00     0.00     0.00     0.00     0.00     0.00     0.00     0.00     0.00     0.00     0.00     0.00     0.00     0.00     0.00     0.00     0.00     0.00     0.00     0.00     0.00     0.00     0.00     0.00     0.00     0.00     0.00     0.00     0.00     0.00     0.00     0.00     0.00     0.00     0.00     0.00     0.00     0.00     0.00   -20.00   -20.00 
  -20.00   -20.00   -20.00   -20.00   -20.00   -20.00   -20.00   -20.00   -20.00   -20.00   -20.00   -20.00   -20.00   -20.00   -20.00   -20.00   -20.00   -20.00   -20.00   -20.00   -20.00   -20.00   -20.00   -20.00   -20.00   -20.00   -20.00   -20.00   -20.00   -20.00   -20.00   -20.00   -20.00   -20.00   -20.00   -20.00   -20.00   -20.00   -20.00   -20.00   -20.00   -20.00   -20.00   -20.00   -20.00   -20.00   -20.00   -20.00   -20.00   -20.00   -20.00   -20.00   -20.00   -20.00   -20.00   -20.00   -20.00   -20.00   -20.00   -20.00   -20.00   -20.00   -20.00   -20.00   -20.00   -20.00   -20.00   -20.00   -20.00   -20.00   -20.00   -20.00   -20.00   -20.00   -20.00   -20.00   -20.00   -20.00   -20.00   -20.00   -20.00   -20.00   -20.00   -20.00   -20.00   -20.00   -20.00   -20.00   -20.00   -20.00   -20.00   -20.00   -20.00   -20.00   -20.00   -20.00   -20.00   -20.00   -20.00   -20.00   -20.00   -20.00   -20.00   -20.00   -20.00   -20.00   -20.00   -20.00   -20.00   -20.00   -20.00   -20.00   -20.00   -20.00   -20.00   -20.00   -20.00   -20.00   -20.00   -20.00 
  -20.00   -20.00   -20.00   -20.00   -20.00   -20.00   -20.00   -20.00   -20.00   -20.00   -20.00   -20.00   -20.00   -20.00   -20.00   -20.00   -20.00   -20.00   -20.00   -20.00   -20.00   -20.00   -20.00   -20.00   -20.00   -20.00   -20.00   -20.00   -20.00   -20.00   -20.00   -20.00   -20.00   -20.00   -20.00   -20.00   -20.00   -20.00   -20.00   -20.00   -20.00   -20.00   -20.00   -20.00   -20.00   -20.00   -20.00   -20.00   -20.00   -20.00   -20.00   -20.00   -20.00   -20.00   -20.00   -20.00   -20.00   -20.00   -20.00   -20.00   -20.00   -20.00   -20.00   -20.00   -20.00   -20.00   -20.00   -20.00   -20.00   -20.00   -20.00   -20.00   -20.00   -20.00   -20.00   -20.00   -20.00   -20.00   -20.00   -20.00   -20.00   -20.00   -20.00   -20.00   -20.00   -20.00   -20.00   -20.00   -20.00   -20.00   -20.00   -20.00   -20.00   -20.00   -20.00   -20.00   -20.00   -20.00   -20.00   -20.00   -20.00   -20.00   -20.00   -20.00   -20.00   -20.00   -20.00   -20.00   -20.00   -20.00   -20.00   -20.00   -20.00   -20.00   -20.00   -20.00   -20.00   -20.00   -20.00   -20.00 
  -20.00   -20.00     0.00     0.00     0.00     0.00     0.00     0.00     0.00     0.00     0.00     0.00     0.00     0.00     0.00     0.00     0.00     0.00     0.00     0.00     0.00     0.00     0.00     0.00     0.00     0.00     0.00     0.00     0.00     0.00     0.00     0.00     0.00     0.00     0.00     0.00     0.00     0.00     0.00     0.00     0.00     0.00     0.00     0.00     0.00     0.00     0.00     0.00     0.00     0.00     0.00     0.00     0.00     0.00     0.00     0.00     0.00     0.00     0.00     0.00     0.00     0.00     0.00     0.00     0.00     0.00     0.00     0.00     0.00     0.00     0.00     0.00     0.00     0.00     0.00     0.00     0.00     0.00     0.00     0.00     0.00     0.00     0.00     0.00     0.00     0.00     0.00     0.00     0.00     0.00     0.00     0.00     0.00     0.00     0.00     0.00     0.00     0.00     0.00     0.00     0.00     0.00     0.00     0.00     0.00     0.00     0.00     0.00     0.00     0.00     0.00     0.00     0.00     0.00     0.00     0.00     0.00     0.00     0.00     0.00 
  -20.00   -20.00   -20.00   -20.00   -20.00   -20.00   -20.00   -20.00   -20.00   -20.00   -20.00   -20.00   -20.00   -20.00   -20.00   -20.00   -20.00   -20.00   -20.00   -20.00   -20.00   -20.00   -20.00   -20.00   -20.00   -20.00   -20.00   -20.00   -20.00   -20.00   -20.00   -20.00   -20.00   -20.00   -20.00   -20.00   -20.00   -20.00   -20.00   -20.00   -20.00   -20.00   -20.00   -20.00   -20.00   -20.00   -20.00   -20.00   -20.00   -20.00   -20.00   -20.00   -20.00   -20.00   -20.00   -20.00   -20.00   -20.00   -20.00   -20.00   -20.00   -20.00   -20.00   -20.00   -20.00   -20.00   -20.00   -20.00   -20.00   -20.00   -20.00   -20.00   -20.00   -20.00   -20.00   -20.00   -20.00   -20.00   -20.00   -20.00   -20.00   -20.00   -20.00   -20.00   -20.00   -20.00   -20.00   -20.00   -20.00   -20.00   -20.00   -20.00   -20.00   -20.00   -20.00   -20.00   -20.00   -20.00   -20.00   -20.00   -20.00   -20.00   -20.00   -20.00   -20.00   -20.00   -20.00   -20.00   -20.00   -20.00   -20.00   -20.00   -20.00   -20.00   -20.00   -20.00   -20.00   -20.00   -20.00   -20.00 
  -20.00   -20.00   -20.00   -20.00   -20.00   -20.00   -20.00   -20.00   -20.00   -20.00   -20.00   -20.00   -20.00   -20.00   -20.00   -20.00   -20.00   -20.00   -20.00   -20.00   -20.00   -20.00   -20.00   -20.00   -20.00   -20.00   -20.00   -20.00   -20.00   -20.00   -20.00   -20.00   -20.00   -20.00   -20.00   -20.00   -20.00   -20.00   -20.00   -20.00   -20.00   -20.00   -20.00   -20.00   -20.00   -20.00   -20.00   -20.00   -20.00   -20.00   -20.00   -20.00   -20.00   -20.00   -20.00   -20.00   -20.00   -20.00   -20.00   -20.00   -20.00   -20.00   -20.00   -20.00   -20.00   -20.00   -20.00   -20.00   -20.00   -20.00   -20.00   -20.00   -20.00   -20.00   -20.00   -20.00   -20.00   -20.00   -20.00   -20.00   -20.00   -20.00   -20.00   -20.00   -20.00   -20.00   -20.00   -20.00   -20.00   -20.00   -20.00   -20.00   -20.00   -20.00   -20.00   -20.00   -20.00   -20.00   -20.00   -20.00   -20.00   -20.00   -20.00   -20.00   -20.00   -20.00   -20.00   -20.00   -20.00   -20.00   -20.00   -20.00   -20.00   -20.00   -20.00   -20.00   -20.00   -20.00   -20.00   -20.00 
    0.00     0.00     0.00     0.00     0.00     0.00     0.00     0.00     0.00     0.00     0.00     0.00     0.00     0.00     0.00     0.00     0.00     0.00     0.00     0.00     0.00     0.00     0.00     0.00     0.00     0.00     0.00     0.00     0.00     0.00     0.00     0.00     0.00     0.00     0.00     0.00     0.00     0.00     0.00     0.00     0.00     0.00     0.00     0.00     0.00     0.00     0.00     0.00     0.00     0.00     0.00     0.00     0.00     0.00     0.00     0.00     0.00     0.00     0.00     0.00     0.00     0.00     0.00     0.00     0.00     0.00     0.00     0.00     0.00     0.00     0.00     0.00     0.00     0.00     0.00     0.00     0.00     0.00     0.00     0.00     0.00     0.00     0.00     0.00     0.00     0.00     0.00     0.00     0.00     0.00     0.00     0.00     0.00     0.00     0.00     0.00     0.00     0.00     0.00     0.00     0.00     0.00     0.00     0.00     0.00     0.00     0.00     0.00     0.00     0.00     0.00     0.00     0.00     0.00     0.00     0.00     0.00     0.00   -20.00   -20.00 
  -20.00   -20.00   -20.00   -20.00   -20.00   -20.00   -20.00   -20.00   -20.00   -20.00   -20.00   -20.00   -20.00   -20.00   -20.00   -20.00   -20.00   -20.00   -20.00   -20.00   -20.00   -20.00   -20.00   -20.00   -20.00   -20.00   -20.00   -20.00   -20.00   -20.00   -20.00   -20.00   -20.00   -20.00   -20.00   -20.00   -20.00   -20.00   -20.00   -20.00   -20.00   -20.00   -20.00   -20.00   -20.00   -20.00   -20.00   -20.00   -20.00   -20.00   -20.00   -20.00   -20.00   -20.00   -20.00   -20.00   -20.00   -20.00   -20.00   -20.00   -20.00   -20.00   -20.00   -20.00   -20.00   -20.00   -20.00   -20.00   -20.00   -20.00   -20.00   -20.00   -20.00   -20.00   -20.00   -20.00   -20.00   -20.00   -20.00   -20.00   -20.00   -20.00   -20.00   -20.00   -20.00   -20.00   -20.00   -20.00   -20.00   -20.00   -20.00   -20.00   -20.00   -20.00   -20.00   -20.00   -20.00   -20.00   -20.00   -20.00   -20.00   -20.00   -20.00   -20.00   -20.00   -20.00   -20.00   -20.00   -20.00   -20.00   -20.00   -20.00   -20.00   -20.00   -20.00   -20.00   -20.00   -20.00   -20.00   -20.00 
  -20.00   -20.00   -20.00   -20.00   -20.00   -20.00   -20.00   -20.00   -20.00   -20.00   -20.00   -20.00   -20.00   -20.00   -20.00   -20.00   -20.00   -20.00   -20.00   -20.00   -20.00   -20.00   -20.00   -20.00   -20.00   -20.00   -20.00   -20.00   -20.00   -20.00   -20.00   -20.00   -20.00   -20.00   -20.00   -20.00   -20.00   -20.00   -20.00   -20.00   -20.00   -20.00   -20.00   -20.00   -20.00   -20.00   -20.00   -20.00   -20.00   -20.00   -20.00   -20.00   -20.00   -20.00   -20.00   -20.00   -20.00   -20.00   -20.00   -20.00   -20.00   -20.00   -20.00   -20.00   -20.00   -20.00   -20.00   -20.00   -20.00   -20.00   -20.00   -20.00   -20.00   -20.00   -20.00   -20.00   -20.00   -20.00   -20.00   -20.00   -20.00   -20.00   -20.00   -20.00   -20.00   -20.00   -20.00   -20.00   -20.00   -20.00   -20.00   -20.00   -20.00   -20.00   -20.00   -20.00   -20.00   -20.00   -20.00   -20.00   -20.00   -20.00   -20.00   -20.00   -20.00   -20.00   -20.00   -20.00   -20.00   -20.00   -20.00   -20.00   -20.00   -20.00   -20.00   -20.00   -20.00   -20.00   -20.00   -20.00 
  -20.00   -20.00     0.00     0.00     0.00     0.00     0.00     0.00     0.00     0.00     0.00     0.00     0.00     0.00     0.00     0.00     0.00     0.00     0.00     0.00     0.00     0.00     0.00     0.00     0.00     0.00     0.00     0.00     0.00     0.00     0.00     0.00     0.00     0.00     0.00     0.00     0.00     0.00     0.00     0.00     0.00     0.00     0.00     0.00     0.00     0.00     0.00     0.00     0.00     0.00     0.00     0.00     0.00     0.00     0.00     0.00     0.00     0.00     0.00     0.00     0.00     0.00     0.00     0.00     0.00     0.00     0.00     0.00     0.00     0.00     0.00     0.00     0.00     0.00     0.00     0.00     0.00     0.00     0.00     0.00     0.00     0.00     0.00     0.00     0.00     0.00     0.00     0.00     0.00     0.00     0.00     0.00     0.00     0.00     0.00     0.00     0.00     0.00     0.00     0.00     0.00     0.00     0.00     0.00     0.00     0.00     0.00     0.00     0.00     0.00     0.00     0.00     0.00     0.00     0.00     0.00     0.00     0.00     0.00     0.00 
  -20.00   -20.00   -20.00   -20.00   -20.00   -20.00   -20.00   -20.00   -20.00   -20.00   -20.00   -20.00   -20.00   -20.00   -20.00   -20.00   -20.00   -20.00   -20.00   -20.00   -20.00   -20.00   -20.00   -20.00   -20.00   -20.00   -20.00   -20.00   -20.00   -20.00   -20.00   -20.00   -20.00   -20.00   -20.00   -20.00   -20.00   -20.00   -20.00   -20.00   -20.00   -20.00   -20.00   -20.00   -20.00   -20.00   -20.00   -20.00   -20.00   -20.00   -20.00   -20.00   -20.00   -20.00   -20.00   -20.00   -20.00   -20.00   -20.00   -20.00   -20.00   -20.00   -20.00   -20.00   -20.00   -20.00   -20.00   -20.00   -20.00   -20.00   -20.00   -20.00   -20.00   -20.00   -20.00   -20.00   -20.00   -20.00   -20.00   -20.00   -20.00   -20.00   -20.00   -20.00   -20.00   -20.00   -20.00   -20.00   -20.00   -20.00   -20.00   -20.00   -20.00   -20.00   -20.00   -20.00   -20.00   -20.00   -20.00   -20.00   -20.00   -20.00   -20.00   -20.00   -20.00   -20.00   -20.00   -20.00   -20.00   -20.00   -20.00   -20.00   -20.00   -20.00   -20.00   -20.00   -20.00   -20.00   -20.00   -20.00 
  -20.00   -20.00   -20.00   -20.00   -20.00   -20.00   -20.00   -20.00   -20.00   -20.00   -20.00   -20.00   -20.00   -20.00   -20.00   -20.00   -20.00   -20.00   -20.00   -20.00   -20.00   -20.00   -20.00   -20.00   -20.00   -20.00   -20.00   -20.00   -20.00   -20.00   -20.00   -20.00   -20.00   -20.00   -20.00   -20.00   -20.00   -20.00   -20.00   -20.00   -20.00   -20.00   -20.00   -20.00   -20.00   -20.00   -20.00   -20.00   -20.00   -20.00   -20.00   -20.00   -20.00   -20.00   -20.00   -20.00   -20.00   -20.00   -20.00   -20.00   -20.00   -20.00   -20.00   -20.00   -20.00   -20.00   -20.00   -20.00   -20.00   -20.00   -20.00   -20.00   -20.00   -20.00   -20.00   -20.00   -20.00   -20.00   -20.00   -20.00   -20.00   -20.00   -20.00   -20.00   -20.00   -20.00   -20.00   -20.00   -20.00   -20.00   -20.00   -20.00   -20.00   -20.00   -20.00   -20.00   -20.00   -20.00   -20.00   -20.00   -20.00   -20.00   -20.00   -20.00   -20.00   -20.00   -20.00   -20.00   -20.00   -20.00   -20.00   -20.00   -20.00   -20.00   -20.00   -20.00   -20.00   -20.00   -20.00   -20.00 
    0.00     0.00     0.00     0.00     0.00     0.00     0.00     0.00     0.00     0.00     0.00     0.00     0.00     0.00     0.00     0.00     0.00     0.00     0.00     0.00     0.00     0.00     0.00     0.00     0.00     0.00     0.00     0.00     0.00     0.00     0.00     0.00     0.00     0.00     0.00     0.00     0.00     0.00     0.00     0.00     0.00     0.00     0.00     0.00     0.00     0.00     0.00     0.00     0.00     0.00     0.00     0.00     0.00     0.00     0.00     0.00     0.00     0.00     0.00     0.00     0.00     0.00     0.00     0.00     0.00     0.00     0.00     0.00     0.00     0.00     0.00     0.00     0.00     0.00     0.00     0.00     0.00     0.00     0.00     0.00     0.00     0.00     0.00     0.00     0.00     0.00     0.00     0.00     0.00     0.00     0.00     0.00     0.00     0.00     0.00     0.00     0.00     0.00     0.00     0.00     0.00     0.00     0.00     0.00     0.00     0.00     0.00     0.00     0.00     0.00     0.00     0.00     0.00     0.00     0.00     0.00     0.00     0.00   -20.00   -20.00 
  -20.00   -20.00   -20.00   -20.00   -20.00   -20.00   -20.00   -20.00   -20.00   -20.00   -20.00   -20.00   -20.00   -20.00   -20.00   -20.00   -20.00   -20.00   -20.00   -20.00   -20.00   -20.00   -20.00   -20.00   -20.00   -20.00   -20.00   -20.00   -20.00   -20.00   -20.00   -20.00   -20.00   -20.00   -20.00   -20.00   -20.00   -20.00   -20.00   -20.00   -20.00   -20.00   -20.00   -20.00   -20.00   -20.00   -20.00   -20.00   -20.00   -20.00   -20.00   -20.00   -20.00   -20.00   -20.00   -20.00   -20.00   -20.00   -20.00   -20.00   -20.00   -20.00   -20.00   -20.00   -20.00   -20.00   -20.00   -20.00   -20.00   -20.00   -20.00   -20.00   -20.00   -20.00   -20.00   -20.00   -20.00   -20.00   -20.00   -20.00   -20.00   -20.00   -20.00   -20.00   -20.00   -20.00   -20.00   -20.00   -20.00   -20.00   -20.00   -20.00   -20.00   -20.00   -20.00   -20.00   -20.00   -20.00   -20.00   -20.00   -20.00   -20.00   -20.00   -20.00   -20.00   -20.00   -20.00   -20.00   -20.00   -20.00   -20.00   -20.00   -20.00   -20.00   -20.00   -20.00   -20.00   -20.00   -20.00   -20.00 
  -20.00   -20.00   -20.00   -20.00   -20.00   -20.00   -20.00   -20.00   -20.00   -20.00   -20.00   -20.00   -20.00   -20.00   -20.00   -20.00   -20.00   -20.00   -20.00   -20.00   -20.00   -20.00   -20.00   -20.00   -20.00   -20.00   -20.00   -20.00   -20.00   -20.00   -20.00   -20.00   -20.00   -20.00   -20.00   -20.00   -20.00   -20.00   -20.00   -20.00   -20.00   -20.00   -20.00   -20.00   -20.00   -20.00   -20.00   -20.00   -20.00   -20.00   -20.00   -20.00   -20.00   -20.00   -20.00   -20.00   -20.00   -20.00   -20.00   -20.00   -20.00   -20.00   -20.00   -20.00   -20.00   -20.00   -20.00   -20.00   -20.00   -20.00   -20.00   -20.00   -20.00   -20.00   -20.00   -20.00   -20.00   -20.00   -20.00   -20.00   -20.00   -20.00   -20.00   -20.00   -20.00   -20.00   -20.00   -20.00   -20.00   -20.00   -20.00   -20.00   -20.00   -20.00   -20.00   -20.00   -20.00   -20.00   -20.00   -20.00   -20.00   -20.00   -20.00   -20.00   -20.00   -20.00   -20.00   -20.00   -20.00   -20.00   -20.00   -20.00   -20.00   -20.00   -20.00   -20.00   -20.00   -20.00   -20.00   -20.00 
  -20.00   -20.00     0.00     0.00     0.00     0.00     0.00     0.00     0.00     0.00     0.00     0.00     0.00     0.00     0.00     0.00     0.00     0.00     0.00     0.00     0.00     0.00     0.00     0.00     0.00     0.00     0.00     0.00     0.00     0.00     0.00     0.00     0.00     0.00     0.00     0.00     0.00     0.00     0.00     0.00     0.00     0.00     0.00     0.00     0.00     0.00     0.00     0.00     0.00     0.00     0.00     0.00     0.00     0.00     0.00     0.00     0.00     0.00     0.00     0.00     0.00     0.00     0.00     0.00     0.00     0.00     0.00     0.00     0.00     0.00     0.00     0.00     0.00     0.00     0.00     0.00     0.00     0.00     0.00     0.00     0.00     0.00     0.00     0.00     0.00     0.00     0.00     0.00     0.00     0.00     0.00     0.00     0.00     0.00     0.00     0.00     0.00     0.00     0.00     0.00     0.00     0.00     0.00     0.00     0.00     0.00     0.00     0.00     0.00     0.00     0.00     0.00     0.00     0.00     0.00     0.00     0.00     0.00     0.00     0.00 
  -20.00   -20.00   -20.00   -20.00   -20.00   -20.00   -20.00   -20.00   -20.00   -20.00   -20.00   -20.00   -20.00   -20.00   -20.00   -20.00   -20.00   -20.00   -20.00   -20.00   -20.00   -20.00   -20.00   -20.00   -20.00   -20.00   -20.00   -20.00   -20.00   -20.00   -20.00   -20.00   -20.00   -20.00   -20.00   -20.00   -20.00   -20.00   -20.00   -20.00   -20.00   -20.00   -20.00   -20.00   -20.00   -20.00   -20.00   -20.00   -20.00   -20.00   -20.00   -20.00   -20.00   -20.00   -20.00   -20.00   -20.00   -20.00   -20.00   -20.00   -20.00   -20.00   -20.00   -20.00   -20.00   -20.00   -20.00   -20.00   -20.00   -20.00   -20.00   -20.00   -20.00   -20.00   -20.00   -20.00   -20.00   -20.00   -20.00   -20.00   -20.00   -20.00   -20.00   -20.00   -20.00   -20.00   -20.00   -20.00   -20.00   -20.00   -20.00   -20.00   -20.00   -20.00   -20.00   -20.00   -20.00   -20.00   -20.00   -20.00   -20.00   -20.00   -20.00   -20.00   -20.00   -20.00   -20.00   -20.00   -20.00   -20.00   -20.00   -20.00   -20.00   -20.00   -20.00   -20.00   -20.00   -20.00   -20.00   -20.00 
  -20.00   -20.00   -20.00   -20.00   -20.00   -20.00   -20.00   -20.00   -20.00   -20.00   -20.00   -20.00   -20.00   -20.00   -20.00   -20.00   -20.00   -20.00   -20.00   -20.00   -20.00   -20.00   -20.00   -20.00   -20.00   -20.00   -20.00   -20.00   -20.00   -20.00   -20.00   -20.00   -20.00   -20.00   -20.00   -20.00   -20.00   -20.00   -20.00   -20.00   -20.00   -20.00   -20.00   -20.00   -20.00   -20.00   -20.00   -20.00   -20.00   -20.00   -20.00   -20.00   -20.00   -20.00   -20.00   -20.00   -20.00   -20.00   -20.00   -20.00   -20.00   -20.00   -20.00   -20.00   -20.00   -20.00   -20.00   -20.00   -20.00   -20.00   -20.00   -20.00   -20.00   -20.00   -20.00   -20.00   -20.00   -20.00   -20.00   -20.00   -20.00   -20.00   -20.00   -20.00   -20.00   -20.00   -20.00   -20.00   -20.00   -20.00   -20.00   -20.00   -20.00   -20.00   -20.00   -20.00   -20.00   -20.00   -20.00   -20.00   -20.00   -20.00   -20.00   -20.00   -20.00   -20.00   -20.00   -20.00   -20.00   -20.00   -20.00   -20.00   -20.00   -20.00   -20.00   -20.00   -20.00   -20.00   -20.00   -20.00 
    0.00     0.00     0.00     0.00     0.00     0.00     0.00     0.00     0.00     0.00     0.00     0.00     0.00     0.00     0.00     0.00     0.00     0.00     0.00     0.00     0.00     0.00     0.00     0.00     0.00     0.00     0.00     0.00     0.00     0.00     0.00     0.00     0.00     0.00     0.00     0.00     0.00     0.00     0.00     0.00     0.00     0.00     0.00     0.00     0.00     0.00     0.00     0.00     0.00     0.00     0.00     0.00     0.00     0.00     0.00     0.00     0.00     0.00     0.00     0.00     0.00     0.00     0.00     0.00     0.00     0.00     0.00     0.00     0.00     0.00     0.00     0.00     0.00     0.00     0.00     0.00     0.00     0.00     0.00     0.00     0.00     0.00     0.00     0.00     0.00     0.00     0.00     0.00     0.00     0.00     0.00     0.00     0.00     0.00     0.00     0.00     0.00     0.00     0.00     0.00     0.00     0.00     0.00     0.00     0.00     0.00     0.00     0.00     0.00     0.00     0.00     0.00     0.00     0.00     0.00     0.00     0.00     0.00   -20.00   -20.00 
  -20.00   -20.00   -20.00   -20.00   -20.00   -20.00   -20.00   -20.00   -20.00   -20.00   -20.00   -20.00   -20.00   -20.00   -20.00   -20.00   -20.00   -20.00   -20.00   -20.00   -20.00   -20.00   -20.00   -20.00   -20.00   -20.00   -20.00   -20.00   -20.00   -20.00   -20.00   -20.00   -20.00   -20.00   -20.00   -20.00   -20.00   -20.00   -20.00   -20.00   -20.00   -20.00   -20.00   -20.00   -20.00   -20.00   -20.00   -20.00   -20.00   -20.00   -20.00   -20.00   -20.00   -20.00   -20.00   -20.00   -20.00   -20.00   -20.00   -20.00   -20.00   -20.00   -20.00   -20.00   -20.00   -20.00   -20.00   -20.00   -20.00   -20.00   -20.00   -20.00   -20.00   -20.00   -20.00   -20.00   -20.00   -20.00   -20.00   -20.00   -20.00   -20.00   -20.00   -20.00   -20.00   -20.00   -20.00   -20.00   -20.00   -20.00   -20.00   -20.00   -20.00   -20.00   -20.00   -20.00   -20.00   -20.00   -20.00   -20.00   -20.00   -20.00   -20.00   -20.00   -20.00   -20.00   -20.00   -20.00   -20.00   -20.00   -20.00   -20.00   -20.00   -20.00   -20.00   -20.00   -20.00   -20.00   -20.00   -20.00 
  -20.00   -20.00   -20.00   -20.00   -20.00   -20.00   -20.00   -20.00   -20.00   -20.00   -20.00   -20.00   -20.00   -20.00   -20.00   -20.00   -20.00   -20.00   -20.00   -20.00   -20.00   -20.00   -20.00   -20.00   -20.00   -20.00   -20.00   -20.00   -20.00   -20.00   -20.00   -20.00   -20.00   -20.00   -20.00   -20.00   -20.00   -20.00   -20.00   -20.00   -20.00   -20.00   -20.00   -20.00   -20.00   -20.00   -20.00   -20.00   -20.00   -20.00   -20.00   -20.00   -20.00   -20.00   -20.00   -20.00   -20.00   -20.00   -20.00   -20.00   -20.00   -20.00   -20.00   -20.00   -20.00   -20.00   -20.00   -20.00   -20.00   -20.00   -20.00   -20.00   -20.00   -20.00   -20.00   -20.00   -20.00   -20.00   -20.00   -20.00   -20.00   -20.00   -20.00   -20.00   -20.00   -20.00   -20.00   -20.00   -20.00   -20.00   -20.00   -20.00   -20.00   -20.00   -20.00   -20.00   -20.00   -20.00   -20.00   -20.00   -20.00   -20.00   -20.00   -20.00   -20.00   -20.00   -20.00   -20.00   -20.00   -20.00   -20.00   -20.00   -20.00   -20.00   -20.00   -20.00   -20.00   -20.00   -20.00   -20.00 
  -20.00   -20.00     0.00     0.00     0.00     0.00     0.00     0.00     0.00     0.00     0.00     0.00     0.00     0.00     0.00     0.00     0.00     0.00     0.00     0.00     0.00     0.00     0.00     0.00     0.00     0.00     0.00     0.00     0.00     0.00     0.00     0.00     0.00     0.00     0.00     0.00     0.00     0.00     0.00     0.00     0.00     0.00     0.00     0.00     0.00     0.00     0.00     0.00     0.00     0.00     0.00     0.00     0.00     0.00     0.00     0.00     0.00     0.00     0.00     0.00     0.00     0.00     0.00     0.00     0.00     0.00     0.00     0.00     0.00     0.00     0.00     0.00     0.00     0.00     0.00     0.00     0.00     0.00     0.00     0.00     0.00     0.00     0.00     0.00     0.00     0.00     0.00     0.00     0.00     0.00     0.00     0.00     0.00     0.00     0.00     0.00     0.00     0.00     0.00     0.00     0.00     0.00     0.00     0.00     0.00     0.00     0.00     0.00     0.00     0.00     0.00     0.00     0.00     0.00     0.00     0.00     0.00     0.00     0.00     0.00 
  -20.00   -20.00   -20.00   -20.00   -20.00   -20.00   -20.00   -20.00   -20.00   -20.00   -20.00   -20.00   -20.00   -20.00   -20.00   -20.00   -20.00   -20.00   -20.00   -20.00   -20.00   -20.00   -20.00   -20.00   -20.00   -20.00   -20.00   -20.00   -20.00   -20.00   -20.00   -20.00   -20.00   -20.00   -20.00   -20.00   -20.00   -20.00   -20.00   -20.00   -20.00   -20.00   -20.00   -20.00   -20.00   -20.00   -20.00   -20.00   -20.00   -20.00   -20.00   -20.00   -20.00   -20.00   -20.00   -20.00   -20.00   -20.00   -20.00   -20.00   -20.00   -20.00   -20.00   -20.00   -20.00   -20.00   -20.00   -20.00   -20.00   -20.00   -20.00   -20.00   -20.00   -20.00   -20.00   -20.00   -20.00   -20.00   -20.00   -20.00   -20.00   -20.00   -20.00   -20.00   -20.00   -20.00   -20.00   -20.00   -20.00   -20.00   -20.00   -20.00   -20.00   -20.00   -20.00   -20.00   -20.00   -20.00   -20.00   -20.00   -20.00   -20.00   -20.00   -20.00   -20.00   -20.00   -20.00   -20.00   -20.00   -20.00   -20.00   -20.00   -20.00   -20.00   -20.00   -20.00   -20.00   -20.00   -20.00   -20.00 
  -20.00   -20.00   -20.00   -20.00   -20.00   -20.00   -20.00   -20.00   -20.00   -20.00   -20.00   -20.00   -20.00   -20.00   -20.00   -20.00   -20.00   -20.00   -20.00   -20.00   -20.00   -20.00   -20.00   -20.00   -20.00   -20.00   -20.00   -20.00   -20.00   -20.00   -20.00   -20.00   -20.00   -20.00   -20.00   -20.00   -20.00   -20.00   -20.00   -20.00   -20.00   -20.00   -20.00   -20.00   -20.00   -20.00   -20.00   -20.00   -20.00   -20.00   -20.00   -20.00   -20.00   -20.00   -20.00   -20.00   -20.00   -20.00   -20.00   -20.00   -20.00   -20.00   -20.00   -20.00   -20.00   -20.00   -20.00   -20.00   -20.00   -20.00   -20.00   -20.00   -20.00   -20.00   -20.00   -20.00   -20.00   -20.00   -20.00   -20.00   -20.00   -20.00   -20.00   -20.00   -20.00   -20.00   -20.00   -20.00   -20.00   -20.00   -20.00   -20.00   -20.00   -20.00   -20.00   -20.00   -20.00   -20.00   -20.00   -20.00   -20.00   -20.00   -20.00   -20.00   -20.00   -20.00   -20.00   -20.00   -20.00   -20.00   -20.00   -20.00   -20.00   -20.00   -20.00   -20.00   -20.00   -20.00   -20.00   -20.00 
    0.00     0.00     0.00     0.00     0.00     0.00     0.00     0.00     0.00     0.00     0.00     0.00     0.00     0.00     0.00     0.00     0.00     0.00     0.00     0.00     0.00     0.00     0.00     0.00     0.00     0.00     0.00     0.00     0.00     0.00     0.00     0.00     0.00     0.00     0.00     0.00     0.00     0.00     0.00     0.00     0.00     0.00     0.00     0.00     0.00     0.00     0.00     0.00     0.00     0.00     0.00     0.00     0.00     0.00     0.00     0.00     0.00     0.00     0.00     0.00     0.00     0.00     0.00     0.00     0.00     0.00     0.00     0.00     0.00     0.00     0.00     0.00     0.00     0.00     0.00     0.00     0.00     0.00     0.00     0.00     0.00     0.00     0.00     0.00     0.00     0.00     0.00     0.00     0.00     0.00     0.00     0.00     0.00     0.00     0.00     0.00     0.00     0.00     0.00     0.00     0.00     0.00     0.00     0.00     0.00     0.00     0.00     0.00     0.00     0.00     0.00     0.00     0.00     0.00     0.00     0.00     0.00     0.00   -20.00   -20.00 
  -20.00   -20.00   -20.00   -20.00   -20.00   -20.00   -20.00   -20.00   -20.00   -20.00   -20.00   -20.00   -20.00   -20.00   -20.00   -20.00   -20.00   -20.00   -20.00   -20.00   -20.00   -20.00   -20.00   -20.00   -20.00   -20.00   -20.00   -20.00   -20.00   -20.00   -20.00   -20.00   -20.00   -20.00   -20.00   -20.00   -20.00   -20.00   -20.00   -20.00   -20.00   -20.00   -20.00   -20.00   -20.00   -20.00   -20.00   -20.00   -20.00   -20.00   -20.00   -20.00   -20.00   -20.00   -20.00   -20.00   -20.00   -20.00   -20.00   -20.00   -20.00   -20.00   -20.00   -20.00   -20.00   -20.00   -20.00   -20.00   -20.00   -20.00   -20.00   -20.00   -20.00   -20.00   -20.00   -20.00   -20.00   -20.00   -20.00   -20.00   -20.00   -20.00   -20.00   -20.00   -20.00   -20.00   -20.00   -20.00   -20.00   -20.00   -20.00   -20.00   -20.00   -20.00   -20.00   -20.00   -20.00   -20.00   -20.00   -20.00   -20.00   -20.00   -20.00   -20.00   -20.00   -20.00   -20.00   -20.00   -20.00   -20.00   -20.00   -20.00   -20.00   -20.00   -20.00   -20.00   -20.00   -20.00   -20.00   -20.00 
  -20.00   -20.00   -20.00   -20.00   -20.00   -20.00   -20.00   -20.00   -20.00   -20.00   -20.00   -20.00   -20.00   -20.00   -20.00   -20.00   -20.00   -20.00   -20.00   -20.00   -20.00   -20.00   -20.00   -20.00   -20.00   -20.00   -20.00   -20.00   -20.00   -20.00   -20.00   -20.00   -20.00   -20.00   -20.00   -20.00   -20.00   -20.00   -20.00   -20.00   -20.00   -20.00   -20.00   -20.00   -20.00   -20.00   -20.00   -20.00   -20.00   -20.00   -20.00   -20.00   -20.00   -20.00   -20.00   -20.00   -20.00   -20.00   -20.00   -20.00   -20.00   -20.00   -20.00   -20.00   -20.00   -20.00   -20.00   -20.00   -20.00   -20.00   -20.00   -20.00   -20.00   -20.00   -20.00   -20.00   -20.00   -20.00   -20.00   -20.00   -20.00   -20.00   -20.00   -20.00   -20.00   -20.00   -20.00   -20.00   -20.00   -20.00   -20.00   -20.00   -20.00   -20.00   -20.00   -20.00   -20.00   -20.00   -20.00   -20.00   -20.00   -20.00   -20.00   -20.00   -20.00   -20.00   -20.00   -20.00   -20.00   -20.00   -20.00   -20.00   -20.00   -20.00   -20.00   -20.00   -20.00   -20.00   -20.00   -20.00 
  -20.00   -20.00     0.00     0.00     0.00     0.00     0.00     0.00     0.00     0.00     0.00     0.00     0.00     0.00     0.00     0.00     0.00     0.00     0.00     0.00     0.00     0.00     0.00     0.00     0.00     0.00     0.00     0.00     0.00     0.00     0.00     0.00     0.00     0.00     0.00     0.00     0.00     0.00     0.00     0.00     0.00     0.00     0.00     0.00     0.00     0.00     0.00     0.00     0.00     0.00     0.00     0.00     0.00     0.00     0.00     0.00     0.00     0.00     0.00     0.00     0.00     0.00     0.00     0.00     0.00     0.00     0.00     0.00     0.00     0.00     0.00     0.00     0.00     0.00     0.00     0.00     0.00     0.00     0.00     0.00     0.00     0.00     0.00     0.00     0.00     0.00     0.00     0.00     0.00     0.00     0.00     0.00     0.00     0.00     0.00     0.00     0.00     0.00     0.00     0.00     0.00     0.00     0.00     0.00     0.00     0.00     0.00     0.00     0.00     0.00     0.00     0.00     0.00     0.00     0.00     0.00     0.00     0.00     0.00     0.00 
  -20.00   -20.00   -20.00   -20.00   -20.00   -20.00   -20.00   -20.00   -20.00   -20.00   -20.00   -20.00   -20.00   -20.00   -20.00   -20.00   -20.00   -20.00   -20.00   -20.00   -20.00   -20.00   -20.00   -20.00   -20.00   -20.00   -20.00   -20.00   -20.00   -20.00   -20.00   -20.00   -20.00   -20.00   -20.00   -20.00   -20.00   -20.00   -20.00   -20.00   -20.00   -20.00   -20.00   -20.00   -20.00   -20.00   -20.00   -20.00   -20.00   -20.00   -20.00   -20.00   -20.00   -20.00   -20.00   -20.00   -20.00   -20.00   -20.00   -20.00   -20.00   -20.00   -20.00   -20.00   -20.00   -20.00   -20.00   -20.00   -20.00   -20.00   -20.00   -20.00   -20.00   -20.00   -20.00   -20.00   -20.00   -20.00   -20.00   -20.00   -20.00   -20.00   -20.00   -20.00   -20.00   -20.00   -20.00   -20.00   -20.00   -20.00   -20.00   -20.00   -20.00   -20.00   -20.00   -20.00   -20.00   -20.00   -20.00   -20.00   -20.00   -20.00   -20.00   -20.00   -20.00   -20.00   -20.00   -20.00   -20.00   -20.00   -20.00   -20.00   -20.00   -20.00   -20.00   -20.00   -20.00   -20.00   -20.00   -20.00 
  -20.00   -20.00   -20.00   -20.00   -20.00   -20.00   -20.00   -20.00   -20.00   -20.00   -20.00   -20.00   -20.00   -20.00   -20.00   -20.00   -20.00   -20.00   -20.00   -20.00   -20.00   -20.00   -20.00   -20.00   -20.00   -20.00   -20.00   -20.00   -20.00   -20.00   -20.00   -20.00   -20.00   -20.00   -20.00   -20.00   -20.00   -20.00   -20.00   -20.00   -20.00   -20.00   -20.00   -20.00   -20.00   -20.00   -20.00   -20.00   -20.00   -20.00   -20.00   -20.00   -20.00   -20.00   -20.00   -20.00   -20.00   -20.00   -20.00   -20.00   -20.00   -20.00   -20.00   -20.00   -20.00   -20.00   -20.00   -20.00   -20.00   -20.00   -20.00   -20.00   -20.00   -20.00   -20.00   -20.00   -20.00   -20.00   -20.00   -20.00   -20.00   -20.00   -20.00   -20.00   -20.00   -20.00   -20.00   -20.00   -20.00   -20.00   -20.00   -20.00   -20.00   -20.00   -20.00   -20.00   -20.00   -20.00   -20.00   -20.00   -20.00   -20.00   -20.00   -20.00   -20.00   -20.00   -20.00   -20.00   -20.00   -20.00   -20.00   -20.00   -20.00   -20.00   -20.00   -20.00   -20.00   -20.00   -20.00   -20.00 
    0.00     0.00     0.00     0.00     0.00     0.00     0.00     0.00     0.00     0.00     0.00     0.00     0.00     0.00     0.00     0.00     0.00     0.00     0.00     0.00     0.00     0.00     0.00     0.00     0.00     0.00     0.00     0.00     0.00     0.00     0.00     0.00     0.00     0.00     0.00     0.00     0.00     0.00     0.00     0.00     0.00     0.00     0.00     0.00     0.00     0.00     0.00     0.00     0.00     0.00     0.00     0.00     0.00     0.00     0.00     0.00     0.00     0.00     0.00     0.00     0.00     0.00     0.00     0.00     0.00     0.00     0.00     0.00     0.00     0.00     0.00     0.00     0.00     0.00     0.00     0.00     0.00     0.00     0.00     0.00     0.00     0.00     0.00     0.00     0.00     0.00     0.00     0.00     0.00     0.00     0.00     0.00     0.00     0.00     0.00     0.00     0.00     0.00     0.00     0.00     0.00     0.00     0.00     0.00     0.00     0.00     0.00     0.00     0.00     0.00     0.00     0.00     0.00     0.00     0.00     0.00     0.00     0.00   -20.00   -20.00 
  -20.00   -20.00   -20.00   -20.00   -20.00   -20.00   -20.00   -20.00   -20.00   -20.00   -20.00   -20.00   -20.00   -20.00   -20.00   -20.00   -20.00   -20.00   -20.00   -20.00   -20.00   -20.00   -20.00   -20.00   -20.00   -20.00   -20.00   -20.00   -20.00   -20.00   -20.00   -20.00   -20.00   -20.00   -20.00   -20.00   -20.00   -20.00   -20.00   -20.00   -20.00   -20.00   -20.00   -20.00   -20.00   -20.00   -20.00   -20.00   -20.00   -20.00   -20.00   -20.00   -20.00   -20.00   -20.00   -20.00   -20.00   -20.00   -20.00   -20.00   -20.00   -20.00   -20.00   -20.00   -20.00   -20.00   -20.00   -20.00   -20.00   -20.00   -20.00   -20.00   -20.00   -20.00   -20.00   -20.00   -20.00   -20.00   -20.00   -20.00   -20.00   -20.00   -20.00   -20.00   -20.00   -20.00   -20.00   -20.00   -20.00   -20.00   -20.00   -20.00   -20.00   -20.00   -20.00   -20.00   -20.00   -20.00   -20.00   -20.00   -20.00   -20.00   -20.00   -20.00   -20.00   -20.00   -20.00   -20.00   -20.00   -20.00   -20.00   -20.00   -20.00   -20.00   -20.00   -20.00   -20.00   -20.00   -20.00   -20.00 
  -20.00   -20.00   -20.00   -20.00   -20.00   -20.00   -20.00   -20.00   -20.00   -20.00   -20.00   -20.00   -20.00   -20.00   -20.00   -20.00   -20.00   -20.00   -20.00   -20.00   -20.00   -20.00   -20.00   -20.00   -20.00   -20.00   -20.00   -20.00   -20.00   -20.00   -20.00   -20.00   -20.00   -20.00   -20.00   -20.00   -20.00   -20.00   -20.00   -20.00   -20.00   -20.00   -20.00   -20.00   -20.00   -20.00   -20.00   -20.00   -20.00   -20.00   -20.00   -20.00   -20.00   -20.00   -20.00   -20.00   -20.00   -20.00   -20.00   -20.00   -20.00   -20.00   -20.00   -20.00   -20.00   -20.00   -20.00   -20.00   -20.00   -20.00   -20.00   -20.00   -20.00   -20.00   -20.00   -20.00   -20.00   -20.00   -20.00   -20.00   -20.00   -20.00   -20.00   -20.00   -20.00   -20.00   -20.00   -20.00   -20.00   -20.00   -20.00   -20.00   -20.00   -20.00   -20.00   -20.00   -20.00   -20.00   -20.00   -20.00   -20.00   -20.00   -20.00   -20.00   -20.00   -20.00   -20.00   -20.00   -20.00   -20.00   -20.00   -20.00   -20.00   -20.00   -20.00   -20.00   -20.00   -20.00   -20.00   -20.00 
  -20.00   -20.00     0.00     0.00     0.00     0.00     0.00     0.00     0.00     0.00     0.00     0.00     0.00     0.00     0.00     0.00     0.00     0.00     0.00     0.00     0.00     0.00     0.00     0.00     0.00     0.00     0.00     0.00     0.00     0.00     0.00     0.00     0.00     0.00     0.00     0.00     0.00     0.00     0.00     0.00     0.00     0.00     0.00     0.00     0.00     0.00     0.00     0.00     0.00     0.00     0.00     0.00     0.00     0.00     0.00     0.00     0.00     0.00     0.00     0.00     0.00     0.00     0.00     0.00     0.00     0.00     0.00     0.00     0.00     0.00     0.00     0.00     0.00     0.00     0.00     0.00     0.00     0.00     0.00     0.00     0.00     0.00     0.00     0.00     0.00     0.00     0.00     0.00     0.00     0.00     0.00     0.00     0.00     0.00     0.00     0.00     0.00     0.00     0.00     0.00     0.00     0.00     0.00     0.00     0.00     0.00     0.00     0.00     0.00     0.00     0.00     0.00     0.00     0.00     0.00     0.00     0.00     0.00     0.00     0.00 
  -20.00   -20.00   -20.00   -20.00   -20.00   -20.00   -20.00   -20.00   -20.00   -20.00   -20.00   -20.00   -20.00   -20.00   -20.00   -20.00   -20.00   -20.00   -20.00   -20.00   -20.00   -20.00   -20.00   -20.00   -20.00   -20.00   -20.00   -20.00   -20.00   -20.00   -20.00   -20.00   -20.00   -20.00   -20.00   -20.00   -20.00   -20.00   -20.00   -20.00   -20.00   -20.00   -20.00   -20.00   -20.00   -20.00   -20.00   -20.00   -20.00   -20.00   -20.00   -20.00   -20.00   -20.00   -20.00   -20.00   -20.00   -20.00   -20.00   -20.00   -20.00   -20.00   -20.00   -20.00   -20.00   -20.00   -20.00   -20.00   -20.00   -20.00   -20.00   -20.00   -20.00   -20.00   -20.00   -20.00   -20.00   -20.00   -20.00   -20.00   -20.00   -20.00   -20.00   -20.00   -20.00   -20.00   -20.00   -20.00   -20.00   -20.00   -20.00   -20.00   -20.00   -20.00   -20.00   -20.00   -20.00   -20.00   -20.00   -20.00   -20.00   -20.00   -20.00   -20.00   -20.00   -20.00   -20.00   -20.00   -20.00   -20.00   -20.00   -20.00   -20.00   -20.00   -20.00   -20.00   -20.00   -20.00   -20.00   -20.00 
  -20.00   -20.00   -20.00   -20.00   -20.00   -20.00   -20.00   -20.00   -20.00   -20.00   -20.00   -20.00   -20.00   -20.00   -20.00   -20.00   -20.00   -20.00   -20.00   -20.00   -20.00   -20.00   -20.00   -20.00   -20.00   -20.00   -20.00   -20.00   -20.00   -20.00   -20.00   -20.00   -20.00   -20.00   -20.00   -20.00   -20.00   -20.00   -20.00   -20.00   -20.00   -20.00   -20.00   -20.00   -20.00   -20.00   -20.00   -20.00   -20.00   -20.00   -20.00   -20.00   -20.00   -20.00   -20.00   -20.00   -20.00   -20.00   -20.00   -20.00   -20.00   -20.00   -20.00   -20.00   -20.00   -20.00   -20.00   -20.00   -20.00   -20.00   -20.00   -20.00   -20.00   -20.00   -20.00   -20.00   -20.00   -20.00   -20.00   -20.00   -20.00   -20.00   -20.00   -20.00   -20.00   -20.00   -20.00   -20.00   -20.00   -20.00   -20.00   -20.00   -20.00   -20.00   -20.00   -20.00   -20.00   -20.00   -20.00   -20.00   -20.00   -20.00   -20.00   -20.00   -20.00   -20.00   -20.00   -20.00   -20.00   -20.00   -20.00   -20.00   -20.00   -20.00   -20.00   -20.00   -20.00   -20.00   -20.00   -20.00 
    0.00     0.00     0.00     0.00     0.00     0.00     0.00     0.00     0.00     0.00     0.00     0.00     0.00     0.00     0.00     0.00     0.00     0.00     0.00     0.00     0.00     0.00     0.00     0.00     0.00     0.00     0.00     0.00     0.00     0.00     0.00     0.00     0.00     0.00     0.00     0.00     0.00     0.00     0.00     0.00     0.00     0.00     0.00     0.00     0.00     0.00     0.00     0.00     0.00     0.00     0.00     0.00     0.00     0.00     0.00     0.00     0.00     0.00     0.00     0.00     0.00     0.00     0.00     0.00     0.00     0.00     0.00     0.00     0.00     0.00     0.00     0.00     0.00     0.00     0.00     0.00     0.00     0.00     0.00     0.00     0.00     0.00     0.00     0.00     0.00     0.00     0.00     0.00     0.00     0.00     0.00     0.00     0.00     0.00     0.00     0.00     0.00     0.00     0.00     0.00     0.00     0.00     0.00     0.00     0.00     0.00     0.00     0.00     0.00     0.00     0.00     0.00     0.00     0.00     0.00     0.00     0.00     0.00   -20.00   -20.00 
  -20.00   -20.00   -20.00   -20.00   -20.00   -20.00   -20.00   -20.00   -20.00   -20.00   -20.00   -20.00   -20.00   -20.00   -20.00   -20.00   -20.00   -20.00   -20.00   -20.00   -20.00   -20.00   -20.00   -20.00   -20.00   -20.00   -20.00   -20.00   -20.00   -20.00   -20.00   -20.00   -20.00   -20.00   -20.00   -20.00   -20.00   -20.00   -20.00   -20.00   -20.00   -20.00   -20.00   -20.00   -20.00   -20.00   -20.00   -20.00   -20.00   -20.00   -20.00   -20.00   -20.00   -20.00   -20.00   -20.00   -20.00   -20.00   -20.00   -20.00   -20.00   -20.00   -20.00   -20.00   -20.00   -20.00   -20.00   -20.00   -20.00   -20.00   -20.00   -20.00   -20.00   -20.00   -20.00   -20.00   -20.00   -20.00   -20.00   -20.00   -20.00   -20.00   -20.00   -20.00   -20.00   -20.00   -20.00   -20.00   -20.00   -20.00   -20.00   -20.00   -20.00   -20.00   -20.00   -20.00   -20.00   -20.00   -20.00   -20.00   -20.00   -20.00   -20.00   -20.00   -20.00   -20.00   -20.00   -20.00   -20.00   -20.00   -20.00   -20.00   -20.00   -20.00   -20.00   -20.00   -20.00   -20.00   -20.00   -20.00 
  -20.00   -20.00   -20.00   -20.00   -20.00   -20.00   -20.00   -20.00   -20.00   -20.00   -20.00   -20.00   -20.00   -20.00   -20.00   -20.00   -20.00   -20.00   -20.00   -20.00   -20.00   -20.00   -20.00   -20.00   -20.00   -20.00   -20.00   -20.00   -20.00   -20.00   -20.00   -20.00   -20.00   -20.00   -20.00   -20.00   -20.00   -20.00   -20.00   -20.00   -20.00   -20.00   -20.00   -20.00   -20.00   -20.00   -20.00   -20.00   -20.00   -20.00   -20.00   -20.00   -20.00   -20.00   -20.00   -20.00   -20.00   -20.00   -20.00   -20.00   -20.00   -20.00   -20.00   -20.00   -20.00   -20.00   -20.00   -20.00   -20.00   -20.00   -20.00   -20.00   -20.00   -20.00   -20.00   -20.00   -20.00   -20.00   -20.00   -20.00   -20.00   -20.00   -20.00   -20.00   -20.00   -20.00   -20.00   -20.00   -20.00   -20.00   -20.00   -20.00   -20.00   -20.00   -20.00   -20.00   -20.00   -20.00   -20.00   -20.00   -20.00   -20.00   -20.00   -20.00   -20.00   -20.00   -20.00   -20.00   -20.00   -20.00   -20.00   -20.00   -20.00   -20.00   -20.00   -20.00   -20.00   -20.00   -20.00   -20.00 
  -20.00   -20.00     0.00     0.00     0.00     0.00     0.00     0.00     0.00     0.00     0.00     0.00     0.00     0.00     0.00     0.00     0.00     0.00     0.00     0.00     0.00     0.00     0.00     0.00     0.00     0.00     0.00     0.00     0.00     0.00     0.00     0.00     0.00     0.00     0.00     0.00     0.00     0.00     0.00     0.00     0.00     0.00     0.00     0.00     0.00     0.00     0.00     0.00     0.00     0.00     0.00     0.00     0.00     0.00     0.00     0.00     0.00     0.00     0.00     0.00     0.00     0.00     0.00     0.00     0.00     0.00     0.00     0.00     0.00     0.00     0.00     0.00     0.00     0.00     0.00     0.00     0.00     0.00     0.00     0.00     0.00     0.00     0.00     0.00     0.00     0.00     0.00     0.00     0.00     0.00     0.00     0.00     0.00     0.00     0.00     0.00     0.00     0.00     0.00     0.00     0.00     0.00     0.00     0.00     0.00     0.00     0.00     0.00     0.00     0.00     0.00     0.00     0.00     0.00     0.00     0.00     0.00     0.00     0.00     0.00 
  -20.00   -20.00   -20.00   -20.00   -20.00   -20.00   -20.00   -20.00   -20.00   -20.00   -20.00   -20.00   -20.00   -20.00   -20.00   -20.00   -20.00   -20.00   -20.00   -20.00   -20.00   -20.00   -20.00   -20.00   -20.00   -20.00   -20.00   -20.00   -20.00   -20.00   -20.00   -20.00   -20.00   -20.00   -20.00   -20.00   -20.00   -20.00   -20.00   -20.00   -20.00   -20.00   -20.00   -20.00   -20.00   -20.00   -20.00   -20.00   -20.00   -20.00   -20.00   -20.00   -20.00   -20.00   -20.00   -20.00   -20.00   -20.00   -20.00   -20.00   -20.00   -20.00   -20.00   -20.00   -20.00   -20.00   -20.00   -20.00   -20.00   -20.00   -20.00   -20.00   -20.00   -20.00   -20.00   -20.00   -20.00   -20.00   -20.00   -20.00   -20.00   -20.00   -20.00   -20.00   -20.00   -20.00   -20.00   -20.00   -20.00   -20.00   -20.00   -20.00   -20.00   -20.00   -20.00   -20.00   -20.00   -20.00   -20.00   -20.00   -20.00   -20.00   -20.00   -20.00   -20.00   -20.00   -20.00   -20.00   -20.00   -20.00   -20.00   -20.00   -20.00   -20.00   -20.00   -20.00   -20.00   -20.00   -20.00   -20.00 
  -20.00   -20.00   -20.00   -20.00   -20.00   -20.00   -20.00   -20.00   -20.00   -20.00   -20.00   -20.00   -20.00   -20.00   -20.00   -20.00   -20.00   -20.00   -20.00   -20.00   -20.00   -20.00   -20.00   -20.00   -20.00   -20.00   -20.00   -20.00   -20.00   -20.00   -20.00   -20.00   -20.00   -20.00   -20.00   -20.00   -20.00   -20.00   -20.00   -20.00   -20.00   -20.00   -20.00   -20.00   -20.00   -20.00   -20.00   -20.00   -20.00   -20.00   -20.00   -20.00   -20.00   -20.00   -20.00   -20.00   -20.00   -20.00   -20.00   -20.00   -20.00   -20.00   -20.00   -20.00   -20.00   -20.00   -20.00   -20.00   -20.00   -20.00   -20.00   -20.00   -20.00   -20.00   -20.00   -20.00   -20.00   -20.00   -20.00   -20.00   -20.00   -20.00   -20.00   -20.00   -20.00   -20.00   -20.00   -20.00   -20.00   -20.00   -20.00   -20.00   -20.00   -20.00   -20.00   -20.00   -20.00   -20.00   -20.00   -20.00   -20.00   -20.00   -20.00   -20.00   -20.00   -20.00   -20.00   -20.00   -20.00   -20.00   -20.00   -20.00   -20.00   -20.00   -20.00   -20.00   -20.00   -20.00   -20.00   -20.00 
    0.00     0.00     0.00     0.00     0.00     0.00     0.00     0.00     0.00     0.00     0.00     0.00     0.00     0.00     0.00     0.00     0.00     0.00     0.00     0.00     0.00     0.00     0.00     0.00     0.00     0.00     0.00     0.00     0.00     0.00     0.00     0.00     0.00     0.00     0.00     0.00     0.00     0.00     0.00     0.00     0.00     0.00     0.00     0.00     0.00     0.00     0.00     0.00     0.00     0.00     0.00     0.00     0.00     0.00     0.00     0.00     0.00     0.00     0.00     0.00     0.00     0.00     0.00     0.00     0.00     0.00     0.00     0.00     0.00     0.00     0.00     0.00     0.00     0.00     0.00     0.00     0.00     0.00     0.00     0.00     0.00     0.00     0.00     0.00     0.00     0.00     0.00     0.00     0.00     0.00     0.00     0.00     0.00     0.00     0.00     0.00     0.00     0.00     0.00     0.00     0.00     0.00     0.00     0.00     0.00     0.00     0.00     0.00     0.00     0.00     0.00     0.00     0.00     0.00     0.00     0.00     0.00     0.00   -20.00   -20.00 
  -20.00   -20.00   -20.00   -20.00   -20.00   -20.00   -20.00   -20.00   -20.00   -20.00   -20.00   -20.00   -20.00   -20.00   -20.00   -20.00   -20.00   -20.00   -20.00   -20.00   -20.00   -20.00   -20.00   -20.00   -20.00   -20.00   -20.00   -20.00   -20.00   -20.00   -20.00   -20.00   -20.00   -20.00   -20.00   -20.00   -20.00   -20.00   -20.00   -20.00   -20.00   -20.00   -20.00   -20.00   -20.00   -20.00   -20.00   -20.00   -20.00   -20.00   -20.00   -20.00   -20.00   -20.00   -20.00   -20.00   -20.00   -20.00   -20.00   -20.00   -20.00   -20.00   -20.00   -20.00   -20.00   -20.00   -20.00   -20.00   -20.00   -20.00   -20.00   -20.00   -20.00   -20.00   -20.00   -20.00   -20.00   -20.00   -20.00   -20.00   -20.00   -20.00   -20.00   -20.00   -20.00   -20.00   -20.00   -20.00   -20.00   -20.00   -20.00   -20.00   -20.00   -20.00   -20.00   -20.00   -20.00   -20.00   -20.00   -20.00   -20.00   -20.00   -20.00   -20.00   -20.00   -20.00   -20.00   -20.00   -20.00   -20.00   -20.00   -20.00   -20.00   -20.00   -20.00   -20.00   -20.00   -20.00   -20.00   -20.00 
  -20.00   -20.00   -20.00   -20.00   -20.00   -20.00   -20.00   -20.00   -20.00   -20.00   -20.00   -20.00   -20.00   -20.00   -20.00   -20.00   -20.00   -20.00   -20.00   -20.00   -20.00   -20.00   -20.00   -20.00   -20.00   -20.00   -20.00   -20.00   -20.00   -20.00   -20.00   -20.00   -20.00   -20.00   -20.00   -20.00   -20.00   -20.00   -20.00   -20.00   -20.00   -20.00   -20.00   -20.00   -20.00   -20.00   -20.00   -20.00   -20.00   -20.00   -20.00   -20.00   -20.00   -20.00   -20.00   -20.00   -20.00   -20.00   -20.00   -20.00   -20.00   -20.00   -20.00   -20.00   -20.00   -20.00   -20.00   -20.00   -20.00   -20.00   -20.00   -20.00   -20.00   -20.00   -20.00   -20.00   -20.00   -20.00   -20.00   -20.00   -20.00   -20.00   -20.00   -20.00   -20.00   -20.00   -20.00   -20.00   -20.00   -20.00   -20.00   -20.00   -20.00   -20.00   -20.00   -20.00   -20.00   -20.00   -20.00   -20.00   -20.00   -20.00   -20.00   -20.00   -20.00   -20.00   -20.00   -20.00   -20.00   -20.00   -20.00   -20.00   -20.00   -20.00   -20.00   -20.00   -20.00   -20.00   -20.00   -20.00 
  -20.00   -20.00     0.00     0.00     0.00     0.00     0.00     0.00     0.00     0.00     0.00     0.00     0.00     0.00     0.00     0.00     0.00     0.00     0.00     0.00     0.00     0.00     0.00     0.00     0.00     0.00     0.00     0.00     0.00     0.00     0.00     0.00     0.00     0.00     0.00     0.00     0.00     0.00     0.00     0.00     0.00     0.00     0.00     0.00     0.00     0.00     0.00     0.00     0.00     0.00     0.00     0.00     0.00     0.00     0.00     0.00     0.00     0.00     0.00     0.00     0.00     0.00     0.00     0.00     0.00     0.00     0.00     0.00     0.00     0.00     0.00     0.00     0.00     0.00     0.00     0.00     0.00     0.00     0.00     0.00     0.00     0.00     0.00     0.00     0.00     0.00     0.00     0.00     0.00     0.00     0.00     0.00     0.00     0.00     0.00     0.00     0.00     0.00     0.00     0.00     0.00     0.00     0.00     0.00     0.00     0.00     0.00     0.00     0.00     0.00     0.00     0.00     0.00     0.00     0.00     0.00     0.00     0.00     0.00     0.00 
  -20.00   -20.00   -20.00   -20.00   -20.00   -20.00   -20.00   -20.00   -20.00   -20.00   -20.00   -20.00   -20.00   -20.00   -20.00   -20.00   -20.00   -20.00   -20.00   -20.00   -20.00   -20.00   -20.00   -20.00   -20.00   -20.00   -20.00   -20.00   -20.00   -20.00   -20.00   -20.00   -20.00   -20.00   -20.00   -20.00   -20.00   -20.00   -20.00   -20.00   -20.00   -20.00   -20.00   -20.00   -20.00   -20.00   -20.00   -20.00   -20.00   -20.00   -20.00   -20.00   -20.00   -20.00   -20.00   -20.00   -20.00   -20.00   -20.00   -20.00   -20.00   -20.00   -20.00   -20.00   -20.00   -20.00   -20.00   -20.00   -20.00   -20.00   -20.00   -20.00   -20.00   -20.00   -20.00   -20.00   -20.00   -20.00   -20.00   -20.00   -20.00   -20.00   -20.00   -20.00   -20.00   -20.00   -20.00   -20.00   -20.00   -20.00   -20.00   -20.00   -20.00   -20.00   -20.00   -20.00   -20.00   -20.00   -20.00   -20.00   -20.00   -20.00   -20.00   -20.00   -20.00   -20.00   -20.00   -20.00   -20.00   -20.00   -20.00   -20.00   -20.00   -20.00   -20.00   -20.00   -20.00   -20.00   -20.00   -20.00 
  -20.00   -20.00   -20.00   -20.00   -20.00   -20.00   -20.00   -20.00   -20.00   -20.00   -20.00   -20.00   -20.00   -20.00   -20.00   -20.00   -20.00   -20.00   -20.00   -20.00   -20.00   -20.00   -20.00   -20.00   -20.00   -20.00   -20.00   -20.00   -20.00   -20.00   -20.00   -20.00   -20.00   -20.00   -20.00   -20.00   -20.00   -20.00   -20.00   -20.00   -20.00   -20.00   -20.00   -20.00   -20.00   -20.00   -20.00   -20.00   -20.00   -20.00   -20.00   -20.00   -20.00   -20.00   -20.00   -20.00   -20.00   -20.00   -20.00   -20.00   -20.00   -20.00   -20.00   -20.00   -20.00   -20.00   -20.00   -20.00   -20.00   -20.00   -20.00   -20.00   -20.00   -20.00   -20.00   -20.00   -20.00   -20.00   -20.00   -20.00   -20.00   -20.00   -20.00   -20.00   -20.00   -20.00   -20.00   -20.00   -20.00   -20.00   -20.00   -20.00   -20.00   -20.00   -20.00   -20.00   -20.00   -20.00   -20.00   -20.00   -20.00   -20.00   -20.00   -20.00   -20.00   -20.00   -20.00   -20.00   -20.00   -20.00   -20.00   -20.00   -20.00   -20.00   -20.00   -20.00   -20.00   -20.00   -20.00   -20.00 
    0.00     0.00     0.00     0.00     0.00     0.00     0.00     0.00     0.00     0.00     0.00     0.00     0.00     0.00     0.00     0.00     0.00     0.00     0.00     0.00     0.00     0.00     0.00     0.00     0.00     0.00     0.00     0.00     0.00     0.00     0.00     0.00     0.00     0.00     0.00     0.00     0.00     0.00     0.00     0.00     0.00     0.00     0.00     0.00     0.00     0.00     0.00     0.00     0.00     0.00     0.00     0.00     0.00     0.00     0.00     0.00     0.00     0.00     0.00     0.00     0.00     0.00     0.00     0.00     0.00     0.00     0.00     0.00     0.00     0.00     0.00     0.00     0.00     0.00     0.00     0.00     0.00     0.00     0.00     0.00     0.00     0.00     0.00     0.00     0.00     0.00     0.00     0.00     0.00     0.00     0.00     0.00     0.00     0.00     0.00     0.00     0.00     0.00     0.00     0.00     0.00     0.00     0.00     0.00     0.00     0.00     0.00     0.00     0.00     0.00     0.00     0.00     0.00     0.00     0.00     0.00     0.00     0.00   -20.00   -20.00 
  -20.00   -20.00   -20.00   -20.00   -20.00   -20.00   -20.00   -20.00   -20.00   -20.00   -20.00   -20.00   -20.00   -20.00   -20.00   -20.00   -20.00   -20.00   -20.00   -20.00   -20.00   -20.00   -20.00   -20.00   -20.00   -20.00   -20.00   -20.00   -20.00   -20.00   -20.00   -20.00   -20.00   -20.00   -20.00   -20.00   -20.00   -20.00   -20.00   -20.00   -20.00   -20.00   -20.00   -20.00   -20.00   -20.00   -20.00   -20.00   -20.00   -20.00   -20.00   -20.00   -20.00   -20.00   -20.00   -20.00   -20.00   -20.00   -20.00   -20.00   -20.00   -20.00   -20.00   -20.00   -20.00   -20.00   -20.00   -20.00   -20.00   -20.00   -20.00   -20.00   -20.00   -20.00   -20.00   -20.00   -20.00   -20.00   -20.00   -20.00   -20.00   -20.00   -20.00   -20.00   -20.00   -20.00   -20.00   -20.00   -20.00   -20.00   -20.00   -20.00   -20.00   -20.00   -20.00   -20.00   -20.00   -20.00   -20.00   -20.00   -20.00   -20.00   -20.00   -20.00   -20.00   -20.00   -20.00   -20.00   -20.00   -20.00   -20.00   -20.00   -20.00   -20.00   -20.00   -20.00   -20.00   -20.00   -20.00   -20.00 
  -20.00   -20.00   -20.00   -20.00   -20.00   -20.00   -20.00   -20.00   -20.00   -20.00   -20.00   -20.00   -20.00   -20.00   -20.00   -20.00   -20.00   -20.00   -20.00   -20.00   -20.00   -20.00   -20.00   -20.00   -20.00   -20.00   -20.00   -20.00   -20.00   -20.00   -20.00   -20.00   -20.00   -20.00   -20.00   -20.00   -20.00   -20.00   -20.00   -20.00   -20.00   -20.00   -20.00   -20.00   -20.00   -20.00   -20.00   -20.00   -20.00   -20.00   -20.00   -20.00   -20.00   -20.00   -20.00   -20.00   -20.00   -20.00   -20.00   -20.00   -20.00   -20.00   -20.00   -20.00   -20.00   -20.00   -20.00   -20.00   -20.00   -20.00   -20.00   -20.00   -20.00   -20.00   -20.00   -20.00   -20.00   -20.00   -20.00   -20.00   -20.00   -20.00   -20.00   -20.00   -20.00   -20.00   -20.00   -20.00   -20.00   -20.00   -20.00   -20.00   -20.00   -20.00   -20.00   -20.00   -20.00   -20.00   -20.00   -20.00   -20.00   -20.00   -20.00   -20.00   -20.00   -20.00   -20.00   -20.00   -20.00   -20.00   -20.00   -20.00   -20.00   -20.00   -20.00   -20.00   -20.00   -20.00   -20.00   -20.00 
  -20.00   -20.00     0.00     0.00     0.00     0.00     0.00     0.00     0.00     0.00     0.00     0.00     0.00     0.00     0.00     0.00     0.00     0.00     0.00     0.00     0.00     0.00     0.00     0.00     0.00     0.00     0.00     0.00     0.00     0.00     0.00     0.00     0.00     0.00     0.00     0.00     0.00     0.00     0.00     0.00     0.00     0.00     0.00     0.00     0.00     0.00     0.00     0.00     0.00     0.00     0.00     0.00     0.00     0.00     0.00     0.00     0.00     0.00     0.00     0.00     0.00     0.00     0.00     0.00     0.00     0.00     0.00     0.00     0.00     0.00     0.00     0.00     0.00     0.00     0.00     0.00     0.00     0.00     0.00     0.00     0.00     0.00     0.00     0.00     0.00     0.00     0.00     0.00     0.00     0.00     0.00     0.00     0.00     0.00     0.00     0.00     0.00     0.00     0.00     0.00     0.00     0.00     0.00     0.00     0.00     0.00     0.00     0.00     0.00     0.00     0.00     0.00     0.00     0.00     0.00     0.00     0.00     0.00     0.00     0.00 
  -20.00   -20.00   -20.00   -20.00   -20.00   -20.00   -20.00   -20.00   -20.00   -20.00   -20.00   -20.00   -20.00   -20.00   -20.00   -20.00   -20.00   -20.00   -20.00   -20.00   -20.00   -20.00   -20.00   -20.00   -20.00   -20.00   -20.00   -20.00   -20.00   -20.00   -20.00   -20.00   -20.00   -20.00   -20.00   -20.00   -20.00   -20.00   -20.00   -20.00   -20.00   -20.00   -20.00   -20.00   -20.00   -20.00   -20.00   -20.00   -20.00   -20.00   -20.00   -20.00   -20.00   -20.00   -20.00   -20.00   -20.00   -20.00   -20.00   -20.00   -20.00   -20.00   -20.00   -20.00   -20.00   -20.00   -20.00   -20.00   -20.00   -20.00   -20.00   -20.00   -20.00   -20.00   -20.00   -20.00   -20.00   -20.00   -20.00   -20.00   -20.00   -20.00   -20.00   -20.00   -20.00   -20.00   -20.00   -20.00   -20.00   -20.00   -20.00   -20.00   -20.00   -20.00   -20.00   -20.00   -20.00   -20.00   -20.00   -20.00   -20.00   -20.00   -20.00   -20.00   -20.00   -20.00   -20.00   -20.00   -20.00   -20.00   -20.00   -20.00   -20.00   -20.00   -20.00   -20.00   -20.00   -20.00   -20.00   -20.00 
  -20.00   -20.00   -20.00   -20.00   -20.00   -20.00   -20.00   -20.00   -20.00   -20.00   -20.00   -20.00   -20.00   -20.00   -20.00   -20.00   -20.00   -20.00   -20.00   -20.00   -20.00   -20.00   -20.00   -20.00   -20.00   -20.00   -20.00   -20.00   -20.00   -20.00   -20.00   -20.00   -20.00   -20.00   -20.00   -20.00   -20.00   -20.00   -20.00   -20.00   -20.00   -20.00   -20.00   -20.00   -20.00   -20.00   -20.00   -20.00   -20.00   -20.00   -20.00   -20.00   -20.00   -20.00   -20.00   -20.00   -20.00   -20.00   -20.00   -20.00   -20.00   -20.00   -20.00   -20.00   -20.00   -20.00   -20.00   -20.00   -20.00   -20.00   -20.00   -20.00   -20.00   -20.00   -20.00   -20.00   -20.00   -20.00   -20.00   -20.00   -20.00   -20.00   -20.00   -20.00   -20.00   -20.00   -20.00   -20.00   -20.00   -20.00   -20.00   -20.00   -20.00   -20.00   -20.00   -20.00   -20.00   -20.00   -20.00   -20.00   -20.00   -20.00   -20.00   -20.00   -20.00   -20.00   -20.00   -20.00   -20.00   -20.00   -20.00   -20.00   -20.00   -20.00   -20.00   -20.00   -20.00   -20.00   -20.00   -20.00 
    0.00     0.00     0.00     0.00     0.00     0.00     0.00     0.00     0.00     0.00     0.00     0.00     0.00     0.00     0.00     0.00     0.00     0.00     0.00     0.00     0.00     0.00     0.00     0.00     0.00     0.00     0.00     0.00     0.00     0.00     0.00     0.00     0.00     0.00     0.00     0.00     0.00     0.00     0.00     0.00     0.00     0.00     0.00     0.00     0.00     0.00     0.00     0.00     0.00     0.00     0.00     0.00     0.00     0.00     0.00     0.00     0.00     0.00     0.00     0.00     0.00     0.00     0.00     0.00     0.00     0.00     0.00     0.00     0.00     0.00     0.00     0.00     0.00     0.00     0.00     0.00     0.00     0.00     0.00     0.00     0.00     0.00     0.00     0.00     0.00     0.00     0.00     0.00     0.00     0.00     0.00     0.00     0.00     0.00     0.00     0.00     0.00     0.00     0.00     0.00     0.00     0.00     0.00     0.00     0.00     0.00     0.00     0.00     0.00     0.00     0.00     0.00     0.00     0.00     0.00     0.00     0.00     0.00   -20.00   -20.00 
  -20.00   -20.00   -20.00   -20.00   -20.00   -20.00   -20.00   -20.00   -20.00   -20.00   -20.00   -20.00   -20.00   -20.00   -20.00   -20.00   -20.00   -20.00   -20.00   -20.00   -20.00   -20.00   -20.00   -20.00   -20.00   -20.00   -20.00   -20.00   -20.00   -20.00   -20.00   -20.00   -20.00   -20.00   -20.00   -20.00   -20.00   -20.00   -20.00   -20.00   -20.00   -20.00   -20.00   -20.00   -20.00   -20.00   -20.00   -20.00   -20.00   -20.00   -20.00   -20.00   -20.00   -20.00   -20.00   -20.00   -20.00   -20.00   -20.00   -20.00   -20.00   -20.00   -20.00   -20.00   -20.00   -20.00   -20.00   -20.00   -20.00   -20.00   -20.00   -20.00   -20.00   -20.00   -20.00   -20.00   -20.00   -20.00   -20.00   -20.00   -20.00   -20.00   -20.00   -20.00   -20.00   -20.00   -20.00   -20.00   -20.00   -20.00   -20.00   -20.00   -20.00   -20.00   -20.00   -20.00   -20.00   -20.00   -20.00   -20.00   -20.00   -20.00   -20.00   -20.00   -20.00   -20.00   -20.00   -20.00   -20.00   -20.00   -20.00   -20.00   -20.00   -20.00   -20.00   -20.00   -20.00   -20.00   -20.00   -20.00 
  -20.00   -20.00   -20.00   -20.00   -20.00   -20.00   -20.00   -20.00   -20.00   -20.00   -20.00   -20.00   -20.00   -20.00   -20.00   -20.00   -20.00   -20.00   -20.00   -20.00   -20.00   -20.00   -20.00   -20.00   -20.00   -20.00   -20.00   -20.00   -20.00   -20.00   -20.00   -20.00   -20.00   -20.00   -20.00   -20.00   -20.00   -20.00   -20.00   -20.00   -20.00   -20.00   -20.00   -20.00   -20.00   -20.00   -20.00   -20.00   -20.00   -20.00   -20.00   -20.00   -20.00   -20.00   -20.00   -20.00   -20.00   -20.00   -20.00   -20.00   -20.00   -20.00   -20.00   -20.00   -20.00   -20.00   -20.00   -20.00   -20.00   -20.00   -20.00   -20.00   -20.00   -20.00   -20.00   -20.00   -20.00   -20.00   -20.00   -20.00   -20.00   -20.00   -20.00   -20.00   -20.00   -20.00   -20.00   -20.00   -20.00   -20.00   -20.00   -20.00   -20.00   -20.00   -20.00   -20.00   -20.00   -20.00   -20.00   -20.00   -20.00   -20.00   -20.00   -20.00   -20.00   -20.00   -20.00   -20.00   -20.00   -20.00   -20.00   -20.00   -20.00   -20.00   -20.00   -20.00   -20.00   -20.00   -20.00   -20.00 
  -20.00   -20.00     0.00     0.00     0.00     0.00     0.00     0.00     0.00     0.00     0.00     0.00     0.00     0.00     0.00     0.00     0.00     0.00     0.00     0.00     0.00     0.00     0.00     0.00     0.00     0.00     0.00     0.00     0.00     0.00     0.00     0.00     0.00     0.00     0.00     0.00     0.00     0.00     0.00     0.00     0.00     0.00     0.00     0.00     0.00     0.00     0.00     0.00     0.00     0.00     0.00     0.00     0.00     0.00     0.00     0.00     0.00     0.00     0.00     0.00     0.00     0.00     0.00     0.00     0.00     0.00     0.00     0.00     0.00     0.00     0.00     0.00     0.00     0.00     0.00     0.00     0.00     0.00     0.00     0.00     0.00     0.00     0.00     0.00     0.00     0.00     0.00     0.00     0.00     0.00     0.00     0.00     0.00     0.00     0.00     0.00     0.00     0.00     0.00     0.00     0.00     0.00     0.00     0.00     0.00     0.00     0.00     0.00     0.00     0.00     0.00     0.00     0.00     0.00     0.00     0.00     0.00     0.00     0.00     0.00 
  -20.00   -20.00   -20.00   -20.00   -20.00   -20.00   -20.00   -20.00   -20.00   -20.00   -20.00   -20.00   -20.00   -20.00   -20.00   -20.00   -20.00   -20.00   -20.00   -20.00   -20.00   -20.00   -20.00   -20.00   -20.00   -20.00   -20.00   -20.00   -20.00   -20.00   -20.00   -20.00   -20.00   -20.00   -20.00   -20.00   -20.00   -20.00   -20.00   -20.00   -20.00   -20.00   -20.00   -20.00   -20.00   -20.00   -20.00   -20.00   -20.00   -20.00   -20.00   -20.00   -20.00   -20.00   -20.00   -20.00   -20.00   -20.00   -20.00   -20.00   -20.00   -20.00   -20.00   -20.00   -20.00   -20.00   -20.00   -20.00   -20.00   -20.00   -20.00   -20.00   -20.00   -20.00   -20.00   -20.00   -20.00   -20.00   -20.00   -20.00   -20.00   -20.00   -20.00   -20.00   -20.00   -20.00   -20.00   -20.00   -20.00   -20.00   -20.00   -20.00   -20.00   -20.00   -20.00   -20.00   -20.00   -20.00   -20.00   -20.00   -20.00   -20.00   -20.00   -20.00   -20.00   -20.00   -20.00   -20.00   -20.00   -20.00   -20.00   -20.00   -20.00   -20.00   -20.00   -20.00   -20.00   -20.00   -20.00   -20.00 
  -20.00   -20.00   -20.00   -20.00   -20.00   -20.00   -20.00   -20.00   -20.00   -20.00   -20.00   -20.00   -20.00   -20.00   -20.00   -20.00   -20.00   -20.00   -20.00   -20.00   -20.00   -20.00   -20.00   -20.00   -20.00   -20.00   -20.00   -20.00   -20.00   -20.00   -20.00   -20.00   -20.00   -20.00   -20.00   -20.00   -20.00   -20.00   -20.00   -20.00   -20.00   -20.00   -20.00   -20.00   -20.00   -20.00   -20.00   -20.00   -20.00   -20.00   -20.00   -20.00   -20.00   -20.00   -20.00   -20.00   -20.00   -20.00   -20.00   -20.00   -20.00   -20.00   -20.00   -20.00   -20.00   -20.00   -20.00   -20.00   -20.00   -20.00   -20.00   -20.00   -20.00   -20.00   -20.00   -20.00   -20.00   -20.00   -20.00   -20.00   -20.00   -20.00   -20.00   -20.00   -20.00   -20.00   -20.00   -20.00   -20.00   -20.00   -20.00   -20.00   -20.00   -20.00   -20.00   -20.00   -20.00   -20.00   -20.00   -20.00   -20.00   -20.00   -20.00   -20.00   -20.00   -20.00   -20.00   -20.00   -20.00   -20.00   -20.00   -20.00   -20.00   -20.00   -20.00   -20.00   -20.00   -20.00   -20.00   -20.00 
    0.00     0.00     0.00     0.00     0.00     0.00     0.00     0.00     0.00     0.00     0.00     0.00     0.00     0.00     0.00     0.00     0.00     0.00     0.00     0.00     0.00     0.00     0.00     0.00     0.00     0.00     0.00     0.00     0.00     0.00     0.00     0.00     0.00     0.00     0.00     0.00     0.00     0.00     0.00     0.00     0.00     0.00     0.00     0.00     0.00     0.00     0.00     0.00     0.00     0.00     0.00     0.00     0.00     0.00     0.00     0.00     0.00     0.00     0.00     0.00     0.00     0.00     0.00     0.00     0.00     0.00     0.00     0.00     0.00     0.00     0.00     0.00     0.00     0.00     0.00     0.00     0.00     0.00     0.00     0.00     0.00     0.00     0.00     0.00     0.00     0.00     0.00     0.00     0.00     0.00     0.00     0.00     0.00     0.00     0.00     0.00     0.00     0.00     0.00     0.00     0.00     0.00     0.00     0.00     0.00     0.00     0.00     0.00     0.00     0.00     0.00     0.00     0.00     0.00     0.00     0.00     0.00     0.00   -20.00   -20.00 
  -20.00   -20.00   -20.00   -20.00   -20.00   -20.00   -20.00   -20.00   -20.00   -20.00   -20.00   -20.00   -20.00   -20.00   -20.00   -20.00   -20.00   -20.00   -20.00   -20.00   -20.00   -20.00   -20.00   -20.00   -20.00   -20.00   -20.00   -20.00   -20.00   -20.00   -20.00   -20.00   -20.00   -20.00   -20.00   -20.00   -20.00   -20.00   -20.00   -20.00   -20.00   -20.00   -20.00   -20.00   -20.00   -20.00   -20.00   -20.00   -20.00   -20.00   -20.00   -20.00   -20.00   -20.00   -20.00   -20.00   -20.00   -20.00   -20.00   -20.00   -20.00   -20.00   -20.00   -20.00   -20.00   -20.00   -20.00   -20.00   -20.00   -20.00   -20.00   -20.00   -20.00   -20.00   -20.00   -20.00   -20.00   -20.00   -20.00   -20.00   -20.00   -20.00   -20.00   -20.00   -20.00   -20.00   -20.00   -20.00   -20.00   -20.00   -20.00   -20.00   -20.00   -20.00   -20.00   -20.00   -20.00   -20.00   -20.00   -20.00   -20.00   -20.00   -20.00   -20.00   -20.00   -20.00   -20.00   -20.00   -20.00   -20.00   -20.00   -20.00   -20.00   -20.00   -20.00   -20.00   -20.00   -20.00   -20.00   -20.00 
  -20.00   -20.00   -20.00   -20.00   -20.00   -20.00   -20.00   -20.00   -20.00   -20.00   -20.00   -20.00   -20.00   -20.00   -20.00   -20.00   -20.00   -20.00   -20.00   -20.00   -20.00   -20.00   -20.00   -20.00   -20.00   -20.00   -20.00   -20.00   -20.00   -20.00   -20.00   -20.00   -20.00   -20.00   -20.00   -20.00   -20.00   -20.00   -20.00   -20.00   -20.00   -20.00   -20.00   -20.00   -20.00   -20.00   -20.00   -20.00   -20.00   -20.00   -20.00   -20.00   -20.00   -20.00   -20.00   -20.00   -20.00   -20.00   -20.00   -20.00   -20.00   -20.00   -20.00   -20.00   -20.00   -20.00   -20.00   -20.00   -20.00   -20.00   -20.00   -20.00   -20.00   -20.00   -20.00   -20.00   -20.00   -20.00   -20.00   -20.00   -20.00   -20.00   -20.00   -20.00   -20.00   -20.00   -20.00   -20.00   -20.00   -20.00   -20.00   -20.00   -20.00   -20.00   -20.00   -20.00   -20.00   -20.00   -20.00   -20.00   -20.00   -20.00   -20.00   -20.00   -20.00   -20.00   -20.00   -20.00   -20.00   -20.00   -20.00   -20.00   -20.00   -20.00   -20.00   -20.00   -20.00   -20.00   -20.00   -20.00 
  -20.00   -20.00     0.00     0.00     0.00     0.00     0.00     0.00     0.00     0.00     0.00     0.00     0.00     0.00     0.00     0.00     0.00     0.00     0.00     0.00     0.00     0.00     0.00     0.00     0.00     0.00     0.00     0.00     0.00     0.00     0.00     0.00     0.00     0.00     0.00     0.00     0.00     0.00     0.00     0.00     0.00     0.00     0.00     0.00     0.00     0.00     0.00     0.00     0.00     0.00     0.00     0.00     0.00     0.00     0.00     0.00     0.00     0.00     0.00     0.00     0.00     0.00     0.00     0.00     0.00     0.00     0.00     0.00     0.00     0.00     0.00     0.00     0.00     0.00     0.00     0.00     0.00     0.00     0.00     0.00     0.00     0.00     0.00     0.00     0.00     0.00     0.00     0.00     0.00     0.00     0.00     0.00     0.00     0.00     0.00     0.00     0.00     0.00     0.00     0.00     0.00     0.00     0.00     0.00     0.00     0.00     0.00     0.00     0.00     0.00     0.00     0.00     0.00     0.00     0.00     0.00     0.00     0.00     0.00     0.00 
  -20.00   -20.00   -20.00   -20.00   -20.00   -20.00   -20.00   -20.00   -20.00   -20.00   -20.00   -20.00   -20.00   -20.00   -20.00   -20.00   -20.00   -20.00   -20.00   -20.00   -20.00   -20.00   -20.00   -20.00   -20.00   -20.00   -20.00   -20.00   -20.00   -20.00   -20.00   -20.00   -20.00   -20.00   -20.00   -20.00   -20.00   -20.00   -20.00   -20.00   -20.00   -20.00   -20.00   -20.00   -20.00   -20.00   -20.00   -20.00   -20.00   -20.00   -20.00   -20.00   -20.00   -20.00   -20.00   -20.00   -20.00   -20.00   -20.00   -20.00   -20.00   -20.00   -20.00   -20.00   -20.00   -20.00   -20.00   -20.00   -20.00   -20.00   -20.00   -20.00   -20.00   -20.00   -20.00   -20.00   -20.00   -20.00   -20.00   -20.00   -20.00   -20.00   -20.00   -20.00   -20.00   -20.00   -20.00   -20.00   -20.00   -20.00   -20.00   -20.00   -20.00   -20.00   -20.00   -20.00   -20.00   -20.00   -20.00   -20.00   -20.00   -20.00   -20.00   -20.00   -20.00   -20.00   -20.00   -20.00   -20.00   -20.00   -20.00   -20.00   -20.00   -20.00   -20.00   -20.00   -20.00   -20.00   -20.00   -20.00 
  -20.00   -20.00   -20.00   -20.00   -20.00   -20.00   -20.00   -20.00   -20.00   -20.00   -20.00   -20.00   -20.00   -20.00   -20.00   -20.00   -20.00   -20.00   -20.00   -20.00   -20.00   -20.00   -20.00   -20.00   -20.00   -20.00   -20.00   -20.00   -20.00   -20.00   -20.00   -20.00   -20.00   -20.00   -20.00   -20.00   -20.00   -20.00   -20.00   -20.00   -20.00   -20.00   -20.00   -20.00   -20.00   -20.00   -20.00   -20.00   -20.00   -20.00   -20.00   -20.00   -20.00   -20.00   -20.00   -20.00   -20.00   -20.00   -20.00   -20.00   -20.00   -20.00   -20.00   -20.00   -20.00   -20.00   -20.00   -20.00   -20.00   -20.00   -20.00   -20.00   -20.00   -20.00   -20.00   -20.00   -20.00   -20.00   -20.00   -20.00   -20.00   -20.00   -20.00   -20.00   -20.00   -20.00   -20.00   -20.00   -20.00   -20.00   -20.00   -20.00   -20.00   -20.00   -20.00   -20.00   -20.00   -20.00   -20.00   -20.00   -20.00   -20.00   -20.00   -20.00   -20.00   -20.00   -20.00   -20.00   -20.00   -20.00   -20.00   -20.00   -20.00   -20.00   -20.00   -20.00   -20.00   -20.00   -20.00   -20.00 
    0.00     0.00     0.00     0.00     0.00     0.00     0.00     0.00     0.00     0.00     0.00     0.00     0.00     0.00     0.00     0.00     0.00     0.00     0.00     0.00     0.00     0.00     0.00     0.00     0.00     0.00     0.00     0.00     0.00     0.00     0.00     0.00     0.00     0.00     0.00     0.00     0.00     0.00     0.00     0.00     0.00     0.00     0.00     0.00     0.00     0.00     0.00     0.00     0.00     0.00     0.00     0.00     0.00     0.00     0.00     0.00     0.00     0.00     0.00     0.00     0.00     0.00     0.00     0.00     0.00     0.00     0.00     0.00     0.00     0.00     0.00     0.00     0.00     0.00     0.00     0.00     0.00     0.00     0.00     0.00     0.00     0.00     0.00     0.00     0.00     0.00     0.00     0.00     0.00     0.00     0.00     0.00     0.00     0.00     0.00     0.00     0.00     0.00     0.00     0.00     0.00     0.00     0.00     0.00     0.00     0.00     0.00     0.00     0.00     0.00     0.00     0.00     0.00     0.00     0.00     0.00     0.00     0.00   -20.00   -20.00 
  -20.00   -20.00   -20.00   -20.00   -20.00   -20.00   -20.00   -20.00   -20.00   -20.00   -20.00   -20.00   -20.00   -20.00   -20.00   -20.00   -20.00   -20.00   -20.00   -20.00   -20.00   -20.00   -20.00   -20.00   -20.00   -20.00   -20.00   -20.00   -20.00   -20.00   -20.00   -20.00   -20.00   -20.00   -20.00   -20.00   -20.00   -20.00   -20.00   -20.00   -20.00   -20.00   -20.00   -20.00   -20.00   -20.00   -20.00   -20.00   -20.00   -20.00   -20.00   -20.00   -20.00   -20.00   -20.00   -20.00   -20.00   -20.00   -20.00   -20.00   -20.00   -20.00   -20.00   -20.00   -20.00   -20.00   -20.00   -20.00   -20.00   -20.00   -20.00   -20.00   -20.00   -20.00   -20.00   -20.00   -20.00   -20.00   -20.00   -20.00   -20.00   -20.00   -20.00   -20.00   -20.00   -20.00   -20.00   -20.00   -20.00   -20.00   -20.00   -20.00   -20.00   -20.00   -20.00   -20.00   -20.00   -20.00   -20.00   -20.00   -20.00   -20.00   -20.00   -20.00   -20.00   -20.00   -20.00   -20.00   -20.00   -20.00   -20.00   -20.00   -20.00   -20.00   -20.00   -20.00   -20.00   -20.00   -20.00   -20.00 
  -20.00   -20.00   -20.00   -20.00   -20.00   -20.00   -20.00   -20.00   -20.00   -20.00   -20.00   -20.00   -20.00   -20.00   -20.00   -20.00   -20.00   -20.00   -20.00   -20.00   -20.00   -20.00   -20.00   -20.00   -20.00   -20.00   -20.00   -20.00   -20.00   -20.00   -20.00   -20.00   -20.00   -20.00   -20.00   -20.00   -20.00   -20.00   -20.00   -20.00   -20.00   -20.00   -20.00   -20.00   -20.00   -20.00   -20.00   -20.00   -20.00   -20.00   -20.00   -20.00   -20.00   -20.00   -20.00   -20.00   -20.00   -20.00   -20.00   -20.00   -20.00   -20.00   -20.00   -20.00   -20.00   -20.00   -20.00   -20.00   -20.00   -20.00   -20.00   -20.00   -20.00   -20.00   -20.00   -20.00   -20.00   -20.00   -20.00   -20.00   -20.00   -20.00   -20.00   -20.00   -20.00   -20.00   -20.00   -20.00   -20.00   -20.00   -20.00   -20.00   -20.00   -20.00   -20.00   -20.00   -20.00   -20.00   -20.00   -20.00   -20.00   -20.00   -20.00   -20.00   -20.00   -20.00   -20.00   -20.00   -20.00   -20.00   -20.00   -20.00   -20.00   -20.00   -20.00   -20.00   -20.00   -20.00   -20.00   -20.00 
  -20.00   -20.00     0.00     0.00     0.00     0.00     0.00     0.00     0.00     0.00     0.00     0.00     0.00     0.00     0.00     0.00     0.00     0.00     0.00     0.00     0.00     0.00     0.00     0.00     0.00     0.00     0.00     0.00     0.00     0.00     0.00     0.00     0.00     0.00     0.00     0.00     0.00     0.00     0.00     0.00     0.00     0.00     0.00     0.00     0.00     0.00     0.00     0.00     0.00     0.00     0.00     0.00     0.00     0.00     0.00     0.00     0.00     0.00     0.00     0.00     0.00     0.00     0.00     0.00     0.00     0.00     0.00     0.00     0.00     0.00     0.00     0.00     0.00     0.00     0.00     0.00     0.00     0.00     0.00     0.00     0.00     0.00     0.00     0.00     0.00     0.00     0.00     0.00     0.00     0.00     0.00     0.00     0.00     0.00     0.00     0.00     0.00     0.00     0.00     0.00     0.00     0.00     0.00     0.00     0.00     0.00     0.00     0.00     0.00     0.00     0.00     0.00     0.00     0.00     0.00     0.00     0.00     0.00     0.00     0.00 
  -20.00   -20.00   -20.00   -20.00   -20.00   -20.00   -20.00   -20.00   -20.00   -20.00   -20.00   -20.00   -20.00   -20.00   -20.00   -20.00   -20.00   -20.00   -20.00   -20.00   -20.00   -20.00   -20.00   -20.00   -20.00   -20.00   -20.00   -20.00   -20.00   -20.00   -20.00   -20.00   -20.00   -20.00   -20.00   -20.00   -20.00   -20.00   -20.00   -20.00   -20.00   -20.00   -20.00   -20.00   -20.00   -20.00   -20.00   -20.00   -20.00   -20.00   -20.00   -20.00   -20.00   -20.00   -20.00   -20.00   -20.00   -20.00   -20.00   -20.00   -20.00   -20.00   -20.00   -20.00   -20.00   -20.00   -20.00   -20.00   -20.00   -20.00   -20.00   -20.00   -20.00   -20.00   -20.00   -20.00   -20.00   -20.00   -20.00   -20.00   -20.00   -20.00   -20.00   -20.00   -20.00   -20.00   -20.00   -20.00   -20.00   -20.00   -20.00   -20.00   -20.00   -20.00   -20.00   -20.00   -20.00   -20.00   -20.00   -20.00   -20.00   -20.00   -20.00   -20.00   -20.00   -20.00   -20.00   -20.00   -20.00   -20.00   -20.00   -20.00   -20.00   -20.00   -20.00   -20.00   -20.00   -20.00   -20.00   -20.00 
  -20.00   -20.00   -20.00   -20.00   -20.00   -20.00   -20.00   -20.00   -20.00   -20.00   -20.00   -20.00   -20.00   -20.00   -20.00   -20.00   -20.00   -20.00   -20.00   -20.00   -20.00   -20.00   -20.00   -20.00   -20.00   -20.00   -20.00   -20.00   -20.00   -20.00   -20.00   -20.00   -20.00   -20.00   -20.00   -20.00   -20.00   -20.00   -20.00   -20.00   -20.00   -20.00   -20.00   -20.00   -20.00   -20.00   -20.00   -20.00   -20.00   -20.00   -20.00   -20.00   -20.00   -20.00   -20.00   -20.00   -20.00   -20.00   -20.00   -20.00   -20.00   -20.00   -20.00   -20.00   -20.00   -20.00   -20.00   -20.00   -20.00   -20.00   -20.00   -20.00   -20.00   -20.00   -20.00   -20.00   -20.00   -20.00   -20.00   -20.00   -20.00   -20.00   -20.00   -20.00   -20.00   -20.00   -20.00   -20.00   -20.00   -20.00   -20.00   -20.00   -20.00   -20.00   -20.00   -20.00   -20.00   -20.00   -20.00   -20.00   -20.00   -20.00   -20.00   -20.00   -20.00   -20.00   -20.00   -20.00   -20.00   -20.00   -20.00   -20.00   -20.00   -20.00   -20.00   -20.00   -20.00   -20.00   -20.00   -20.00 
    0.00     0.00     0.00     0.00     0.00     0.00     0.00     0.00     0.00     0.00     0.00     0.00     0.00     0.00     0.00     0.00     0.00     0.00     0.00     0.00     0.00     0.00     0.00     0.00     0.00     0.00     0.00     0.00     0.00     0.00     0.00     0.00     0.00     0.00     0.00     0.00     0.00     0.00     0.00     0.00     0.00     0.00     0.00     0.00     0.00     0.00     0.00     0.00     0.00     0.00     0.00     0.00     0.00     0.00     0.00     0.00     0.00     0.00     0.00     0.00     0.00     0.00     0.00     0.00     0.00     0.00     0.00     0.00     0.00     0.00     0.00     0.00     0.00     0.00     0.00     0.00     0.00     0.00     0.00     0.00     0.00     0.00     0.00     0.00     0.00     0.00     0.00     0.00     0.00     0.00     0.00     0.00     0.00     0.00     0.00     0.00     0.00     0.00     0.00     0.00     0.00     0.00     0.00     0.00     0.00     0.00     0.00     0.00     0.00     0.00     0.00     0.00     0.00     0.00     0.00     0.00     0.00     0.00   -20.00   -20.00 
  -20.00   -20.00   -20.00   -20.00   -20.00   -20.00   -20.00   -20.00   -20.00   -20.00   -20.00   -20.00   -20.00   -20.00   -20.00   -20.00   -20.00   -20.00   -20.00   -20.00   -20.00   -20.00   -20.00   -20.00   -20.00   -20.00   -20.00   -20.00   -20.00   -20.00   -20.00   -20.00   -20.00   -20.00   -20.00   -20.00   -20.00   -20.00   -20.00   -20.00   -20.00   -20.00   -20.00   -20.00   -20.00   -20.00   -20.00   -20.00   -20.00   -20.00   -20.00   -20.00   -20.00   -20.00   -20.00   -20.00   -20.00   -20.00   -20.00   -20.00   -20.00   -20.00   -20.00   -20.00   -20.00   -20.00   -20.00   -20.00   -20.00   -20.00   -20.00   -20.00   -20.00   -20.00   -20.00   -20.00   -20.00   -20.00   -20.00   -20.00   -20.00   -20.00   -20.00   -20.00   -20.00   -20.00   -20.00   -20.00   -20.00   -20.00   -20.00   -20.00   -20.00   -20.00   -20.00   -20.00   -20.00   -20.00   -20.00   -20.00   -20.00   -20.00   -20.00   -20.00   -20.00   -20.00   -20.00   -20.00   -20.00   -20.00   -20.00   -20.00   -20.00   -20.00   -20.00   -20.00   -20.00   -20.00   -20.00   -20.00 
  -20.00   -20.00   -20.00   -20.00   -20.00   -20.00   -20.00   -20.00   -20.00   -20.00   -20.00   -20.00   -20.00   -20.00   -20.00   -20.00   -20.00   -20.00   -20.00   -20.00   -20.00   -20.00   -20.00   -20.00   -20.00   -20.00   -20.00   -20.00   -20.00   -20.00   -20.00   -20.00   -20.00   -20.00   -20.00   -20.00   -20.00   -20.00   -20.00   -20.00   -20.00   -20.00   -20.00   -20.00   -20.00   -20.00   -20.00   -20.00   -20.00   -20.00   -20.00   -20.00   -20.00   -20.00   -20.00   -20.00   -20.00   -20.00   -20.00   -20.00   -20.00   -20.00   -20.00   -20.00   -20.00   -20.00   -20.00   -20.00   -20.00   -20.00   -20.00   -20.00   -20.00   -20.00   -20.00   -20.00   -20.00   -20.00   -20.00   -20.00   -20.00   -20.00   -20.00   -20.00   -20.00   -20.00   -20.00   -20.00   -20.00   -20.00   -20.00   -20.00   -20.00   -20.00   -20.00   -20.00   -20.00   -20.00   -20.00   -20.00   -20.00   -20.00   -20.00   -20.00   -20.00   -20.00   -20.00   -20.00   -20.00   -20.00   -20.00   -20.00   -20.00   -20.00   -20.00   -20.00   -20.00   -20.00   -20.00   -20.00 
  -20.00   -20.00     0.00     0.00     0.00     0.00     0.00     0.00     0.00     0.00     0.00     0.00     0.00     0.00     0.00     0.00     0.00     0.00     0.00     0.00     0.00     0.00     0.00     0.00     0.00     0.00     0.00     0.00     0.00     0.00     0.00     0.00     0.00     0.00     0.00     0.00     0.00     0.00     0.00     0.00     0.00     0.00     0.00     0.00     0.00     0.00     0.00     0.00     0.00     0.00     0.00     0.00     0.00     0.00     0.00     0.00     0.00     0.00     0.00     0.00     0.00     0.00     0.00     0.00     0.00     0.00     0.00     0.00     0.00     0.00     0.00     0.00     0.00     0.00     0.00     0.00     0.00     0.00     0.00     0.00     0.00     0.00     0.00     0.00     0.00     0.00     0.00     0.00     0.00     0.00     0.00     0.00     0.00     0.00     0.00     0.00     0.00     0.00     0.00     0.00     0.00     0.00     0.00     0.00     0.00     0.00     0.00     0.00     0.00     0.00     0.00     0.00     0.00     0.00     0.00     0.00     0.00     0.00     0.00     0.00 
  -20.00   -20.00   -20.00   -20.00   -20.00   -20.00   -20.00   -20.00   -20.00   -20.00   -20.00   -20.00   -20.00   -20.00   -20.00   -20.00   -20.00   -20.00   -20.00   -20.00   -20.00   -20.00   -20.00   -20.00   -20.00   -20.00   -20.00   -20.00   -20.00   -20.00   -20.00   -20.00   -20.00   -20.00   -20.00   -20.00   -20.00   -20.00   -20.00   -20.00   -20.00   -20.00   -20.00   -20.00   -20.00   -20.00   -20.00   -20.00   -20.00   -20.00   -20.00   -20.00   -20.00   -20.00   -20.00   -20.00   -20.00   -20.00   -20.00   -20.00   -20.00   -20.00   -20.00   -20.00   -20.00   -20.00   -20.00   -20.00   -20.00   -20.00   -20.00   -20.00   -20.00   -20.00   -20.00   -20.00   -20.00   -20.00   -20.00   -20.00   -20.00   -20.00   -20.00   -20.00   -20.00   -20.00   -20.00   -20.00   -20.00   -20.00   -20.00   -20.00   -20.00   -20.00   -20.00   -20.00   -20.00   -20.00   -20.00   -20.00   -20.00   -20.00   -20.00   -20.00   -20.00   -20.00   -20.00   -20.00   -20.00   -20.00   -20.00   -20.00   -20.00   -20.00   -20.00   -20.00   -20.00   -20.00   -20.00   -20.00 
  -20.00   -20.00   -20.00   -20.00   -20.00   -20.00   -20.00   -20.00   -20.00   -20.00   -20.00   -20.00   -20.00   -20.00   -20.00   -20.00   -20.00   -20.00   -20.00   -20.00   -20.00   -20.00   -20.00   -20.00   -20.00   -20.00   -20.00   -20.00   -20.00   -20.00   -20.00   -20.00   -20.00   -20.00   -20.00   -20.00   -20.00   -20.00   -20.00   -20.00   -20.00   -20.00   -20.00   -20.00   -20.00   -20.00   -20.00   -20.00   -20.00   -20.00   -20.00   -20.00   -20.00   -20.00   -20.00   -20.00   -20.00   -20.00   -20.00   -20.00   -20.00   -20.00   -20.00   -20.00   -20.00   -20.00   -20.00   -20.00   -20.00   -20.00   -20.00   -20.00   -20.00   -20.00   -20.00   -20.00   -20.00   -20.00   -20.00   -20.00   -20.00   -20.00   -20.00   -20.00   -20.00   -20.00   -20.00   -20.00   -20.00   -20.00   -20.00   -20.00   -20.00   -20.00   -20.00   -20.00   -20.00   -20.00   -20.00   -20.00   -20.00   -20.00   -20.00   -20.00   -20.00   -20.00   -20.00   -20.00   -20.00   -20.00   -20.00   -20.00   -20.00   -20.00   -20.00   -20.00   -20.00   -20.00   -20.00   -20.00 
    0.00     0.00     0.00     0.00     0.00     0.00     0.00     0.00     0.00     0.00     0.00     0.00     0.00     0.00     0.00     0.00     0.00     0.00     0.00     0.00     0.00     0.00     0.00     0.00     0.00     0.00     0.00     0.00     0.00     0.00     0.00     0.00     0.00     0.00     0.00     0.00     0.00     0.00     0.00     0.00     0.00     0.00     0.00     0.00     0.00     0.00     0.00     0.00     0.00     0.00     0.00     0.00     0.00     0.00     0.00     0.00     0.00     0.00     0.00     0.00     0.00     0.00     0.00     0.00     0.00     0.00     0.00     0.00     0.00     0.00     0.00     0.00     0.00     0.00     0.00     0.00     0.00     0.00     0.00     0.00     0.00     0.00     0.00     0.00     0.00     0.00     0.00     0.00     0.00     0.00     0.00     0.00     0.00     0.00     0.00     0.00     0.00     0.00     0.00     0.00     0.00     0.00     0.00     0.00     0.00     0.00     0.00     0.00     0.00     0.00     0.00     0.00     0.00     0.00     0.00     0.00     0.00     0.00   -20.00   -20.00 
  -20.00   -20.00   -20.00   -20.00   -20.00   -20.00   -20.00   -20.00   -20.00   -20.00   -20.00   -20.00   -20.00   -20.00   -20.00   -20.00   -20.00   -20.00   -20.00   -20.00   -20.00   -20.00   -20.00   -20.00   -20.00   -20.00   -20.00   -20.00   -20.00   -20.00   -20.00   -20.00   -20.00   -20.00   -20.00   -20.00   -20.00   -20.00   -20.00   -20.00   -20.00   -20.00   -20.00   -20.00   -20.00   -20.00   -20.00   -20.00   -20.00   -20.00   -20.00   -20.00   -20.00   -20.00   -20.00   -20.00   -20.00   -20.00   -20.00   -20.00   -20.00   -20.00   -20.00   -20.00   -20.00   -20.00   -20.00   -20.00   -20.00   -20.00   -20.00   -20.00   -20.00   -20.00   -20.00   -20.00   -20.00   -20.00   -20.00   -20.00   -20.00   -20.00   -20.00   -20.00   -20.00   -20.00   -20.00   -20.00   -20.00   -20.00   -20.00   -20.00   -20.00   -20.00   -20.00   -20.00   -20.00   -20.00   -20.00   -20.00   -20.00   -20.00   -20.00   -20.00   -20.00   -20.00   -20.00   -20.00   -20.00   -20.00   -20.00   -20.00   -20.00   -20.00   -20.00   -20.00   -20.00   -20.00   -20.00   -20.00 
  -20.00   -20.00   -20.00   -20.00   -20.00   -20.00   -20.00   -20.00   -20.00   -20.00   -20.00   -20.00   -20.00   -20.00   -20.00   -20.00   -20.00   -20.00   -20.00   -20.00   -20.00   -20.00   -20.00   -20.00   -20.00   -20.00   -20.00   -20.00   -20.00   -20.00   -20.00   -20.00   -20.00   -20.00   -20.00   -20.00   -20.00   -20.00   -20.00   -20.00   -20.00   -20.00   -20.00   -20.00   -20.00   -20.00   -20.00   -20.00   -20.00   -20.00   -20.00   -20.00   -20.00   -20.00   -20.00   -20.00   -20.00   -20.00   -20.00   -20.00   -20.00   -20.00   -20.00   -20.00   -20.00   -20.00   -20.00   -20.00   -20.00   -20.00   -20.00   -20.00   -20.00   -20.00   -20.00   -20.00   -20.00   -20.00   -20.00   -20.00   -20.00   -20.00   -20.00   -20.00   -20.00   -20.00   -20.00   -20.00   -20.00   -20.00   -20.00   -20.00   -20.00   -20.00   -20.00   -20.00   -20.00   -20.00   -20.00   -20.00   -20.00   -20.00   -20.00   -20.00   -20.00   -20.00   -20.00   -20.00   -20.00   -20.00   -20.00   -20.00   -20.00   -20.00   -20.00   -20.00   -20.00   -20.00   -20.00   -20.00 
  -20.00   -20.00     0.00     0.00     0.00     0.00     0.00     0.00     0.00     0.00     0.00     0.00     0.00     0.00     0.00     0.00     0.00     0.00     0.00     0.00     0.00     0.00     0.00     0.00     0.00     0.00     0.00     0.00     0.00     0.00     0.00     0.00     0.00     0.00     0.00     0.00     0.00     0.00     0.00     0.00     0.00     0.00     0.00     0.00     0.00     0.00     0.00     0.00     0.00     0.00     0.00     0.00     0.00     0.00     0.00     0.00     0.00     0.00     0.00     0.00     0.00     0.00     0.00     0.00     0.00     0.00     0.00     0.00     0.00     0.00     0.00     0.00     0.00     0.00     0.00     0.00     0.00     0.00     0.00     0.00     0.00     0.00     0.00     0.00     0.00     0.00     0.00     0.00     0.00     0.00     0.00     0.00     0.00     0.00     0.00     0.00     0.00     0.00     0.00     0.00     0.00     0.00     0.00     0.00     0.00     0.00     0.00     0.00     0.00     0.00     0.00     0.00     0.00     0.00     0.00     0.00     0.00     0.00     0.00     0.00 
  -20.00   -20.00   -20.00   -20.00   -20.00   -20.00   -20.00   -20.00   -20.00   -20.00   -20.00   -20.00   -20.00   -20.00   -20.00   -20.00   -20.00   -20.00   -20.00   -20.00   -20.00   -20.00   -20.00   -20.00   -20.00   -20.00   -20.00   -20.00   -20.00   -20.00   -20.00   -20.00   -20.00   -20.00   -20.00   -20.00   -20.00   -20.00   -20.00   -20.00   -20.00   -20.00   -20.00   -20.00   -20.00   -20.00   -20.00   -20.00   -20.00   -20.00   -20.00   -20.00   -20.00   -20.00   -20.00   -20.00   -20.00   -20.00   -20.00   -20.00   -20.00   -20.00   -20.00   -20.00   -20.00   -20.00   -20.00   -20.00   -20.00   -20.00   -20.00   -20.00   -20.00   -20.00   -20.00   -20.00   -20.00   -20.00   -20.00   -20.00   -20.00   -20.00   -20.00   -20.00   -20.00   -20.00   -20.00   -20.00   -20.00   -20.00   -20.00   -20.00   -20.00   -20.00   -20.00   -20.00   -20.00   -20.00   -20.00   -20.00   -20.00   -20.00   -20.00   -20.00   -20.00   -20.00   -20.00   -20.00   -20.00   -20.00   -20.00   -20.00   -20.00   -20.00   -20.00   -20.00   -20.00   -20.00   -20.00   -20.00 
  -20.00   -20.00   -20.00   -20.00   -20.00   -20.00   -20.00   -20.00   -20.00   -20.00   -20.00   -20.00   -20.00   -20.00   -20.00   -20.00   -20.00   -20.00   -20.00   -20.00   -20.00   -20.00   -20.00   -20.00   -20.00   -20.00   -20.00   -20.00   -20.00   -20.00   -20.00   -20.00   -20.00   -20.00   -20.00   -20.00   -20.00   -20.00   -20.00   -20.00   -20.00   -20.00   -20.00   -20.00   -20.00   -20.00   -20.00   -20.00   -20.00   -20.00   -20.00   -20.00   -20.00   -20.00   -20.00   -20.00   -20.00   -20.00   -20.00   -20.00   -20.00   -20.00   -20.00   -20.00   -20.00   -20.00   -20.00   -20.00   -20.00   -20.00   -20.00   -20.00   -20.00   -20.00   -20.00   -20.00   -20.00   -20.00   -20.00   -20.00   -20.00   -20.00   -20.00   -20.00   -20.00   -20.00   -20.00   -20.00   -20.00   -20.00   -20.00   -20.00   -20.00   -20.00   -20.00   -20.00   -20.00   -20.00   -20.00   -20.00   -20.00   -20.00   -20.00   -20.00   -20.00   -20.00   -20.00   -20.00   -20.00   -20.00   -20.00   -20.00   -20.00   -20.00   -20.00   -20.00   -20.00   -20.00   -20.00   -20.00 
    0.00     0.00     0.00     0.00     0.00     0.00     0.00     0.00     0.00     0.00     0.00     0.00     0.00     0.00     0.00     0.00     0.00     0.00     0.00     0.00     0.00     0.00     0.00     0.00     0.00     0.00     0.00     0.00     0.00     0.00     0.00     0.00     0.00     0.00     0.00     0.00     0.00     0.00     0.00     0.00     0.00     0.00     0.00     0.00     0.00     0.00     0.00     0.00     0.00     0.00     0.00     0.00     0.00     0.00     0.00     0.00     0.00     0.00     0.00     0.00     0.00     0.00     0.00     0.00     0.00     0.00     0.00     0.00     0.00     0.00     0.00     0.00     0.00     0.00     0.00     0.00     0.00     0.00     0.00     0.00     0.00     0.00     0.00     0.00     0.00     0.00     0.00     0.00     0.00     0.00     0.00     0.00     0.00     0.00     0.00     0.00     0.00     0.00     0.00     0.00     0.00     0.00     0.00     0.00     0.00     0.00     0.00     0.00     0.00     0.00     0.00     0.00     0.00     0.00     0.00     0.00     0.00     0.00   -20.00   -20.00 
  -20.00   -20.00   -20.00   -20.00   -20.00   -20.00   -20.00   -20.00   -20.00   -20.00   -20.00   -20.00   -20.00   -20.00   -20.00   -20.00   -20.00   -20.00   -20.00   -20.00   -20.00   -20.00   -20.00   -20.00   -20.00   -20.00   -20.00   -20.00   -20.00   -20.00   -20.00   -20.00   -20.00   -20.00   -20.00   -20.00   -20.00   -20.00   -20.00   -20.00   -20.00   -20.00   -20.00   -20.00   -20.00   -20.00   -20.00   -20.00   -20.00   -20.00   -20.00   -20.00   -20.00   -20.00   -20.00   -20.00   -20.00   -20.00   -20.00   -20.00   -20.00   -20.00   -20.00   -20.00   -20.00   -20.00   -20.00   -20.00   -20.00   -20.00   -20.00   -20.00   -20.00   -20.00   -20.00   -20.00   -20.00   -20.00   -20.00   -20.00   -20.00   -20.00   -20.00   -20.00   -20.00   -20.00   -20.00   -20.00   -20.00   -20.00   -20.00   -20.00   -20.00   -20.00   -20.00   -20.00   -20.00   -20.00   -20.00   -20.00   -20.00   -20.00   -20.00   -20.00   -20.00   -20.00   -20.00   -20.00   -20.00   -20.00   -20.00   -20.00   -20.00   -20.00   -20.00   -20.00   -20.00   -20.00   -20.00   -20.00 
  -20.00   -20.00   -20.00   -20.00   -20.00   -20.00   -20.00   -20.00   -20.00   -20.00   -20.00   -20.00   -20.00   -20.00   -20.00   -20.00   -20.00   -20.00   -20.00   -20.00   -20.00   -20.00   -20.00   -20.00   -20.00   -20.00   -20.00   -20.00   -20.00   -20.00   -20.00   -20.00   -20.00   -20.00   -20.00   -20.00   -20.00   -20.00   -20.00   -20.00   -20.00   -20.00   -20.00   -20.00   -20.00   -20.00   -20.00   -20.00   -20.00   -20.00   -20.00   -20.00   -20.00   -20.00   -20.00   -20.00   -20.00   -20.00   -20.00   -20.00   -20.00   -20.00   -20.00   -20.00   -20.00   -20.00   -20.00   -20.00   -20.00   -20.00   -20.00   -20.00   -20.00   -20.00   -20.00   -20.00   -20.00   -20.00   -20.00   -20.00   -20.00   -20.00   -20.00   -20.00   -20.00   -20.00   -20.00   -20.00   -20.00   -20.00   -20.00   -20.00   -20.00   -20.00   -20.00   -20.00   -20.00   -20.00   -20.00   -20.00   -20.00   -20.00   -20.00   -20.00   -20.00   -20.00   -20.00   -20.00   -20.00   -20.00   -20.00   -20.00   -20.00   -20.00   -20.00   -20.00   -20.00   -20.00   -20.00   -20.00 
  -20.00   -20.00     0.00     0.00     0.00     0.00     0.00     0.00     0.00     0.00     0.00     0.00     0.00     0.00     0.00     0.00     0.00     0.00     0.00     0.00     0.00     0.00     0.00     0.00     0.00     0.00     0.00     0.00     0.00     0.00     0.00     0.00     0.00     0.00     0.00     0.00     0.00     0.00     0.00     0.00     0.00     0.00     0.00     0.00     0.00     0.00     0.00     0.00     0.00     0.00     0.00     0.00     0.00     0.00     0.00     0.00     0.00     0.00     0.00     0.00     0.00     0.00     0.00     0.00     0.00     0.00     0.00     0.00     0.00     0.00     0.00     0.00     0.00     0.00     0.00     0.00     0.00     0.00     0.00     0.00     0.00     0.00     0.00     0.00     0.00     0.00     0.00     0.00     0.00     0.00     0.00     0.00     0.00     0.00     0.00     0.00     0.00     0.00     0.00     0.00     0.00     0.00     0.00     0.00     0.00     0.00     0.00     0.00     0.00     0.00     0.00     0.00     0.00     0.00     0.00     0.00     0.00     0.00     0.00     0.00 
  -20.00   -20.00   -20.00   -20.00   -20.00   -20.00   -20.00   -20.00   -20.00   -20.00   -20.00   -20.00   -20.00   -20.00   -20.00   -20.00   -20.00   -20.00   -20.00   -20.00   -20.00   -20.00   -20.00   -20.00   -20.00   -20.00   -20.00   -20.00   -20.00   -20.00   -20.00   -20.00   -20.00   -20.00   -20.00   -20.00   -20.00   -20.00   -20.00   -20.00   -20.00   -20.00   -20.00   -20.00   -20.00   -20.00   -20.00   -20.00   -20.00   -20.00   -20.00   -20.00   -20.00   -20.00   -20.00   -20.00   -20.00   -20.00   -20.00   -20.00   -20.00   -20.00   -20.00   -20.00   -20.00   -20.00   -20.00   -20.00   -20.00   -20.00   -20.00   -20.00   -20.00   -20.00   -20.00   -20.00   -20.00   -20.00   -20.00   -20.00   -20.00   -20.00   -20.00   -20.00   -20.00   -20.00   -20.00   -20.00   -20.00   -20.00   -20.00   -20.00   -20.00   -20.00   -20.00   -20.00   -20.00   -20.00   -20.00   -20.00   -20.00   -20.00   -20.00   -20.00   -20.00   -20.00   -20.00   -20.00   -20.00   -20.00   -20.00   -20.00   -20.00   -20.00   -20.00   -20.00   -20.00   -20.00   -20.00   -20.00 
  -20.00   -20.00   -20.00   -20.00   -20.00   -20.00   -20.00   -20.00   -20.00   -20.00   -20.00   -20.00   -20.00   -20.00   -20.00   -20.00   -20.00   -20.00   -20.00   -20.00   -20.00   -20.00   -20.00   -20.00   -20.00   -20.00   -20.00   -20.00   -20.00   -20.00   -20.00   -20.00   -20.00   -20.00   -20.00   -20.00   -20.00   -20.00   -20.00   -20.00   -20.00   -20.00   -20.00   -20.00   -20.00   -20.00   -20.00   -20.00   -20.00   -20.00   -20.00   -20.00   -20.00   -20.00   -20.00   -20.00   -20.00   -20.00   -20.00   -20.00   -20.00   -20.00   -20.00   -20.00   -20.00   -20.00   -20.00   -20.00   -20.00   -20.00   -20.00   -20.00   -20.00   -20.00   -20.00   -20.00   -20.00   -20.00   -20.00   -20.00   -20.00   -20.00   -20.00   -20.00   -20.00   -20.00   -20.00   -20.00   -20.00   -20.00   -20.00   -20.00   -20.00   -20.00   -20.00   -20.00   -20.00   -20.00   -20.00   -20.00   -20.00   -20.00   -20.00   -20.00   -20.00   -20.00   -20.00   -20.00   -20.00   -20.00   -20.00   -20.00   -20.00   -20.00   -20.00   -20.00   -20.00   -20.00   -20.00   -20.00 
    0.00     0.00     0.00     0.00     0.00     0.00     0.00     0.00     0.00     0.00     0.00     0.00     0.00     0.00     0.00     0.00     0.00     0.00     0.00     0.00     0.00     0.00     0.00     0.00     0.00     0.00     0.00     0.00     0.00     0.00     0.00     0.00     0.00     0.00     0.00     0.00     0.00     0.00     0.00     0.00     0.00     0.00     0.00     0.00     0.00     0.00     0.00     0.00     0.00     0.00     0.00     0.00     0.00     0.00     0.00     0.00     0.00     0.00     0.00     0.00     0.00     0.00     0.00     0.00     0.00     0.00     0.00     0.00     0.00     0.00     0.00     0.00     0.00     0.00     0.00     0.00     0.00     0.00     0.00     0.00     0.00     0.00     0.00     0.00     0.00     0.00     0.00     0.00     0.00     0.00     0.00     0.00     0.00     0.00     0.00     0.00     0.00     0.00     0.00     0.00     0.00     0.00     0.00     0.00     0.00     0.00     0.00     0.00     0.00     0.00     0.00     0.00     0.00     0.00     0.00     0.00     0.00     0.00   -20.00   -20.00 
  -20.00   -20.00   -20.00   -20.00   -20.00   -20.00   -20.00   -20.00   -20.00   -20.00   -20.00   -20.00   -20.00   -20.00   -20.00   -20.00   -20.00   -20.00   -20.00   -20.00   -20.00   -20.00   -20.00   -20.00   -20.00   -20.00   -20.00   -20.00   -20.00   -20.00   -20.00   -20.00   -20.00   -20.00   -20.00   -20.00   -20.00   -20.00   -20.00   -20.00   -20.00   -20.00   -20.00   -20.00   -20.00   -20.00   -20.00   -20.00   -20.00   -20.00   -20.00   -20.00   -20.00   -20.00   -20.00   -20.00   -20.00   -20.00   -20.00   -20.00   -20.00   -20.00   -20.00   -20.00   -20.00   -20.00   -20.00   -20.00   -20.00   -20.00   -20.00   -20.00   -20.00   -20.00   -20.00   -20.00   -20.00   -20.00   -20.00   -20.00   -20.00   -20.00   -20.00   -20.00   -20.00   -20.00   -20.00   -20.00   -20.00   -20.00   -20.00   -20.00   -20.00   -20.00   -20.00   -20.00   -20.00   -20.00   -20.00   -20.00   -20.00   -20.00   -20.00   -20.00   -20.00   -20.00   -20.00   -20.00   -20.00   -20.00   -20.00   -20.00   -20.00   -20.00   -20.00   -20.00   -20.00   -20.00   -20.00   -20.00 
  -20.00   -20.00   -20.00   -20.00   -20.00   -20.00   -20.00   -20.00   -20.00   -20.00   -20.00   -20.00   -20.00   -20.00   -20.00   -20.00   -20.00   -20.00   -20.00   -20.00   -20.00   -20.00   -20.00   -20.00   -20.00   -20.00   -20.00   -20.00   -20.00   -20.00   -20.00   -20.00   -20.00   -20.00   -20.00   -20.00   -20.00   -20.00   -20.00   -20.00   -20.00   -20.00   -20.00   -20.00   -20.00   -20.00   -20.00   -20.00   -20.00   -20.00   -20.00   -20.00   -20.00   -20.00   -20.00   -20.00   -20.00   -20.00   -20.00   -20.00   -20.00   -20.00   -20.00   -20.00   -20.00   -20.00   -20.00   -20.00   -20.00   -20.00   -20.00   -20.00   -20.00   -20.00   -20.00   -20.00   -20.00   -20.00   -20.00   -20.00   -20.00   -20.00   -20.00   -20.00   -20.00   -20.00   -20.00   -20.00   -20.00   -20.00   -20.00   -20.00   -20.00   -20.00   -20.00   -20.00   -20.00   -20.00   -20.00   -20.00   -20.00   -20.00   -20.00   -20.00   -20.00   -20.00   -20.00   -20.00   -20.00   -20.00   -20.00   -20.00   -20.00   -20.00   -20.00   -20.00   -20.00   -20.00   -20.00   -20.00 
  -20.00   -20.00     0.00     0.00     0.00     0.00     0.00     0.00     0.00     0.00     0.00     0.00     0.00     0.00     0.00     0.00     0.00     0.00     0.00     0.00     0.00     0.00     0.00     0.00     0.00     0.00     0.00     0.00     0.00     0.00     0.00     0.00     0.00     0.00     0.00     0.00     0.00     0.00     0.00     0.00     0.00     0.00     0.00     0.00     0.00     0.00     0.00     0.00     0.00     0.00     0.00     0.00     0.00     0.00     0.00     0.00     0.00     0.00     0.00     0.00     0.00     0.00     0.00     0.00     0.00     0.00     0.00     0.00     0.00     0.00     0.00     0.00     0.00     0.00     0.00     0.00     0.00     0.00     0.00     0.00     0.00     0.00     0.00     0.00     0.00     0.00     0.00     0.00     0.00     0.00     0.00     0.00     0.00     0.00     0.00     0.00     0.00     0.00     0.00     0.00     0.00     0.00     0.00     0.00     0.00     0.00     0.00     0.00     0.00     0.00     0.00     0.00     0.00     0.00     0.00     0.00     0.00     0.00     0.00     0.00 
  -20.00   -20.00   -20.00   -20.00   -20.00   -20.00   -20.00   -20.00   -20.00   -20.00   -20.00   -20.00   -20.00   -20.00   -20.00   -20.00   -20.00   -20.00   -20.00   -20.00   -20.00   -20.00   -20.00   -20.00   -20.00   -20.00   -20.00   -20.00   -20.00   -20.00   -20.00   -20.00   -20.00   -20.00   -20.00   -20.00   -20.00   -20.00   -20.00   -20.00   -20.00   -20.00   -20.00   -20.00   -20.00   -20.00   -20.00   -20.00   -20.00   -20.00   -20.00   -20.00   -20.00   -20.00   -20.00   -20.00   -20.00   -20.00   -20.00   -20.00   -20.00   -20.00   -20.00   -20.00   -20.00   -20.00   -20.00   -20.00   -20.00   -20.00   -20.00   -20.00   -20.00   -20.00   -20.00   -20.00   -20.00   -20.00   -20.00   -20.00   -20.00   -20.00   -20.00   -20.00   -20.00   -20.00   -20.00   -20.00   -20.00   -20.00   -20.00   -20.00   -20.00   -20.00   -20.00   -20.00   -20.00   -20.00   -20.00   -20.00   -20.00   -20.00   -20.00   -20.00   -20.00   -20.00   -20.00   -20.00   -20.00   -20.00   -20.00   -20.00   -20.00   -20.00   -20.00   -20.00   -20.00   -20.00   -20.00   -20.00 
  -20.00   -20.00   -20.00   -20.00   -20.00   -20.00   -20.00   -20.00   -20.00   -20.00   -20.00   -20.00   -20.00   -20.00   -20.00   -20.00   -20.00   -20.00   -20.00   -20.00   -20.00   -20.00   -20.00   -20.00   -20.00   -20.00   -20.00   -20.00   -20.00   -20.00   -20.00   -20.00   -20.00   -20.00   -20.00   -20.00   -20.00   -20.00   -20.00   -20.00   -20.00   -20.00   -20.00   -20.00   -20.00   -20.00   -20.00   -20.00   -20.00   -20.00   -20.00   -20.00   -20.00   -20.00   -20.00   -20.00   -20.00   -20.00   -20.00   -20.00   -20.00   -20.00   -20.00   -20.00   -20.00   -20.00   -20.00   -20.00   -20.00   -20.00   -20.00   -20.00   -20.00   -20.00   -20.00   -20.00   -20.00   -20.00   -20.00   -20.00   -20.00   -20.00   -20.00   -20.00   -20.00   -20.00   -20.00   -20.00   -20.00   -20.00   -20.00   -20.00   -20.00   -20.00   -20.00   -20.00   -20.00   -20.00   -20.00   -20.00   -20.00   -20.00   -20.00   -20.00   -20.00   -20.00   -20.00   -20.00   -20.00   -20.00   -20.00   -20.00   -20.00   -20.00   -20.00   -20.00   -20.00   -20.00   -20.00   -20.00 
    0.00     0.00     0.00     0.00     0.00     0.00     0.00     0.00     0.00     0.00     0.00     0.00     0.00     0.00     0.00     0.00     0.00     0.00     0.00     0.00     0.00     0.00     0.00     0.00     0.00     0.00     0.00     0.00     0.00     0.00     0.00     0.00     0.00     0.00     0.00     0.00     0.00     0.00     0.00     0.00     0.00     0.00     0.00     0.00     0.00     0.00     0.00     0.00     0.00     0.00     0.00     0.00     0.00     0.00     0.00     0.00     0.00     0.00     0.00     0.00     0.00     0.00     0.00     0.00     0.00     0.00     0.00     0.00     0.00     0.00     0.00     0.00     0.00     0.00     0.00     0.00     0.00     0.00     0.00     0.00     0.00     0.00     0.00     0.00     0.00     0.00     0.00     0.00     0.00     0.00     0.00     0.00     0.00     0.00     0.00     0.00     0.00     0.00     0.00     0.00     0.00     0.00     0.00     0.00     0.00     0.00     0.00     0.00     0.00     0.00     0.00     0.00     0.00     0.00     0.00     0.00     0.00     0.00   -20.00   -20.00 
  -20.00   -20.00   -20.00   -20.00   -20.00   -20.00   -20.00   -20.00   -20.00   -20.00   -20.00   -20.00   -20.00   -20.00   -20.00   -20.00   -20.00   -20.00   -20.00   -20.00   -20.00   -20.00   -20.00   -20.00   -20.00   -20.00   -20.00   -20.00   -20.00   -20.00   -20.00   -20.00   -20.00   -20.00   -20.00   -20.00   -20.00   -20.00   -20.00   -20.00   -20.00   -20.00   -20.00   -20.00   -20.00   -20.00   -20.00   -20.00   -20.00   -20.00   -20.00   -20.00   -20.00   -20.00   -20.00   -20.00   -20.00   -20.00   -20.00   -20.00   -20.00   -20.00   -20.00   -20.00   -20.00   -20.00   -20.00   -20.00   -20.00   -20.00   -20.00   -20.00   -20.00   -20.00   -20.00   -20.00   -20.00   -20.00   -20.00   -20.00   -20.00   -20.00   -20.00   -20.00   -20.00   -20.00   -20.00   -20.00   -20.00   -20.00   -20.00   -20.00   -20.00   -20.00   -20.00   -20.00   -20.00   -20.00   -20.00   -20.00   -20.00   -20.00   -20.00   -20.00   -20.00   -20.00   -20.00   -20.00   -20.00   -20.00   -20.00   -20.00   -20.00   -20.00   -20.00   -20.00   -20.00   -20.00   -20.00   -20.00 
  -20.00   -20.00   -20.00   -20.00   -20.00   -20.00   -20.00   -20.00   -20.00   -20.00   -20.00   -20.00   -20.00   -20.00   -20.00   -20.00   -20.00   -20.00   -20.00   -20.00   -20.00   -20.00   -20.00   -20.00   -20.00   -20.00   -20.00   -20.00   -20.00   -20.00   -20.00   -20.00   -20.00   -20.00   -20.00   -20.00   -20.00   -20.00   -20.00   -20.00   -20.00   -20.00   -20.00   -20.00   -20.00   -20.00   -20.00   -20.00   -20.00   -20.00   -20.00   -20.00   -20.00   -20.00   -20.00   -20.00   -20.00   -20.00   -20.00   -20.00   -20.00   -20.00   -20.00   -20.00   -20.00   -20.00   -20.00   -20.00   -20.00   -20.00   -20.00   -20.00   -20.00   -20.00   -20.00   -20.00   -20.00   -20.00   -20.00   -20.00   -20.00   -20.00   -20.00   -20.00   -20.00   -20.00   -20.00   -20.00   -20.00   -20.00   -20.00   -20.00   -20.00   -20.00   -20.00   -20.00   -20.00   -20.00   -20.00   -20.00   -20.00   -20.00   -20.00   -20.00   -20.00   -20.00   -20.00   -20.00   -20.00   -20.00   -20.00   -20.00   -20.00   -20.00   -20.00   -20.00   -20.00   -20.00   -20.00   -20.00 
  -20.00   -20.00     0.00     0.00     0.00     0.00     0.00     0.00     0.00     0.00     0.00     0.00     0.00     0.00     0.00     0.00     0.00     0.00     0.00     0.00     0.00     0.00     0.00     0.00     0.00     0.00     0.00     0.00     0.00     0.00     0.00     0.00     0.00     0.00     0.00     0.00     0.00     0.00     0.00     0.00     0.00     0.00     0.00     0.00     0.00     0.00     0.00     0.00     0.00     0.00     0.00     0.00     0.00     0.00     0.00     0.00     0.00     0.00     0.00     0.00     0.00     0.00     0.00     0.00     0.00     0.00     0.00     0.00     0.00     0.00     0.00     0.00     0.00     0.00     0.00     0.00     0.00     0.00     0.00     0.00     0.00     0.00     0.00     0.00     0.00     0.00     0.00     0.00     0.00     0.00     0.00     0.00     0.00     0.00     0.00     0.00     0.00     0.00     0.00     0.00     0.00     0.00     0.00     0.00     0.00     0.00     0.00     0.00     0.00     0.00     0.00     0.00     0.00     0.00     0.00     0.00     0.00     0.00     0.00     0.00 
  -20.00   -20.00   -20.00   -20.00   -20.00   -20.00   -20.00   -20.00   -20.00   -20.00   -20.00   -20.00   -20.00   -20.00   -20.00   -20.00   -20.00   -20.00   -20.00   -20.00   -20.00   -20.00   -20.00   -20.00   -20.00   -20.00   -20.00   -20.00   -20.00   -20.00   -20.00   -20.00   -20.00   -20.00   -20.00   -20.00   -20.00   -20.00   -20.00   -20.00   -20.00   -20.00   -20.00   -20.00   -20.00   -20.00   -20.00   -20.00   -20.00   -20.00   -20.00   -20.00   -20.00   -20.00   -20.00   -20.00   -20.00   -20.00   -20.00   -20.00   -20.00   -20.00   -20.00   -20.00   -20.00   -20.00   -20.00   -20.00   -20.00   -20.00   -20.00   -20.00   -20.00   -20.00   -20.00   -20.00   -20.00   -20.00   -20.00   -20.00   -20.00   -20.00   -20.00   -20.00   -20.00   -20.00   -20.00   -20.00   -20.00   -20.00   -20.00   -20.00   -20.00   -20.00   -20.00   -20.00   -20.00   -20.00   -20.00   -20.00   -20.00   -20.00   -20.00   -20.00   -20.00   -20.00   -20.00   -20.00   -20.00   -20.00   -20.00   -20.00   -20.00   -20.00   -20.00   -20.00   -20.00   -20.00   -20.00   -20.00 
  -20.00   -20.00   -20.00   -20.00   -20.00   -20.00   -20.00   -20.00   -20.00   -20.00   -20.00   -20.00   -20.00   -20.00   -20.00   -20.00   -20.00   -20.00   -20.00   -20.00   -20.00   -20.00   -20.00   -20.00   -20.00   -20.00   -20.00   -20.00   -20.00   -20.00   -20.00   -20.00   -20.00   -20.00   -20.00   -20.00   -20.00   -20.00   -20.00   -20.00   -20.00   -20.00   -20.00   -20.00   -20.00   -20.00   -20.00   -20.00   -20.00   -20.00   -20.00   -20.00   -20.00   -20.00   -20.00   -20.00   -20.00   -20.00   -20.00   -20.00   -20.00   -20.00   -20.00   -20.00   -20.00   -20.00   -20.00   -20.00   -20.00   -20.00   -20.00   -20.00   -20.00   -20.00   -20.00   -20.00   -20.00   -20.00   -20.00   -20.00   -20.00   -20.00   -20.00   -20.00   -20.00   -20.00   -20.00   -20.00   -20.00   -20.00   -20.00   -20.00   -20.00   -20.00   -20.00   -20.00   -20.00   -20.00   -20.00   -20.00   -20.00   -20.00   -20.00   -20.00   -20.00   -20.00   -20.00   -20.00   -20.00   -20.00   -20.00   -20.00   -20.00   -20.00   -20.00   -20.00   -20.00   -20.00   -20.00   -20.00 
    0.00     0.00     0.00     0.00     0.00     0.00     0.00     0.00     0.00     0.00     0.00     0.00     0.00     0.00     0.00     0.00     0.00     0.00     0.00     0.00     0.00     0.00     0.00     0.00     0.00     0.00     0.00     0.00     0.00     0.00     0.00     0.00     0.00     0.00     0.00     0.00     0.00     0.00     0.00     0.00     0.00     0.00     0.00     0.00     0.00     0.00     0.00     0.00     0.00     0.00     0.00     0.00     0.00     0.00     0.00     0.00     0.00     0.00     0.00     0.00     0.00     0.00     0.00     0.00     0.00     0.00     0.00     0.00     0.00     0.00     0.00     0.00     0.00     0.00     0.00     0.00     0.00     0.00     0.00     0.00     0.00     0.00     0.00     0.00     0.00     0.00     0.00     0.00     0.00     0.00     0.00     0.00     0.00     0.00     0.00     0.00     0.00     0.00     0.00     0.00     0.00     0.00     0.00     0.00     0.00     0.00     0.00     0.00     0.00     0.00     0.00     0.00     0.00     0.00     0.00     0.00     0.00     0.00   -20.00   -20.00 
  -20.00   -20.00   -20.00   -20.00   -20.00   -20.00   -20.00   -20.00   -20.00   -20.00   -20.00   -20.00   -20.00   -20.00   -20.00   -20.00   -20.00   -20.00   -20.00   -20.00   -20.00   -20.00   -20.00   -20.00   -20.00   -20.00   -20.00   -20.00   -20.00   -20.00   -20.00   -20.00   -20.00   -20.00   -20.00   -20.00   -20.00   -20.00   -20.00   -20.00   -20.00   -20.00   -20.00   -20.00   -20.00   -20.00   -20.00   -20.00   -20.00   -20.00   -20.00   -20.00   -20.00   -20.00   -20.00   -20.00   -20.00   -20.00   -20.00   -20.00   -20.00   -20.00   -20.00   -20.00   -20.00   -20.00   -20.00   -20.00   -20.00   -20.00   -20.00   -20.00   -20.00   -20.00   -20.00   -20.00   -20.00   -20.00   -20.00   -20.00   -20.00   -20.00   -20.00   -20.00   -20.00   -20.00   -20.00   -20.00   -20.00   -20.00   -20.00   -20.00   -20.00   -20.00   -20.00   -20.00   -20.00   -20.00   -20.00   -20.00   -20.00   -20.00   -20.00   -20.00   -20.00   -20.00   -20.00   -20.00   -20.00   -20.00   -20.00   -20.00   -20.00   -20.00   -20.00   -20.00   -20.00   -20.00   -20.00   -20.00 
  -20.00   -20.00   -20.00   -20.00   -20.00   -20.00   -20.00   -20.00   -20.00   -20.00   -20.00   -20.00   -20.00   -20.00   -20.00   -20.00   -20.00   -20.00   -20.00   -20.00   -20.00   -20.00   -20.00   -20.00   -20.00   -20.00   -20.00   -20.00   -20.00   -20.00   -20.00   -20.00   -20.00   -20.00   -20.00   -20.00   -20.00   -20.00   -20.00   -20.00   -20.00   -20.00   -20.00   -20.00   -20.00   -20.00   -20.00   -20.00   -20.00   -20.00   -20.00   -20.00   -20.00   -20.00   -20.00   -20.00   -20.00   -20.00   -20.00   -20.00   -20.00   -20.00   -20.00   -20.00   -20.00   -20.00   -20.00   -20.00   -20.00   -20.00   -20.00   -20.00   -20.00   -20.00   -20.00   -20.00   -20.00   -20.00   -20.00   -20.00   -20.00   -20.00   -20.00   -20.00   -20.00   -20.00   -20.00   -20.00   -20.00   -20.00   -20.00   -20.00   -20.00   -20.00   -20.00   -20.00   -20.00   -20.00   -20.00   -20.00   -20.00   -20.00   -20.00   -20.00   -20.00   -20.00   -20.00   -20.00   -20.00   -20.00   -20.00   -20.00   -20.00   -20.00   -20.00   -20.00   -20.00   -20.00   -20.00   -20.00 
  -20.00   -20.00     0.00     0.00     0.00     0.00     0.00     0.00     0.00     0.00     0.00     0.00     0.00     0.00     0.00     0.00     0.00     0.00     0.00     0.00     0.00     0.00     0.00     0.00     0.00     0.00     0.00     0.00     0.00     0.00     0.00     0.00     0.00     0.00     0.00     0.00     0.00     0.00     0.00     0.00     0.00     0.00     0.00     0.00     0.00     0.00     0.00     0.00     0.00     0.00     0.00     0.00     0.00     0.00     0.00     0.00     0.00     0.00     0.00     0.00     0.00     0.00     0.00     0.00     0.00     0.00     0.00     0.00     0.00     0.00     0.00     0.00     0.00     0.00     0.00     0.00     0.00     0.00     0.00     0.00     0.00     0.00     0.00     0.00     0.00     0.00     0.00     0.00     0.00     0.00     0.00     0.00     0.00     0.00     0.00     0.00     0.00     0.00     0.00     0.00     0.00     0.00     0.00     0.00     0.00     0.00     0.00     0.00     0.00     0.00     0.00     0.00     0.00     0.00     0.00     0.00     0.00     0.00     0.00     0.00 
  -20.00   -20.00   -20.00   -20.00   -20.00   -20.00   -20.00   -20.00   -20.00   -20.00   -20.00   -20.00   -20.00   -20.00   -20.00   -20.00   -20.00   -20.00   -20.00   -20.00   -20.00   -20.00   -20.00   -20.00   -20.00   -20.00   -20.00   -20.00   -20.00   -20.00   -20.00   -20.00   -20.00   -20.00   -20.00   -20.00   -20.00   -20.00   -20.00   -20.00   -20.00   -20.00   -20.00   -20.00   -20.00   -20.00   -20.00   -20.00   -20.00   -20.00   -20.00   -20.00   -20.00   -20.00   -20.00   -20.00   -20.00   -20.00   -20.00   -20.00   -20.00   -20.00   -20.00   -20.00   -20.00   -20.00   -20.00   -20.00   -20.00   -20.00   -20.00   -20.00   -20.00   -20.00   -20.00   -20.00   -20.00   -20.00   -20.00   -20.00   -20.00   -20.00   -20.00   -20.00   -20.00   -20.00   -20.00   -20.00   -20.00   -20.00   -20.00   -20.00   -20.00   -20.00   -20.00   -20.00   -20.00   -20.00   -20.00   -20.00   -20.00   -20.00   -20.00   -20.00   -20.00   -20.00   -20.00   -20.00   -20.00   -20.00   -20.00   -20.00   -20.00   -20.00   -20.00   -20.00   -20.00   -20.00   -20.00   -20.00 
  -20.00   -20.00   -20.00   -20.00   -20.00   -20.00   -20.00   -20.00   -20.00   -20.00   -20.00   -20.00   -20.00   -20.00   -20.00   -20.00   -20.00   -20.00   -20.00   -20.00   -20.00   -20.00   -20.00   -20.00   -20.00   -20.00   -20.00   -20.00   -20.00   -20.00   -20.00   -20.00   -20.00   -20.00   -20.00   -20.00   -20.00   -20.00   -20.00   -20.00   -20.00   -20.00   -20.00   -20.00   -20.00   -20.00   -20.00   -20.00   -20.00   -20.00   -20.00   -20.00   -20.00   -20.00   -20.00   -20.00   -20.00   -20.00   -20.00   -20.00   -20.00   -20.00   -20.00   -20.00   -20.00   -20.00   -20.00   -20.00   -20.00   -20.00   -20.00   -20.00   -20.00   -20.00   -20.00   -20.00   -20.00   -20.00   -20.00   -20.00   -20.00   -20.00   -20.00   -20.00   -20.00   -20.00   -20.00   -20.00   -20.00   -20.00   -20.00   -20.00   -20.00   -20.00   -20.00   -20.00   -20.00   -20.00   -20.00   -20.00   -20.00   -20.00   -20.00   -20.00   -20.00   -20.00   -20.00   -20.00   -20.00   -20.00   -20.00   -20.00   -20.00   -20.00   -20.00   -20.00   -20.00   -20.00   -20.00   -20.00 
    0.00     0.00     0.00     0.00     0.00     0.00     0.00     0.00     0.00     0.00     0.00     0.00     0.00     0.00     0.00     0.00     0.00     0.00     0.00     0.00     0.00     0.00     0.00     0.00     0.00     0.00     0.00     0.00     0.00     0.00     0.00     0.00     0.00     0.00     0.00     0.00     0.00     0.00     0.00     0.00     0.00     0.00     0.00     0.00     0.00     0.00     0.00     0.00     0.00     0.00     0.00     0.00     0.00     0.00     0.00     0.00     0.00     0.00     0.00     0.00     0.00     0.00     0.00     0.00     0.00     0.00     0.00     0.00     0.00     0.00     0.00     0.00     0.00     0.00     0.00     0.00     0.00     0.00     0.00     0.00     0.00     0.00     0.00     0.00     0.00     0.00     0.00     0.00     0.00     0.00     0.00     0.00     0.00     0.00     0.00     0.00     0.00     0.00     0.00     0.00     0.00     0.00     0.00     0.00     0.00     0.00     0.00     0.00     0.00     0.00     0.00     0.00     0.00     0.00     0.00     0.00     0.00     0.00   -20.00   -20.00 
  -19.78   -19.77   -19.78   -19.79   -19.80   -19.81   -19.82   -19.83   -19.84   -19.85   -19.86   -19.86   -19.87   -19.88   -19.88   -19.89   -19.89   -19.90   -19.90   -19.91   -19.91   -19.92   -19.92   -19.93   -19.93   -19.93   -19.94   -19.94   -19.94   -19.95   -19.95   -19.95   -19.95   -19.96   -19.96   -19.96   -19.96   -19.96   -19.97   -19.97   -19.97   -19.97   -19.97   -19.97   -19.97   -19.98   -19.98   -19.98   -19.98   -19.98   -19.98   -19.98   -19.98   -19.98   -19.98   -19.99   -19.99   -19.99   -19.99   -19.99   -19.99   -19.99   -19.99   -19.99   -19.99   -19.99   -19.99   -19.99   -19.99   -19.99   -19.99   -19.99   -19.99   -19.99   -19.99   -19.99   -20.00   -20.00   -20.00   -20.00   -20.00   -20.00   -20.00   -20.00   -20.00   -20.00   -20.00   -20.00   -20.00   -20.00   -20.00   -20.00   -20.00   -20.00   -20.00   -20.00   -20.00   -20.00   -20.00   -20.00   -20.00   -20.00   -20.00   -20.00   -20.00   -20.00   -20.00   -20.00   -20.00   -20.00   -20.00   -20.00   -20.00   -20.00   -20.00   -20.00   -20.00   -20.00   -20.00   -20.00 
  -19.77   -19.76   -19.77   -19.78   -19.79   -19.80   -19.81   -19.82   -19.83   -19.84   -19.85   -19.86   -19.86   -19.87   -19.88   -19.88   -19.89   -19.89   -19.90   -19.90   -19.91   -19.91   -19.92   -19.92   -19.93   -19.93   -19.93   -19.94   -19.94   -19.94   -19.95   -19.95   -19.95   -19.95   -19.96   -19.96   -19.96   -19.96   -19.96   -19.97   -19.97   -19.97   -19.97   -19.97   -19.97   -19.97   -19.98   -19.98   -19.98   -19.98   -19.98   -19.98   -19.98   -19.98   -19.98   -19.98   -19.99   -19.99   -19.99   -19.99   -19.99   -19.99   -19.99   -19.99   -19.99   -19.99   -19.99   -19.99   -19.99   -19.99   -19.99   -19.99   -19.99   -19.99   -19.99   -19.99   -19.99   -20.00   -20.00   -20.00   -20.00   -20.00   -20.00   -20.00   -20.00   -20.00   -20.00   -20.00   -20.00   -20.00   -20.00   -20.00   -20.00   -20.00   -20.00   -20.00   -20.00   -20.00   -20.00   -20.00   -20.00   -20.00   -20.00   -20.00   -20.00   -20.00   -20.00   -20.00   -20.00   -20.00   -20.00   -20.00   -20.00   -20.00   -20.00   -20.00   -20.00   -20.00   -20.00   -20.00 
  -19.76   -19.75     0.00     0.00     0.00     0.00     0.00     0.00     0.00     0.00     0.00     0.00     0.00     0.00     0.00     0.00     0.00     0.00     0.00     0.00     0.00     0.00     0.00     0.00     0.00     0.00     0.00     0.00     0.00     0.00     0.00     0.00     0.00     0.00     0.00     0.00     0.00     0.00     0.00     0.00     0.00     0.00     0.00     0.00     0.00     0.00     0.00     0.00     0.00     0.00     0.00     0.00     0.00     0.00     0.00     0.00     0.00     0.00     0.00     0.00     0.00     0.00     0.00     0.00     0.00     0.00     0.00     0.00     0.00     0.00     0.00     0.00     0.00     0.00     0.00     0.00     0.00     0.00     0.00     0.00     0.00     0.00     0.00     0.00     0.00     0.00     0.00     0.00     0.00     0.00     0.00     0.00     0.00     0.00     0.00     0.00     0.00     0.00     0.00     0.00     0.00     0.00     0.00     0.00     0.00     0.00     0.00     0.00     0.00     0.00     0.00     0.00     0.00     0.00     0.00     0.00     0.00     0.00     0.00     0.00 
  -19.75   -19.73   -19.72   -19.70   -19.69   -19.67   -19.65   -19.64   -19.62   -19.60   -19.57   -19.55   -19.53   -19.50   -19.48   -19.45   -19.42   -19.39   -19.36   -19.33   -19.29   -19.25   -19.21   -19.17   -19.13   -19.08   -19.03   -18.98   -18.93   -18.87   -18.81   -18.75   -18.69   -18.62   -18.54   -18.47   -18.39   -18.30   -18.21   -18.12   -18.02   -17.91   -17.80   -17.69   -17.57   -17.44   -17.30   -17.16   -17.01   -16.86   -16.69   -16.52   -16.33   -16.14   -15.94   -15.72   -15.50   -15.26   -15.01   -14.75   -14.47   -14.18   -13.87   -13.55   -13.21   -12.86   -12.48   -12.08   -11.67   -11.23   -10.77   -10.28    -9.77    -9.23    -8.66    -8.07    -7.44    -6.78    -6.08    -5.35    -4.58    -3.77    -2.91    -2.01    -1.07    -0.07     0.98     2.08     3.25     4.47     5.76     7.11     8.54    10.04    11.62    13.29    15.04    16.88    18.82    20.87    23.02    25.28    27.67    30.17    32.82    35.59    38.52    41.60    44.84    48.26    51.85    55.63    59.61    63.80    68.21    72.85    77.74    82.88    88.30    94.00 
  -19.73   -19.72   -19.70   -19.69   -19.67   -19.65   -19.64   -19.62   -19.60   -19.57   -19.55   -19.53   -19.50   -19.48   -19.45   -19.42   -19.39   -19.36   -19.33   -19.29   -19.25   -19.21   -19.17   -19.13   -19.08   -19.03   -18.98   -18.93   -18.87   -18.81   -18.75   -18.69   -18.62   -18.54   -18.47   -18.39   -18.30   -18.21   -18.12   -18.02   -17.91   -17.80   -17.69   -17.57   -17.44   -17.30   -17.16   -17.01   -16.86   -16.69   -16.52   -16.33   -16.14   -15.94   -15.72   -15.50   -15.26   -15.01   -14.75   -14.47   -14.18   -13.87   -13.55   -13.21   -12.86   -12.48   -12.08   -11.67   -11.23   -10.77   -10.28    -9.77    -9.23    -8.66    -8.07    -7.44    -6.78    -6.08    -5.35    -4.58    -3.77    -2.91    -2.01    -1.07    -0.07     0.98     2.08     3.25     4.47     5.76     7.11     8.54    10.04    11.62    13.29    15.04    16.88    18.82    20.87    23.02    25.28    27.67    30.17    32.82    35.59    38.52    41.60    44.84    48.26    51.85    55.63    59.61    63.80    68.21    72.85    77.74    82.88    88.30    94.00   100.00 
  -19.72   -19.70   -19.69   -19.67   -19.65   -19.64   -19.62   -19.60   -19.57   -19.55   -19.53   -19.50   -19.48   -19.45   -19.42   -19.39   -19.36   -19.33   -19.29   -19.25   -19.21   -19.17   -19.13   -19.08   -19.03   -18.98   -18.93   -18.87   -18.81   -18.75   -18.69   -18.62   -18.54   -18.47   -18.39   -18.30   -18.21   -18.12   -18.02   -17.91   -17.80   -17.69   -17.57   -17.44   -17.30   -17.16   -17.01   -16.86   -16.69   -16.52   -16.33   -16.14   -15.94   -15.72   -15.50   -15.26   -15.01   -14.75   -14.47   -14.18   -13.87   -13.55   -13.21   -12.86   -12.48   -12.08   -11.67   -11.23   -10.77   -10.28    -9.77    -9.23    -8.66    -8.07    -7.44    -6.78    -6.08    -5.35    -4.58    -3.77    -2.91    -2.01    -1.07    -0.07     0.98     2.08     3.25     4.47     5.76     7.11     8.54    10.04    11.62    13.29    15.04    16.88    18.82    20.87    23.02    25.28    27.67    30.17    32.82    35.59    38.52    41.60    44.84    48.26    51.85    55.63    59.61    63.80    68.21    72.85    77.74    82.88    88.30    94.00   100.00     0.00 

--- POLITICA OTTIMA pi* ---
  v    v    v    v    v    v    v    v    v    v    v    v    v    v    v    v    v    v    v    v    v    v    v    v    v    v    v    v    v    v    v    v    v    v    v    v    v    v    v    v    v    v    v    v    v    v    v    v    v    v    v    v    v    v    v    v    v    v    v    v    v    v    v    v    v    v    v    v    v    v    v    v    v    v    v    v    v    v    v    v    v    v    v    v    v    v    v    v    v    v    v    v    v    v    v    v    v    v    v    v    v    v    v    v    v    v    v    v    v    v    v    v    v    v    v    v    v    v    v    v  
  ^    ^    ^    ^    ^    ^    ^    ^    ^    ^    ^    ^    ^    ^    ^    ^    ^    ^    ^    ^    ^    ^    ^    ^    ^    ^    ^    ^    ^    ^    ^    ^    ^    ^    ^    ^    ^    ^    ^    ^    ^    ^    ^    ^    ^    ^    ^    ^    ^    ^    ^    ^    ^    ^    ^    ^    ^    ^    ^    ^    ^    ^    ^    ^    ^    ^    ^    ^    ^    ^    ^    ^    ^    ^    ^    ^    ^    ^    ^    ^    ^    ^    ^    ^    ^    ^    ^    ^    ^    ^    ^    ^    ^    ^    ^    ^    ^    ^    ^    ^    ^    ^    ^    ^    ^    ^    ^    ^    ^    ^    ^    ^    ^    ^    ^    ^    ^    ^    ^    ^  
  ^    ^    .    .    .    .    .    .    .    .    .    .    .    .    .    .    .    .    .    .    .    .    .    .    .    .    .    .    .    .    .    .    .    .    .    .    .    .    .    .    .    .    .    .    .    .    .    .    .    .    .    .    .    .    .    .    .    .    .    .    .    .    .    .    .    .    .    .    .    .    .    .    .    .    .    .    .    .    .    .    .    .    .    .    .    .    .    .    .    .    .    .    .    .    .    .    .    .    .    .    .    .    .    .    .    .    .    .    .    .    .    .    .    .    .    .    .    .    .    .  
  ^    ^    v    v    v    v    v    v    v    v    v    v    v    v    v    v    v    v    v    v    v    v    v    v    v    v    v    v    v    v    v    v    v    v    v    v    v    v    v    v    v    v    v    v    v    v    v    v    v    v    v    v    v    v    v    v    v    v    v    v    v    v    v    v    v    v    v    v    v    v    v    v    v    v    v    v    v    v    v    v    v    v    v    v    v    v    v    v    v    v    v    v    v    v    v    v    v    v    v    v    v    v    v    v    v    v    v    v    v    v    v    v    v    v    v    v    v    v    v    v  
  ^    ^    ^    ^    ^    ^    ^    ^    ^    ^    ^    ^    ^    ^    ^    ^    ^    ^    ^    ^    ^    ^    ^    ^    ^    ^    ^    ^    ^    ^    ^    ^    ^    ^    ^    ^    ^    ^    ^    ^    ^    ^    ^    ^    ^    ^    ^    ^    ^    ^    ^    ^    ^    ^    ^    ^    ^    ^    ^    ^    ^    ^    ^    ^    ^    ^    ^    ^    ^    ^    ^    ^    ^    ^    ^    ^    ^    ^    ^    >    >    >    >    >    >    ^    ^    ^    ^    ^    ^    ^    ^    ^    ^    ^    ^    ^    ^    ^    ^    ^    ^    ^    ^    ^    ^    ^    ^    ^    ^    ^    ^    ^    ^    ^    ^    ^    ^    ^  
  .    .    .    .    .    .    .    .    .    .    .    .    .    .    .    .    .    .    .    .    .    .    .    .    .    .    .    .    .    .    .    .    .    .    .    .    .    .    .    .    .    .    .    .    .    .    .    .    .    .    .    .    .    .    .    .    .    .    .    .    .    .    .    .    .    .    .    .    .    .    .    .    .    .    .    .    .    .    .    .    .    .    .    .    .    .    .    .    .    .    .    .    .    .    .    .    .    .    .    .    .    .    .    .    .    .    .    .    .    .    .    .    .    .    .    .    .    .    ^    ^  
  v    v    v    v    v    v    v    v    v    v    v    v    v    v    v    v    v    v    v    v    v    v    v    v    v    v    v    v    v    v    v    v    v    v    v    v    v    v    v    v    v    v    v    v    v    v    v    v    v    v    v    v    v    v    v    v    v    v    v    v    v    v    v    v    v    v    v    v    v    v    v    v    v    v    v    v    v    v    v    v    v    v    v    v    v    v    v    v    v    v    v    v    v    v    v    v    v    v    v    v    v    v    v    v    v    v    v    v    v    v    v    v    v    v    v    v    v    v    ^    ^  
  ^    ^    ^    ^    ^    ^    ^    ^    ^    ^    ^    ^    ^    ^    ^    ^    ^    ^    ^    ^    ^    ^    ^    ^    ^    ^    ^    ^    ^    ^    ^    ^    ^    ^    ^    ^    ^    ^    ^    ^    ^    ^    ^    ^    ^    ^    ^    ^    ^    ^    ^    ^    ^    ^    ^    ^    ^    ^    ^    ^    ^    ^    ^    ^    ^    ^    ^    ^    ^    ^    ^    ^    ^    ^    ^    ^    ^    ^    ^    ^    ^    ^    ^    ^    ^    ^    ^    ^    ^    ^    ^    ^    ^    ^    ^    ^    ^    ^    ^    ^    ^    ^    ^    ^    ^    ^    ^    ^    ^    ^    ^    ^    ^    ^    ^    ^    ^    ^    ^    ^  
  ^    ^    .    .    .    .    .    .    .    .    .    .    .    .    .    .    .    .    .    .    .    .    .    .    .    .    .    .    .    .    .    .    .    .    .    .    .    .    .    .    .    .    .    .    .    .    .    .    .    .    .    .    .    .    .    .    .    .    .    .    .    .    .    .    .    .    .    .    .    .    .    .    .    .    .    .    .    .    .    .    .    .    .    .    .    .    .    .    .    .    .    .    .    .    .    .    .    .    .    .    .    .    .    .    .    .    .    .    .    .    .    .    .    .    .    .    .    .    .    .  
  ^    ^    v    v    v    v    v    v    v    v    v    v    v    v    v    v    v    v    v    v    v    v    v    v    v    v    v    v    v    v    v    v    v    v    v    v    v    v    v    v    v    v    v    v    v    v    v    v    v    v    v    v    v    v    v    v    v    v    v    v    v    v    v    v    v    v    v    v    v    v    v    v    v    v    v    v    v    v    v    v    v    v    v    v    v    v    v    v    v    v    v    v    v    v    v    v    v    v    v    v    v    v    v    v    v    v    v    v    v    v    v    v    v    v    v    v    v    v    v    v  
  ^    ^    ^    ^    ^    ^    ^    ^    ^    ^    ^    ^    ^    ^    ^    ^    ^    ^    ^    ^    ^    ^    ^    ^    ^    ^    ^    ^    ^    ^    ^    ^    ^    ^    ^    ^    ^    ^    ^    ^    ^    ^    ^    ^    ^    ^    ^    ^    ^    ^    ^    ^    ^    ^    ^    ^    ^    ^    ^    ^    ^    ^    ^    ^    ^    ^    ^    ^    ^    ^    ^    ^    ^    ^    ^    ^    ^    ^    ^    >    >    >    >    >    >    ^    ^    ^    ^    ^    ^    ^    ^    ^    ^    ^    ^    ^    ^    ^    ^    ^    ^    ^    ^    ^    ^    ^    ^    ^    ^    ^    ^    ^    ^    ^    ^    ^    ^    ^  
  .    .    .    .    .    .    .    .    .    .    .    .    .    .    .    .    .    .    .    .    .    .    .    .    .    .    .    .    .    .    .    .    .    .    .    .    .    .    .    .    .    .    .    .    .    .    .    .    .    .    .    .    .    .    .    .    .    .    .    .    .    .    .    .    .    .    .    .    .    .    .    .    .    .    .    .    .    .    .    .    .    .    .    .    .    .    .    .    .    .    .    .    .    .    .    .    .    .    .    .    .    .    .    .    .    .    .    .    .    .    .    .    .    .    .    .    .    .    ^    ^  
  v    v    v    v    v    v    v    v    v    v    v    v    v    v    v    v    v    v    v    v    v    v    v    v    v    v    v    v    v    v    v    v    v    v    v    v    v    v    v    v    v    v    v    v    v    v    v    v    v    v    v    v    v    v    v    v    v    v    v    v    v    v    v    v    v    v    v    v    v    v    v    v    v    v    v    v    v    v    v    v    v    v    v    v    v    v    v    v    v    v    v    v    v    v    v    v    v    v    v    v    v    v    v    v    v    v    v    v    v    v    v    v    v    v    v    v    v    v    ^    ^  
  ^    ^    ^    ^    ^    ^    ^    ^    ^    ^    ^    ^    ^    ^    ^    ^    ^    ^    ^    ^    ^    ^    ^    ^    ^    ^    ^    ^    ^    ^    ^    ^    ^    ^    ^    ^    ^    ^    ^    ^    ^    ^    ^    ^    ^    ^    ^    ^    ^    ^    ^    ^    ^    ^    ^    ^    ^    ^    ^    ^    ^    ^    ^    ^    ^    ^    ^    ^    ^    ^    ^    ^    ^    ^    ^    ^    ^    ^    ^    ^    ^    ^    ^    ^    ^    ^    ^    ^    ^    ^    ^    ^    ^    ^    ^    ^    ^    ^    ^    ^    ^    ^    ^    ^    ^    ^    ^    ^    ^    ^    ^    ^    ^    ^    ^    ^    ^    ^    ^    ^  
  ^    ^    .    .    .    .    .    .    .    .    .    .    .    .    .    .    .    .    .    .    .    .    .    .    .    .    .    .    .    .    .    .    .    .    .    .    .    .    .    .    .    .    .    .    .    .    .    .    .    .    .    .    .    .    .    .    .    .    .    .    .    .    .    .    .    .    .    .    .    .    .    .    .    .    .    .    .    .    .    .    .    .    .    .    .    .    .    .    .    .    .    .    .    .    .    .    .    .    .    .    .    .    .    .    .    .    .    .    .    .    .    .    .    .    .    .    .    .    .    .  
  ^    ^    v    v    v    v    v    v    v    v    v    v    v    v    v    v    v    v    v    v    v    v    v    v    v    v    v    v    v    v    v    v    v    v    v    v    v    v    v    v    v    v    v    v    v    v    v    v    v    v    v    v    v    v    v    v    v    v    v    v    v    v    v    v    v    v    v    v    v    v    v    v    v    v    v    v    v    v    v    v    v    v    v    v    v    v    v    v    v    v    v    v    v    v    v    v    v    v    v    v    v    v    v    v    v    v    v    v    v    v    v    v    v    v    v    v    v    v    v    v  
  ^    ^    ^    ^    ^    ^    ^    ^    ^    ^    ^    ^    ^    ^    ^    ^    ^    ^    ^    ^    ^    ^    ^    ^    ^    ^    ^    ^    ^    ^    ^    ^    ^    ^    ^    ^    ^    ^    ^    ^    ^    ^    ^    ^    ^    ^    ^    ^    ^    ^    ^    ^    ^    ^    ^    ^    ^    ^    ^    ^    ^    ^    ^    ^    ^    ^    ^    ^    ^    ^    ^    ^    ^    ^    ^    ^    ^    ^    ^    >    >    >    >    >    >    ^    ^    ^    ^    ^    ^    ^    ^    ^    ^    ^    ^    ^    ^    ^    ^    ^    ^    ^    ^    ^    ^    ^    ^    ^    ^    ^    ^    ^    ^    ^    ^    ^    ^    ^  
  .    .    .    .    .    .    .    .    .    .    .    .    .    .    .    .    .    .    .    .    .    .    .    .    .    .    .    .    .    .    .    .    .    .    .    .    .    .    .    .    .    .    .    .    .    .    .    .    .    .    .    .    .    .    .    .    .    .    .    .    .    .    .    .    .    .    .    .    .    .    .    .    .    .    .    .    .    .    .    .    .    .    .    .    .    .    .    .    .    .    .    .    .    .    .    .    .    .    .    .    .    .    .    .    .    .    .    .    .    .    .    .    .    .    .    .    .    .    ^    ^  
  v    v    v    v    v    v    v    v    v    v    v    v    v    v    v    v    v    v    v    v    v    v    v    v    v    v    v    v    v    v    v    v    v    v    v    v    v    v    v    v    v    v    v    v    v    v    v    v    v    v    v    v    v    v    v    v    v    v    v    v    v    v    v    v    v    v    v    v    v    v    v    v    v    v    v    v    v    v    v    v    v    v    v    v    v    v    v    v    v    v    v    v    v    v    v    v    v    v    v    v    v    v    v    v    v    v    v    v    v    v    v    v    v    v    v    v    v    v    ^    ^  
  ^    ^    ^    ^    ^    ^    ^    ^    ^    ^    ^    ^    ^    ^    ^    ^    ^    ^    ^    ^    ^    ^    ^    ^    ^    ^    ^    ^    ^    ^    ^    ^    ^    ^    ^    ^    ^    ^    ^    ^    ^    ^    ^    ^    ^    ^    ^    ^    ^    ^    ^    ^    ^    ^    ^    ^    ^    ^    ^    ^    ^    ^    ^    ^    ^    ^    ^    ^    ^    ^    ^    ^    ^    ^    ^    ^    ^    ^    ^    ^    ^    ^    ^    ^    ^    ^    ^    ^    ^    ^    ^    ^    ^    ^    ^    ^    ^    ^    ^    ^    ^    ^    ^    ^    ^    ^    ^    ^    ^    ^    ^    ^    ^    ^    ^    ^    ^    ^    ^    ^  
  ^    ^    .    .    .    .    .    .    .    .    .    .    .    .    .    .    .    .    .    .    .    .    .    .    .    .    .    .    .    .    .    .    .    .    .    .    .    .    .    .    .    .    .    .    .    .    .    .    .    .    .    .    .    .    .    .    .    .    .    .    .    .    .    .    .    .    .    .    .    .    .    .    .    .    .    .    .    .    .    .    .    .    .    .    .    .    .    .    .    .    .    .    .    .    .    .    .    .    .    .    .    .    .    .    .    .    .    .    .    .    .    .    .    .    .    .    .    .    .    .  
  ^    ^    v    v    v    v    v    v    v    v    v    v    v    v    v    v    v    v    v    v    v    v    v    v    v    v    v    v    v    v    v    v    v    v    v    v    v    v    v    v    v    v    v    v    v    v    v    v    v    v    v    v    v    v    v    v    v    v    v    v    v    v    v    v    v    v    v    v    v    v    v    v    v    v    v    v    v    v    v    v    v    v    v    v    v    v    v    v    v    v    v    v    v    v    v    v    v    v    v    v    v    v    v    v    v    v    v    v    v    v    v    v    v    v    v    v    v    v    v    v  
  ^    ^    ^    ^    ^    ^    ^    ^    ^    ^    ^    ^    ^    ^    ^    ^    ^    ^    ^    ^    ^    ^    ^    ^    ^    ^    ^    ^    ^    ^    ^    ^    ^    ^    ^    ^    ^    ^    ^    ^    ^    ^    ^    ^    ^    ^    ^    ^    ^    ^    ^    ^    ^    ^    ^    ^    ^    ^    ^    ^    ^    ^    ^    ^    ^    ^    ^    ^    ^    ^    ^    ^    ^    ^    ^    ^    ^    ^    ^    >    >    >    >    >    >    ^    ^    ^    ^    ^    ^    ^    ^    ^    ^    ^    ^    ^    ^    ^    ^    ^    ^    ^    ^    ^    ^    ^    ^    ^    ^    ^    ^    ^    ^    ^    ^    ^    ^    ^  
  .    .    .    .    .    .    .    .    .    .    .    .    .    .    .    .    .    .    .    .    .    .    .    .    .    .    .    .    .    .    .    .    .    .    .    .    .    .    .    .    .    .    .    .    .    .    .    .    .    .    .    .    .    .    .    .    .    .    .    .    .    .    .    .    .    .    .    .    .    .    .    .    .    .    .    .    .    .    .    .    .    .    .    .    .    .    .    .    .    .    .    .    .    .    .    .    .    .    .    .    .    .    .    .    .    .    .    .    .    .    .    .    .    .    .    .    .    .    ^    ^  
  v    v    v    v    v    v    v    v    v    v    v    v    v    v    v    v    v    v    v    v    v    v    v    v    v    v    v    v    v    v    v    v    v    v    v    v    v    v    v    v    v    v    v    v    v    v    v    v    v    v    v    v    v    v    v    v    v    v    v    v    v    v    v    v    v    v    v    v    v    v    v    v    v    v    v    v    v    v    v    v    v    v    v    v    v    v    v    v    v    v    v    v    v    v    v    v    v    v    v    v    v    v    v    v    v    v    v    v    v    v    v    v    v    v    v    v    v    v    ^    ^  
  ^    ^    ^    ^    ^    ^    ^    ^    ^    ^    ^    ^    ^    ^    ^    ^    ^    ^    ^    ^    ^    ^    ^    ^    ^    ^    ^    ^    ^    ^    ^    ^    ^    ^    ^    ^    ^    ^    ^    ^    ^    ^    ^    ^    ^    ^    ^    ^    ^    ^    ^    ^    ^    ^    ^    ^    ^    ^    ^    ^    ^    ^    ^    ^    ^    ^    ^    ^    ^    ^    ^    ^    ^    ^    ^    ^    ^    ^    ^    ^    ^    ^    ^    ^    ^    ^    ^    ^    ^    ^    ^    ^    ^    ^    ^    ^    ^    ^    ^    ^    ^    ^    ^    ^    ^    ^    ^    ^    ^    ^    ^    ^    ^    ^    ^    ^    ^    ^    ^    ^  
  ^    ^    .    .    .    .    .    .    .    .    .    .    .    .    .    .    .    .    .    .    .    .    .    .    .    .    .    .    .    .    .    .    .    .    .    .    .    .    .    .    .    .    .    .    .    .    .    .    .    .    .    .    .    .    .    .    .    .    .    .    .    .    .    .    .    .    .    .    .    .    .    .    .    .    .    .    .    .    .    .    .    .    .    .    .    .    .    .    .    .    .    .    .    .    .    .    .    .    .    .    .    .    .    .    .    .    .    .    .    .    .    .    .    .    .    .    .    .    .    .  
  ^    ^    v    v    v    v    v    v    v    v    v    v    v    v    v    v    v    v    v    v    v    v    v    v    v    v    v    v    v    v    v    v    v    v    v    v    v    v    v    v    v    v    v    v    v    v    v    v    v    v    v    v    v    v    v    v    v    v    v    v    v    v    v    v    v    v    v    v    v    v    v    v    v    v    v    v    v    v    v    v    v    v    v    v    v    v    v    v    v    v    v    v    v    v    v    v    v    v    v    v    v    v    v    v    v    v    v    v    v    v    v    v    v    v    v    v    v    v    v    v  
  ^    ^    ^    ^    ^    ^    ^    ^    ^    ^    ^    ^    ^    ^    ^    ^    ^    ^    ^    ^    ^    ^    ^    ^    ^    ^    ^    ^    ^    ^    ^    ^    ^    ^    ^    ^    ^    ^    ^    ^    ^    ^    ^    ^    ^    ^    ^    ^    ^    ^    ^    ^    ^    ^    ^    ^    ^    ^    ^    ^    ^    ^    ^    ^    ^    ^    ^    ^    ^    ^    ^    ^    ^    ^    ^    ^    ^    ^    ^    >    >    >    >    >    >    ^    ^    ^    ^    ^    ^    ^    ^    ^    ^    ^    ^    ^    ^    ^    ^    ^    ^    ^    ^    ^    ^    ^    ^    ^    ^    ^    ^    ^    ^    ^    ^    ^    ^    ^  
  .    .    .    .    .    .    .    .    .    .    .    .    .    .    .    .    .    .    .    .    .    .    .    .    .    .    .    .    .    .    .    .    .    .    .    .    .    .    .    .    .    .    .    .    .    .    .    .    .    .    .    .    .    .    .    .    .    .    .    .    .    .    .    .    .    .    .    .    .    .    .    .    .    .    .    .    .    .    .    .    .    .    .    .    .    .    .    .    .    .    .    .    .    .    .    .    .    .    .    .    .    .    .    .    .    .    .    .    .    .    .    .    .    .    .    .    .    .    ^    ^  
  v    v    v    v    v    v    v    v    v    v    v    v    v    v    v    v    v    v    v    v    v    v    v    v    v    v    v    v    v    v    v    v    v    v    v    v    v    v    v    v    v    v    v    v    v    v    v    v    v    v    v    v    v    v    v    v    v    v    v    v    v    v    v    v    v    v    v    v    v    v    v    v    v    v    v    v    v    v    v    v    v    v    v    v    v    v    v    v    v    v    v    v    v    v    v    v    v    v    v    v    v    v    v    v    v    v    v    v    v    v    v    v    v    v    v    v    v    v    ^    ^  
  ^    ^    ^    ^    ^    ^    ^    ^    ^    ^    ^    ^    ^    ^    ^    ^    ^    ^    ^    ^    ^    ^    ^    ^    ^    ^    ^    ^    ^    ^    ^    ^    ^    ^    ^    ^    ^    ^    ^    ^    ^    ^    ^    ^    ^    ^    ^    ^    ^    ^    ^    ^    ^    ^    ^    ^    ^    ^    ^    ^    ^    ^    ^    ^    ^    ^    ^    ^    ^    ^    ^    ^    ^    ^    ^    ^    ^    ^    ^    ^    ^    ^    ^    ^    ^    ^    ^    ^    ^    ^    ^    ^    ^    ^    ^    ^    ^    ^    ^    ^    ^    ^    ^    ^    ^    ^    ^    ^    ^    ^    ^    ^    ^    ^    ^    ^    ^    ^    ^    ^  
  ^    ^    .    .    .    .    .    .    .    .    .    .    .    .    .    .    .    .    .    .    .    .    .    .    .    .    .    .    .    .    .    .    .    .    .    .    .    .    .    .    .    .    .    .    .    .    .    .    .    .    .    .    .    .    .    .    .    .    .    .    .    .    .    .    .    .    .    .    .    .    .    .    .    .    .    .    .    .    .    .    .    .    .    .    .    .    .    .    .    .    .    .    .    .    .    .    .    .    .    .    .    .    .    .    .    .    .    .    .    .    .    .    .    .    .    .    .    .    .    .  
  ^    ^    v    v    v    v    v    v    v    v    v    v    v    v    v    v    v    v    v    v    v    v    v    v    v    v    v    v    v    v    v    v    v    v    v    v    v    v    v    v    v    v    v    v    v    v    v    v    v    v    v    v    v    v    v    v    v    v    v    v    v    v    v    v    v    v    v    v    v    v    v    v    v    v    v    v    v    v    v    v    v    v    v    v    v    v    v    v    v    v    v    v    v    v    v    v    v    v    v    v    v    v    v    v    v    v    v    v    v    v    v    v    v    v    v    v    v    v    v    v  
  ^    ^    ^    ^    ^    ^    ^    ^    ^    ^    ^    ^    ^    ^    ^    ^    ^    ^    ^    ^    ^    ^    ^    ^    ^    ^    ^    ^    ^    ^    ^    ^    ^    ^    ^    ^    ^    ^    ^    ^    ^    ^    ^    ^    ^    ^    ^    ^    ^    ^    ^    ^    ^    ^    ^    ^    ^    ^    ^    ^    ^    ^    ^    ^    ^    ^    ^    ^    ^    ^    ^    ^    ^    ^    ^    ^    ^    ^    ^    >    >    >    >    >    >    ^    ^    ^    ^    ^    ^    ^    ^    ^    ^    ^    ^    ^    ^    ^    ^    ^    ^    ^    ^    ^    ^    ^    ^    ^    ^    ^    ^    ^    ^    ^    ^    ^    ^    ^  
  .    .    .    .    .    .    .    .    .    .    .    .    .    .    .    .    .    .    .    .    .    .    .    .    .    .    .    .    .    .    .    .    .    .    .    .    .    .    .    .    .    .    .    .    .    .    .    .    .    .    .    .    .    .    .    .    .    .    .    .    .    .    .    .    .    .    .    .    .    .    .    .    .    .    .    .    .    .    .    .    .    .    .    .    .    .    .    .    .    .    .    .    .    .    .    .    .    .    .    .    .    .    .    .    .    .    .    .    .    .    .    .    .    .    .    .    .    .    ^    ^  
  v    v    v    v    v    v    v    v    v    v    v    v    v    v    v    v    v    v    v    v    v    v    v    v    v    v    v    v    v    v    v    v    v    v    v    v    v    v    v    v    v    v    v    v    v    v    v    v    v    v    v    v    v    v    v    v    v    v    v    v    v    v    v    v    v    v    v    v    v    v    v    v    v    v    v    v    v    v    v    v    v    v    v    v    v    v    v    v    v    v    v    v    v    v    v    v    v    v    v    v    v    v    v    v    v    v    v    v    v    v    v    v    v    v    v    v    v    v    ^    ^  
  ^    ^    ^    ^    ^    ^    ^    ^    ^    ^    ^    ^    ^    ^    ^    ^    ^    ^    ^    ^    ^    ^    ^    ^    ^    ^    ^    ^    ^    ^    ^    ^    ^    ^    ^    ^    ^    ^    ^    ^    ^    ^    ^    ^    ^    ^    ^    ^    ^    ^    ^    ^    ^    ^    ^    ^    ^    ^    ^    ^    ^    ^    ^    ^    ^    ^    ^    ^    ^    ^    ^    ^    ^    ^    ^    ^    ^    ^    ^    ^    ^    ^    ^    ^    ^    ^    ^    ^    ^    ^    ^    ^    ^    ^    ^    ^    ^    ^    ^    ^    ^    ^    ^    ^    ^    ^    ^    ^    ^    ^    ^    ^    ^    ^    ^    ^    ^    ^    ^    ^  
  ^    ^    .    .    .    .    .    .    .    .    .    .    .    .    .    .    .    .    .    .    .    .    .    .    .    .    .    .    .    .    .    .    .    .    .    .    .    .    .    .    .    .    .    .    .    .    .    .    .    .    .    .    .    .    .    .    .    .    .    .    .    .    .    .    .    .    .    .    .    .    .    .    .    .    .    .    .    .    .    .    .    .    .    .    .    .    .    .    .    .    .    .    .    .    .    .    .    .    .    .    .    .    .    .    .    .    .    .    .    .    .    .    .    .    .    .    .    .    .    .  
  ^    ^    v    v    v    v    v    v    v    v    v    v    v    v    v    v    v    v    v    v    v    v    v    v    v    v    v    v    v    v    v    v    v    v    v    v    v    v    v    v    v    v    v    v    v    v    v    v    v    v    v    v    v    v    v    v    v    v    v    v    v    v    v    v    v    v    v    v    v    v    v    v    v    v    v    v    v    v    v    v    v    v    v    v    v    v    v    v    v    v    v    v    v    v    v    v    v    v    v    v    v    v    v    v    v    v    v    v    v    v    v    v    v    v    v    v    v    v    v    v  
  ^    ^    ^    ^    ^    ^    ^    ^    ^    ^    ^    ^    ^    ^    ^    ^    ^    ^    ^    ^    ^    ^    ^    ^    ^    ^    ^    ^    ^    ^    ^    ^    ^    ^    ^    ^    ^    ^    ^    ^    ^    ^    ^    ^    ^    ^    ^    ^    ^    ^    ^    ^    ^    ^    ^    ^    ^    ^    ^    ^    ^    ^    ^    ^    ^    ^    ^    ^    ^    ^    ^    ^    ^    ^    ^    ^    ^    ^    ^    >    >    >    >    >    >    ^    ^    ^    ^    ^    ^    ^    ^    ^    ^    ^    ^    ^    ^    ^    ^    ^    ^    ^    ^    ^    ^    ^    ^    ^    ^    ^    ^    ^    ^    ^    ^    ^    ^    ^  
  .    .    .    .    .    .    .    .    .    .    .    .    .    .    .    .    .    .    .    .    .    .    .    .    .    .    .    .    .    .    .    .    .    .    .    .    .    .    .    .    .    .    .    .    .    .    .    .    .    .    .    .    .    .    .    .    .    .    .    .    .    .    .    .    .    .    .    .    .    .    .    .    .    .    .    .    .    .    .    .    .    .    .    .    .    .    .    .    .    .    .    .    .    .    .    .    .    .    .    .    .    .    .    .    .    .    .    .    .    .    .    .    .    .    .    .    .    .    ^    ^  
  v    v    v    v    v    v    v    v    v    v    v    v    v    v    v    v    v    v    v    v    v    v    v    v    v    v    v    v    v    v    v    v    v    v    v    v    v    v    v    v    v    v    v    v    v    v    v    v    v    v    v    v    v    v    v    v    v    v    v    v    v    v    v    v    v    v    v    v    v    v    v    v    v    v    v    v    v    v    v    v    v    v    v    v    v    v    v    v    v    v    v    v    v    v    v    v    v    v    v    v    v    v    v    v    v    v    v    v    v    v    v    v    v    v    v    v    v    v    ^    ^  
  ^    ^    ^    ^    ^    ^    ^    ^    ^    ^    ^    ^    ^    ^    ^    ^    ^    ^    ^    ^    ^    ^    ^    ^    ^    ^    ^    ^    ^    ^    ^    ^    ^    ^    ^    ^    ^    ^    ^    ^    ^    ^    ^    ^    ^    ^    ^    ^    ^    ^    ^    ^    ^    ^    ^    ^    ^    ^    ^    ^    ^    ^    ^    ^    ^    ^    ^    ^    ^    ^    ^    ^    ^    ^    ^    ^    ^    ^    ^    ^    ^    ^    ^    ^    ^    ^    ^    ^    ^    ^    ^    ^    ^    ^    ^    ^    ^    ^    ^    ^    ^    ^    ^    ^    ^    ^    ^    ^    ^    ^    ^    ^    ^    ^    ^    ^    ^    ^    ^    ^  
  ^    ^    .    .    .    .    .    .    .    .    .    .    .    .    .    .    .    .    .    .    .    .    .    .    .    .    .    .    .    .    .    .    .    .    .    .    .    .    .    .    .    .    .    .    .    .    .    .    .    .    .    .    .    .    .    .    .    .    .    .    .    .    .    .    .    .    .    .    .    .    .    .    .    .    .    .    .    .    .    .    .    .    .    .    .    .    .    .    .    .    .    .    .    .    .    .    .    .    .    .    .    .    .    .    .    .    .    .    .    .    .    .    .    .    .    .    .    .    .    .  
  ^    ^    v    v    v    v    v    v    v    v    v    v    v    v    v    v    v    v    v    v    v    v    v    v    v    v    v    v    v    v    v    v    v    v    v    v    v    v    v    v    v    v    v    v    v    v    v    v    v    v    v    v    v    v    v    v    v    v    v    v    v    v    v    v    v    v    v    v    v    v    v    v    v    v    v    v    v    v    v    v    v    v    v    v    v    v    v    v    v    v    v    v    v    v    v    v    v    v    v    v    v    v    v    v    v    v    v    v    v    v    v    v    v    v    v    v    v    v    v    v  
  ^    ^    ^    ^    ^    ^    ^    ^    ^    ^    ^    ^    ^    ^    ^    ^    ^    ^    ^    ^    ^    ^    ^    ^    ^    ^    ^    ^    ^    ^    ^    ^    ^    ^    ^    ^    ^    ^    ^    ^    ^    ^    ^    ^    ^    ^    ^    ^    ^    ^    ^    ^    ^    ^    ^    ^    ^    ^    ^    ^    ^    ^    ^    ^    ^    ^    ^    ^    ^    ^    ^    ^    ^    ^    ^    ^    ^    ^    ^    >    >    >    >    >    >    ^    ^    ^    ^    ^    ^    ^    ^    ^    ^    ^    ^    ^    ^    ^    ^    ^    ^    ^    ^    ^    ^    ^    ^    ^    ^    ^    ^    ^    ^    ^    ^    ^    ^    ^  
  .    .    .    .    .    .    .    .    .    .    .    .    .    .    .    .    .    .    .    .    .    .    .    .    .    .    .    .    .    .    .    .    .    .    .    .    .    .    .    .    .    .    .    .    .    .    .    .    .    .    .    .    .    .    .    .    .    .    .    .    .    .    .    .    .    .    .    .    .    .    .    .    .    .    .    .    .    .    .    .    .    .    .    .    .    .    .    .    .    .    .    .    .    .    .    .    .    .    .    .    .    .    .    .    .    .    .    .    .    .    .    .    .    .    .    .    .    .    ^    ^  
  v    v    v    v    v    v    v    v    v    v    v    v    v    v    v    v    v    v    v    v    v    v    v    v    v    v    v    v    v    v    v    v    v    v    v    v    v    v    v    v    v    v    v    v    v    v    v    v    v    v    v    v    v    v    v    v    v    v    v    v    v    v    v    v    v    v    v    v    v    v    v    v    v    v    v    v    v    v    v    v    v    v    v    v    v    v    v    v    v    v    v    v    v    v    v    v    v    v    v    v    v    v    v    v    v    v    v    v    v    v    v    v    v    v    v    v    v    v    ^    ^  
  ^    ^    ^    ^    ^    ^    ^    ^    ^    ^    ^    ^    ^    ^    ^    ^    ^    ^    ^    ^    ^    ^    ^    ^    ^    ^    ^    ^    ^    ^    ^    ^    ^    ^    ^    ^    ^    ^    ^    ^    ^    ^    ^    ^    ^    ^    ^    ^    ^    ^    ^    ^    ^    ^    ^    ^    ^    ^    ^    ^    ^    ^    ^    ^    ^    ^    ^    ^    ^    ^    ^    ^    ^    ^    ^    ^    ^    ^    ^    ^    ^    ^    ^    ^    ^    ^    ^    ^    ^    ^    ^    ^    ^    ^    ^    ^    ^    ^    ^    ^    ^    ^    ^    ^    ^    ^    ^    ^    ^    ^    ^    ^    ^    ^    ^    ^    ^    ^    ^    ^  
  ^    ^    .    .    .    .    .    .    .    .    .    .    .    .    .    .    .    .    .    .    .    .    .    .    .    .    .    .    .    .    .    .    .    .    .    .    .    .    .    .    .    .    .    .    .    .    .    .    .    .    .    .    .    .    .    .    .    .    .    .    .    .    .    .    .    .    .    .    .    .    .    .    .    .    .    .    .    .    .    .    .    .    .    .    .    .    .    .    .    .    .    .    .    .    .    .    .    .    .    .    .    .    .    .    .    .    .    .    .    .    .    .    .    .    .    .    .    .    .    .  
  ^    ^    v    v    v    v    v    v    v    v    v    v    v    v    v    v    v    v    v    v    v    v    v    v    v    v    v    v    v    v    v    v    v    v    v    v    v    v    v    v    v    v    v    v    v    v    v    v    v    v    v    v    v    v    v    v    v    v    v    v    v    v    v    v    v    v    v    v    v    v    v    v    v    v    v    v    v    v    v    v    v    v    v    v    v    v    v    v    v    v    v    v    v    v    v    v    v    v    v    v    v    v    v    v    v    v    v    v    v    v    v    v    v    v    v    v    v    v    v    v  
  ^    ^    ^    ^    ^    ^    ^    ^    ^    ^    ^    ^    ^    ^    ^    ^    ^    ^    ^    ^    ^    ^    ^    ^    ^    ^    ^    ^    ^    ^    ^    ^    ^    ^    ^    ^    ^    ^    ^    ^    ^    ^    ^    ^    ^    ^    ^    ^    ^    ^    ^    ^    ^    ^    ^    ^    ^    ^    ^    ^    ^    ^    ^    ^    ^    ^    ^    ^    ^    ^    ^    ^    ^    ^    ^    ^    ^    ^    ^    >    >    >    >    >    >    ^    ^    ^    ^    ^    ^    ^    ^    ^    ^    ^    ^    ^    ^    ^    ^    ^    ^    ^    ^    ^    ^    ^    ^    ^    ^    ^    ^    ^    ^    ^    ^    ^    ^    ^  
  .    .    .    .    .    .    .    .    .    .    .    .    .    .    .    .    .    .    .    .    .    .    .    .    .    .    .    .    .    .    .    .    .    .    .    .    .    .    .    .    .    .    .    .    .    .    .    .    .    .    .    .    .    .    .    .    .    .    .    .    .    .    .    .    .    .    .    .    .    .    .    .    .    .    .    .    .    .    .    .    .    .    .    .    .    .    .    .    .    .    .    .    .    .    .    .    .    .    .    .    .    .    .    .    .    .    .    .    .    .    .    .    .    .    .    .    .    .    ^    ^  
  v    v    v    v    v    v    v    v    v    v    v    v    v    v    v    v    v    v    v    v    v    v    v    v    v    v    v    v    v    v    v    v    v    v    v    v    v    v    v    v    v    v    v    v    v    v    v    v    v    v    v    v    v    v    v    v    v    v    v    v    v    v    v    v    v    v    v    v    v    v    v    v    v    v    v    v    v    v    v    v    v    v    v    v    v    v    v    v    v    v    v    v    v    v    v    v    v    v    v    v    v    v    v    v    v    v    v    v    v    v    v    v    v    v    v    v    v    v    ^    ^  
  ^    ^    ^    ^    ^    ^    ^    ^    ^    ^    ^    ^    ^    ^    ^    ^    ^    ^    ^    ^    ^    ^    ^    ^    ^    ^    ^    ^    ^    ^    ^    ^    ^    ^    ^    ^    ^    ^    ^    ^    ^    ^    ^    ^    ^    ^    ^    ^    ^    ^    ^    ^    ^    ^    ^    ^    ^    ^    ^    ^    ^    ^    ^    ^    ^    ^    ^    ^    ^    ^    ^    ^    ^    ^    ^    ^    ^    ^    ^    ^    ^    ^    ^    ^    ^    ^    ^    ^    ^    ^    ^    ^    ^    ^    ^    ^    ^    ^    ^    ^    ^    ^    ^    ^    ^    ^    ^    ^    ^    ^    ^    ^    ^    ^    ^    ^    ^    ^    ^    ^  
  ^    ^    .    .    .    .    .    .    .    .    .    .    .    .    .    .    .    .    .    .    .    .    .    .    .    .    .    .    .    .    .    .    .    .    .    .    .    .    .    .    .    .    .    .    .    .    .    .    .    .    .    .    .    .    .    .    .    .    .    .    .    .    .    .    .    .    .    .    .    .    .    .    .    .    .    .    .    .    .    .    .    .    .    .    .    .    .    .    .    .    .    .    .    .    .    .    .    .    .    .    .    .    .    .    .    .    .    .    .    .    .    .    .    .    .    .    .    .    .    .  
  ^    ^    v    v    v    v    v    v    v    v    v    v    v    v    v    v    v    v    v    v    v    v    v    v    v    v    v    v    v    v    v    v    v    v    v    v    v    v    v    v    v    v    v    v    v    v    v    v    v    v    v    v    v    v    v    v    v    v    v    v    v    v    v    v    v    v    v    v    v    v    v    v    v    v    v    v    v    v    v    v    v    v    v    v    v    v    v    v    v    v    v    v    v    v    v    v    v    v    v    v    v    v    v    v    v    v    v    v    v    v    v    v    v    v    v    v    v    v    v    v  
  ^    ^    ^    ^    ^    ^    ^    ^    ^    ^    ^    ^    ^    ^    ^    ^    ^    ^    ^    ^    ^    ^    ^    ^    ^    ^    ^    ^    ^    ^    ^    ^    ^    ^    ^    ^    ^    ^    ^    ^    ^    ^    ^    ^    ^    ^    ^    ^    ^    ^    ^    ^    ^    ^    ^    ^    ^    ^    ^    ^    ^    ^    ^    ^    ^    ^    ^    ^    ^    ^    ^    ^    ^    ^    ^    ^    ^    ^    ^    >    >    >    >    >    >    ^    ^    ^    ^    ^    ^    ^    ^    ^    ^    ^    ^    ^    ^    ^    ^    ^    ^    ^    ^    ^    ^    ^    ^    ^    ^    ^    ^    ^    ^    ^    ^    ^    ^    ^  
  .    .    .    .    .    .    .    .    .    .    .    .    .    .    .    .    .    .    .    .    .    .    .    .    .    .    .    .    .    .    .    .    .    .    .    .    .    .    .    .    .    .    .    .    .    .    .    .    .    .    .    .    .    .    .    .    .    .    .    .    .    .    .    .    .    .    .    .    .    .    .    .    .    .    .    .    .    .    .    .    .    .    .    .    .    .    .    .    .    .    .    .    .    .    .    .    .    .    .    .    .    .    .    .    .    .    .    .    .    .    .    .    .    .    .    .    .    .    ^    ^  
  v    v    v    v    v    v    v    v    v    v    v    v    v    v    v    v    v    v    v    v    v    v    v    v    v    v    v    v    v    v    v    v    v    v    v    v    v    v    v    v    v    v    v    v    v    v    v    v    v    v    v    v    v    v    v    v    v    v    v    v    v    v    v    v    v    v    v    v    v    v    v    v    v    v    v    v    v    v    v    v    v    v    v    v    v    v    v    v    v    v    v    v    v    v    v    v    v    v    v    v    v    v    v    v    v    v    v    v    v    v    v    v    v    v    v    v    v    v    ^    ^  
  ^    ^    ^    ^    ^    ^    ^    ^    ^    ^    ^    ^    ^    ^    ^    ^    ^    ^    ^    ^    ^    ^    ^    ^    ^    ^    ^    ^    ^    ^    ^    ^    ^    ^    ^    ^    ^    ^    ^    ^    ^    ^    ^    ^    ^    ^    ^    ^    ^    ^    ^    ^    ^    ^    ^    ^    ^    ^    ^    ^    ^    ^    ^    ^    ^    ^    ^    ^    ^    ^    ^    ^    ^    ^    ^    ^    ^    ^    ^    ^    ^    ^    ^    ^    ^    ^    ^    ^    ^    ^    ^    ^    ^    ^    ^    ^    ^    ^    ^    ^    ^    ^    ^    ^    ^    ^    ^    ^    ^    ^    ^    ^    ^    ^    ^    ^    ^    ^    ^    ^  
  ^    ^    .    .    .    .    .    .    .    .    .    .    .    .    .    .    .    .    .    .    .    .    .    .    .    .    .    .    .    .    .    .    .    .    .    .    .    .    .    .    .    .    .    .    .    .    .    .    .    .    .    .    .    .    .    .    .    .    .    .    .    .    .    .    .    .    .    .    .    .    .    .    .    .    .    .    .    .    .    .    .    .    .    .    .    .    .    .    .    .    .    .    .    .    .    .    .    .    .    .    .    .    .    .    .    .    .    .    .    .    .    .    .    .    .    .    .    .    .    .  
  ^    ^    v    v    v    v    v    v    v    v    v    v    v    v    v    v    v    v    v    v    v    v    v    v    v    v    v    v    v    v    v    v    v    v    v    v    v    v    v    v    v    v    v    v    v    v    v    v    v    v    v    v    v    v    v    v    v    v    v    v    v    v    v    v    v    v    v    v    v    v    v    v    v    v    v    v    v    v    v    v    v    v    v    v    v    v    v    v    v    v    v    v    v    v    v    v    v    v    v    v    v    v    v    v    v    v    v    v    v    v    v    v    v    v    v    v    v    v    v    v  
  ^    ^    ^    ^    ^    ^    ^    ^    ^    ^    ^    ^    ^    ^    ^    ^    ^    ^    ^    ^    ^    ^    ^    ^    ^    ^    ^    ^    ^    ^    ^    ^    ^    ^    ^    ^    ^    ^    ^    ^    ^    ^    ^    ^    ^    ^    ^    ^    ^    ^    ^    ^    ^    ^    ^    ^    ^    ^    ^    ^    ^    ^    ^    ^    ^    ^    ^    ^    ^    ^    ^    ^    ^    ^    ^    ^    ^    ^    ^    >    >    >    >    >    >    ^    ^    ^    ^    ^    ^    ^    ^    ^    ^    ^    ^    ^    ^    ^    ^    ^    ^    ^    ^    ^    ^    ^    ^    ^    ^    ^    ^    ^    ^    ^    ^    ^    ^    ^  
  .    .    .    .    .    .    .    .    .    .    .    .    .    .    .    .    .    .    .    .    .    .    .    .    .    .    .    .    .    .    .    .    .    .    .    .    .    .    .    .    .    .    .    .    .    .    .    .    .    .    .    .    .    .    .    .    .    .    .    .    .    .    .    .    .    .    .    .    .    .    .    .    .    .    .    .    .    .    .    .    .    .    .    .    .    .    .    .    .    .    .    .    .    .    .    .    .    .    .    .    .    .    .    .    .    .    .    .    .    .    .    .    .    .    .    .    .    .    ^    ^  
  v    v    v    v    v    v    v    v    v    v    v    v    v    v    v    v    v    v    v    v    v    v    v    v    v    v    v    v    v    v    v    v    v    v    v    v    v    v    v    v    v    v    v    v    v    v    v    v    v    v    v    v    v    v    v    v    v    v    v    v    v    v    v    v    v    v    v    v    v    v    v    v    v    v    v    v    v    v    v    v    v    v    v    v    v    v    v    v    v    v    v    v    v    v    v    v    v    v    v    v    v    v    v    v    v    v    v    v    v    v    v    v    v    v    v    v    v    v    ^    ^  
  ^    ^    ^    ^    ^    ^    ^    ^    ^    ^    ^    ^    ^    ^    ^    ^    ^    ^    ^    ^    ^    ^    ^    ^    ^    ^    ^    ^    ^    ^    ^    ^    ^    ^    ^    ^    ^    ^    ^    ^    ^    ^    ^    ^    ^    ^    ^    ^    ^    ^    ^    ^    ^    ^    ^    ^    ^    ^    ^    ^    ^    ^    ^    ^    ^    ^    ^    ^    ^    ^    ^    ^    ^    ^    ^    ^    ^    ^    ^    ^    ^    ^    ^    ^    ^    ^    ^    ^    ^    ^    ^    ^    ^    ^    ^    ^    ^    ^    ^    ^    ^    ^    ^    ^    ^    ^    ^    ^    ^    ^    ^    ^    ^    ^    ^    ^    ^    ^    ^    ^  
  ^    ^    .    .    .    .    .    .    .    .    .    .    .    .    .    .    .    .    .    .    .    .    .    .    .    .    .    .    .    .    .    .    .    .    .    .    .    .    .    .    .    .    .    .    .    .    .    .    .    .    .    .    .    .    .    .    .    .    .    .    .    .    .    .    .    .    .    .    .    .    .    .    .    .    .    .    .    .    .    .    .    .    .    .    .    .    .    .    .    .    .    .    .    .    .    .    .    .    .    .    .    .    .    .    .    .    .    .    .    .    .    .    .    .    .    .    .    .    .    .  
  ^    ^    v    v    v    v    v    v    v    v    v    v    v    v    v    v    v    v    v    v    v    v    v    v    v    v    v    v    v    v    v    v    v    v    v    v    v    v    v    v    v    v    v    v    v    v    v    v    v    v    v    v    v    v    v    v    v    v    v    v    v    v    v    v    v    v    v    v    v    v    v    v    v    v    v    v    v    v    v    v    v    v    v    v    v    v    v    v    v    v    v    v    v    v    v    v    v    v    v    v    v    v    v    v    v    v    v    v    v    v    v    v    v    v    v    v    v    v    v    v  
  ^    ^    ^    ^    ^    ^    ^    ^    ^    ^    ^    ^    ^    ^    ^    ^    ^    ^    ^    ^    ^    ^    ^    ^    ^    ^    ^    ^    ^    ^    ^    ^    ^    ^    ^    ^    ^    ^    ^    ^    ^    ^    ^    ^    ^    ^    ^    ^    ^    ^    ^    ^    ^    ^    ^    ^    ^    ^    ^    ^    ^    ^    ^    ^    ^    ^    ^    ^    ^    ^    ^    ^    ^    ^    ^    ^    ^    ^    ^    >    >    >    >    >    >    ^    ^    ^    ^    ^    ^    ^    ^    ^    ^    ^    ^    ^    ^    ^    ^    ^    ^    ^    ^    ^    ^    ^    ^    ^    ^    ^    ^    ^    ^    ^    ^    ^    ^    ^  
  .    .    .    .    .    .    .    .    .    .    .    .    .    .    .    .    .    .    .    .    .    .    .    .    .    .    .    .    .    .    .    .    .    .    .    .    .    .    .    .    .    .    .    .    .    .    .    .    .    .    .    .    .    .    .    .    .    .    .    .    .    .    .    .    .    .    .    .    .    .    .    .    .    .    .    .    .    .    .    .    .    .    .    .    .    .    .    .    .    .    .    .    .    .    .    .    .    .    .    .    .    .    .    .    .    .    .    .    .    .    .    .    .    .    .    .    .    .    ^    ^  
  v    v    v    v    v    v    v    v    v    v    v    v    v    v    v    v    v    v    v    v    v    v    v    v    v    v    v    v    v    v    v    v    v    v    v    v    v    v    v    v    v    v    v    v    v    v    v    v    v    v    v    v    v    v    v    v    v    v    v    v    v    v    v    v    v    v    v    v    v    v    v    v    v    v    v    v    v    v    v    v    v    v    v    v    v    v    v    v    v    v    v    v    v    v    v    v    v    v    v    v    v    v    v    v    v    v    v    v    v    v    v    v    v    v    v    v    v    v    ^    ^  
  ^    ^    ^    ^    ^    ^    ^    ^    ^    ^    ^    ^    ^    ^    ^    ^    ^    ^    ^    ^    ^    ^    ^    ^    ^    ^    ^    ^    ^    ^    ^    ^    ^    ^    ^    ^    ^    ^    ^    ^    ^    ^    ^    ^    ^    ^    ^    ^    ^    ^    ^    ^    ^    ^    ^    ^    ^    ^    ^    ^    ^    ^    ^    ^    ^    ^    ^    ^    ^    ^    ^    ^    ^    ^    ^    ^    ^    ^    ^    ^    ^    ^    ^    ^    ^    ^    ^    ^    ^    ^    ^    ^    ^    ^    ^    ^    ^    ^    ^    ^    ^    ^    ^    ^    ^    ^    ^    ^    ^    ^    ^    ^    ^    ^    ^    ^    ^    ^    ^    ^  
  ^    ^    .    .    .    .    .    .    .    .    .    .    .    .    .    .    .    .    .    .    .    .    .    .    .    .    .    .    .    .    .    .    .    .    .    .    .    .    .    .    .    .    .    .    .    .    .    .    .    .    .    .    .    .    .    .    .    .    .    .    .    .    .    .    .    .    .    .    .    .    .    .    .    .    .    .    .    .    .    .    .    .    .    .    .    .    .    .    .    .    .    .    .    .    .    .    .    .    .    .    .    .    .    .    .    .    .    .    .    .    .    .    .    .    .    .    .    .    .    .  
  ^    ^    v    v    v    v    v    v    v    v    v    v    v    v    v    v    v    v    v    v    v    v    v    v    v    v    v    v    v    v    v    v    v    v    v    v    v    v    v    v    v    v    v    v    v    v    v    v    v    v    v    v    v    v    v    v    v    v    v    v    v    v    v    v    v    v    v    v    v    v    v    v    v    v    v    v    v    v    v    v    v    v    v    v    v    v    v    v    v    v    v    v    v    v    v    v    v    v    v    v    v    v    v    v    v    v    v    v    v    v    v    v    v    v    v    v    v    v    v    v  
  ^    ^    ^    ^    ^    ^    ^    ^    ^    ^    ^    ^    ^    ^    ^    ^    ^    ^    ^    ^    ^    ^    ^    ^    ^    ^    ^    ^    ^    ^    ^    ^    ^    ^    ^    ^    ^    ^    ^    ^    ^    ^    ^    ^    ^    ^    ^    ^    ^    ^    ^    ^    ^    ^    ^    ^    ^    ^    ^    ^    ^    ^    ^    ^    ^    ^    ^    ^    ^    ^    ^    ^    ^    ^    ^    ^    ^    ^    ^    >    >    >    >    >    >    ^    ^    ^    ^    ^    ^    ^    ^    ^    ^    ^    ^    ^    ^    ^    ^    ^    ^    ^    ^    ^    ^    ^    ^    ^    ^    ^    ^    ^    ^    ^    ^    ^    ^    ^  
  .    .    .    .    .    .    .    .    .    .    .    .    .    .    .    .    .    .    .    .    .    .    .    .    .    .    .    .    .    .    .    .    .    .    .    .    .    .    .    .    .    .    .    .    .    .    .    .    .    .    .    .    .    .    .    .    .    .    .    .    .    .    .    .    .    .    .    .    .    .    .    .    .    .    .    .    .    .    .    .    .    .    .    .    .    .    .    .    .    .    .    .    .    .    .    .    .    .    .    .    .    .    .    .    .    .    .    .    .    .    .    .    .    .    .    .    .    .    ^    ^  
  v    v    v    v    v    v    v    v    v    v    v    v    v    v    v    v    v    v    v    v    v    v    v    v    v    v    v    v    v    v    v    v    v    v    v    v    v    v    v    v    v    v    v    v    v    v    v    v    v    v    v    v    v    v    v    v    v    v    v    v    v    v    v    v    v    v    v    v    v    v    v    v    v    v    v    v    v    v    v    v    v    v    v    v    v    v    v    v    v    v    v    v    v    v    v    v    v    v    v    v    v    v    v    v    v    v    v    v    v    v    v    v    v    v    v    v    v    v    ^    ^  
  ^    ^    ^    ^    ^    ^    ^    ^    ^    ^    ^    ^    ^    ^    ^    ^    ^    ^    ^    ^    ^    ^    ^    ^    ^    ^    ^    ^    ^    ^    ^    ^    ^    ^    ^    ^    ^    ^    ^    ^    ^    ^    ^    ^    ^    ^    ^    ^    ^    ^    ^    ^    ^    ^    ^    ^    ^    ^    ^    ^    ^    ^    ^    ^    ^    ^    ^    ^    ^    ^    ^    ^    ^    ^    ^    ^    ^    ^    ^    ^    ^    ^    ^    ^    ^    ^    ^    ^    ^    ^    ^    ^    ^    ^    ^    ^    ^    ^    ^    ^    ^    ^    ^    ^    ^    ^    ^    ^    ^    ^    ^    ^    ^    ^    ^    ^    ^    ^    ^    ^  
  ^    ^    .    .    .    .    .    .    .    .    .    .    .    .    .    .    .    .    .    .    .    .    .    .    .    .    .    .    .    .    .    .    .    .    .    .    .    .    .    .    .    .    .    .    .    .    .    .    .    .    .    .    .    .    .    .    .    .    .    .    .    .    .    .    .    .    .    .    .    .    .    .    .    .    .    .    .    .    .    .    .    .    .    .    .    .    .    .    .    .    .    .    .    .    .    .    .    .    .    .    .    .    .    .    .    .    .    .    .    .    .    .    .    .    .    .    .    .    .    .  
  ^    ^    v    v    v    v    v    v    v    v    v    v    v    v    v    v    v    v    v    v    v    v    v    v    v    v    v    v    v    v    v    v    v    v    v    v    v    v    v    v    v    v    v    v    v    v    v    v    v    v    v    v    v    v    v    v    v    v    v    v    v    v    v    v    v    v    v    v    v    v    v    v    v    v    v    v    v    v    v    v    v    v    v    v    v    v    v    v    v    v    v    v    v    v    v    v    v    v    v    v    v    v    v    v    v    v    v    v    v    v    v    v    v    v    v    v    v    v    v    v  
  ^    ^    ^    ^    ^    ^    ^    ^    ^    ^    ^    ^    ^    ^    ^    ^    ^    ^    ^    ^    ^    ^    ^    ^    ^    ^    ^    ^    ^    ^    ^    ^    ^    ^    ^    ^    ^    ^    ^    ^    ^    ^    ^    ^    ^    ^    ^    ^    ^    ^    ^    ^    ^    ^    ^    ^    ^    ^    ^    ^    ^    ^    ^    ^    ^    ^    ^    ^    ^    ^    ^    ^    ^    ^    ^    ^    ^    ^    ^    >    >    >    >    >    >    ^    ^    ^    ^    ^    ^    ^    ^    ^    ^    ^    ^    ^    ^    ^    ^    ^    ^    ^    ^    ^    ^    ^    ^    ^    ^    ^    ^    ^    ^    ^    ^    ^    ^    ^  
  .    .    .    .    .    .    .    .    .    .    .    .    .    .    .    .    .    .    .    .    .    .    .    .    .    .    .    .    .    .    .    .    .    .    .    .    .    .    .    .    .    .    .    .    .    .    .    .    .    .    .    .    .    .    .    .    .    .    .    .    .    .    .    .    .    .    .    .    .    .    .    .    .    .    .    .    .    .    .    .    .    .    .    .    .    .    .    .    .    .    .    .    .    .    .    .    .    .    .    .    .    .    .    .    .    .    .    .    .    .    .    .    .    .    .    .    .    .    ^    ^  
  v    v    v    v    v    v    v    v    v    v    v    v    v    v    v    v    v    v    v    v    v    v    v    v    v    v    v    v    v    v    v    v    v    v    v    v    v    v    v    v    v    v    v    v    v    v    v    v    v    v    v    v    v    v    v    v    v    v    v    v    v    v    v    v    v    v    v    v    v    v    v    v    v    v    v    v    v    v    v    v    v    v    v    v    v    v    v    v    v    v    v    v    v    v    v    v    v    v    v    v    v    v    v    v    v    v    v    v    v    v    v    v    v    v    v    v    v    v    ^    ^  
  ^    ^    ^    ^    ^    ^    ^    ^    ^    ^    ^    ^    ^    ^    ^    ^    ^    ^    ^    ^    ^    ^    ^    ^    ^    ^    ^    ^    ^    ^    ^    ^    ^    ^    ^    ^    ^    ^    ^    ^    ^    ^    ^    ^    ^    ^    ^    ^    ^    ^    ^    ^    ^    ^    ^    ^    ^    ^    ^    ^    ^    ^    ^    ^    ^    ^    ^    ^    ^    ^    ^    ^    ^    ^    ^    ^    ^    ^    ^    ^    ^    ^    ^    ^    ^    ^    ^    ^    ^    ^    ^    ^    ^    ^    ^    ^    ^    ^    ^    ^    ^    ^    ^    ^    ^    ^    ^    ^    ^    ^    ^    ^    ^    ^    ^    ^    ^    ^    ^    ^  
  ^    ^    .    .    .    .    .    .    .    .    .    .    .    .    .    .    .    .    .    .    .    .    .    .    .    .    .    .    .    .    .    .    .    .    .    .    .    .    .    .    .    .    .    .    .    .    .    .    .    .    .    .    .    .    .    .    .    .    .    .    .    .    .    .    .    .    .    .    .    .    .    .    .    .    .    .    .    .    .    .    .    .    .    .    .    .    .    .    .    .    .    .    .    .    .    .    .    .    .    .    .    .    .    .    .    .    .    .    .    .    .    .    .    .    .    .    .    .    .    .  
  ^    ^    v    v    v    v    v    v    v    v    v    v    v    v    v    v    v    v    v    v    v    v    v    v    v    v    v    v    v    v    v    v    v    v    v    v    v    v    v    v    v    v    v    v    v    v    v    v    v    v    v    v    v    v    v    v    v    v    v    v    v    v    v    v    v    v    v    v    v    v    v    v    v    v    v    v    v    v    v    v    v    v    v    v    v    v    v    v    v    v    v    v    v    v    v    v    v    v    v    v    v    v    v    v    v    v    v    v    v    v    v    v    v    v    v    v    v    v    v    v  
  ^    ^    ^    ^    ^    ^    ^    ^    ^    ^    ^    ^    ^    ^    ^    ^    ^    ^    ^    ^    ^    ^    ^    ^    ^    ^    ^    ^    ^    ^    ^    ^    ^    ^    ^    ^    ^    ^    ^    ^    ^    ^    ^    ^    ^    ^    ^    ^    ^    ^    ^    ^    ^    ^    ^    ^    ^    ^    ^    ^    ^    ^    ^    ^    ^    ^    ^    ^    ^    ^    ^    ^    ^    ^    ^    ^    ^    ^    ^    >    >    >    >    >    >    ^    ^    ^    ^    ^    ^    ^    ^    ^    ^    ^    ^    ^    ^    ^    ^    ^    ^    ^    ^    ^    ^    ^    ^    ^    ^    ^    ^    ^    ^    ^    ^    ^    ^    ^  
  .    .    .    .    .    .    .    .    .    .    .    .    .    .    .    .    .    .    .    .    .    .    .    .    .    .    .    .    .    .    .    .    .    .    .    .    .    .    .    .    .    .    .    .    .    .    .    .    .    .    .    .    .    .    .    .    .    .    .    .    .    .    .    .    .    .    .    .    .    .    .    .    .    .    .    .    .    .    .    .    .    .    .    .    .    .    .    .    .    .    .    .    .    .    .    .    .    .    .    .    .    .    .    .    .    .    .    .    .    .    .    .    .    .    .    .    .    .    ^    ^  
  v    v    v    v    v    v    v    v    v    v    v    v    v    v    v    v    v    v    v    v    v    v    v    v    v    v    v    v    v    v    v    v    v    v    v    v    v    v    v    v    v    v    v    v    v    v    v    v    v    v    v    v    v    v    v    v    v    v    v    v    v    v    v    v    v    v    v    v    v    v    v    v    v    v    v    v    v    v    v    v    v    v    v    v    v    v    v    v    v    v    v    v    v    v    v    v    v    v    v    v    v    v    v    v    v    v    v    v    v    v    v    v    v    v    v    v    v    v    ^    ^  
  ^    ^    ^    ^    ^    ^    ^    ^    ^    ^    ^    ^    ^    ^    ^    ^    ^    ^    ^    ^    ^    ^    ^    ^    ^    ^    ^    ^    ^    ^    ^    ^    ^    ^    ^    ^    ^    ^    ^    ^    ^    ^    ^    ^    ^    ^    ^    ^    ^    ^    ^    ^    ^    ^    ^    ^    ^    ^    ^    ^    ^    ^    ^    ^    ^    ^    ^    ^    ^    ^    ^    ^    ^    ^    ^    ^    ^    ^    ^    ^    ^    ^    ^    ^    ^    ^    ^    ^    ^    ^    ^    ^    ^    ^    ^    ^    ^    ^    ^    ^    ^    ^    ^    ^    ^    ^    ^    ^    ^    ^    ^    ^    ^    ^    ^    ^    ^    ^    ^    ^  
  ^    ^    .    .    .    .    .    .    .    .    .    .    .    .    .    .    .    .    .    .    .    .    .    .    .    .    .    .    .    .    .    .    .    .    .    .    .    .    .    .    .    .    .    .    .    .    .    .    .    .    .    .    .    .    .    .    .    .    .    .    .    .    .    .    .    .    .    .    .    .    .    .    .    .    .    .    .    .    .    .    .    .    .    .    .    .    .    .    .    .    .    .    .    .    .    .    .    .    .    .    .    .    .    .    .    .    .    .    .    .    .    .    .    .    .    .    .    .    .    .  
  ^    ^    v    v    v    v    v    v    v    v    v    v    v    v    v    v    v    v    v    v    v    v    v    v    v    v    v    v    v    v    v    v    v    v    v    v    v    v    v    v    v    v    v    v    v    v    v    v    v    v    v    v    v    v    v    v    v    v    v    v    v    v    v    v    v    v    v    v    v    v    v    v    v    v    v    v    v    v    v    v    v    v    v    v    v    v    v    v    v    v    v    v    v    v    v    v    v    v    v    v    v    v    v    v    v    v    v    v    v    v    v    v    v    v    v    v    v    v    v    v  
  ^    ^    ^    ^    ^    ^    ^    ^    ^    ^    ^    ^    ^    ^    ^    ^    ^    ^    ^    ^    ^    ^    ^    ^    ^    ^    ^    ^    ^    ^    ^    ^    ^    ^    ^    ^    ^    ^    ^    ^    ^    ^    ^    ^    ^    ^    ^    ^    ^    ^    ^    ^    ^    ^    ^    ^    ^    ^    ^    ^    ^    ^    ^    ^    ^    ^    ^    ^    ^    ^    ^    ^    ^    ^    ^    ^    ^    ^    ^    >    >    >    >    >    >    ^    ^    ^    ^    ^    ^    ^    ^    ^    ^    ^    ^    ^    ^    ^    ^    ^    ^    ^    ^    ^    ^    ^    ^    ^    ^    ^    ^    ^    ^    ^    ^    ^    ^    ^  
  .    .    .    .    .    .    .    .    .    .    .    .    .    .    .    .    .    .    .    .    .    .    .    .    .    .    .    .    .    .    .    .    .    .    .    .    .    .    .    .    .    .    .    .    .    .    .    .    .    .    .    .    .    .    .    .    .    .    .    .    .    .    .    .    .    .    .    .    .    .    .    .    .    .    .    .    .    .    .    .    .    .    .    .    .    .    .    .    .    .    .    .    .    .    .    .    .    .    .    .    .    .    .    .    .    .    .    .    .    .    .    .    .    .    .    .    .    .    ^    ^  
  v    v    v    v    v    v    v    v    v    v    v    v    v    v    v    v    v    v    v    v    v    v    v    v    v    v    v    v    v    v    v    v    v    v    v    v    v    v    v    v    v    v    v    v    v    v    v    v    v    v    v    v    v    v    v    v    v    v    v    v    v    v    v    v    v    v    v    v    v    v    v    v    v    v    v    v    v    v    v    v    v    v    v    v    v    v    v    v    v    v    v    v    v    v    v    v    v    v    v    v    v    v    v    v    v    v    v    v    v    v    v    v    v    v    v    v    v    v    ^    ^  
  ^    ^    ^    ^    ^    ^    ^    ^    ^    ^    ^    ^    ^    ^    ^    ^    ^    ^    ^    ^    ^    ^    ^    ^    ^    ^    ^    ^    ^    ^    ^    ^    ^    ^    ^    ^    ^    ^    ^    ^    ^    ^    ^    ^    ^    ^    ^    ^    ^    ^    ^    ^    ^    ^    ^    ^    ^    ^    ^    ^    ^    ^    ^    ^    ^    ^    ^    ^    ^    ^    ^    ^    ^    ^    ^    ^    ^    ^    ^    ^    ^    ^    ^    ^    ^    ^    ^    ^    ^    ^    ^    ^    ^    ^    ^    ^    ^    ^    ^    ^    ^    ^    ^    ^    ^    ^    ^    ^    ^    ^    ^    ^    ^    ^    ^    ^    ^    ^    ^    ^  
  ^    ^    .    .    .    .    .    .    .    .    .    .    .    .    .    .    .    .    .    .    .    .    .    .    .    .    .    .    .    .    .    .    .    .    .    .    .    .    .    .    .    .    .    .    .    .    .    .    .    .    .    .    .    .    .    .    .    .    .    .    .    .    .    .    .    .    .    .    .    .    .    .    .    .    .    .    .    .    .    .    .    .    .    .    .    .    .    .    .    .    .    .    .    .    .    .    .    .    .    .    .    .    .    .    .    .    .    .    .    .    .    .    .    .    .    .    .    .    .    .  
  ^    ^    v    v    v    v    v    v    v    v    v    v    v    v    v    v    v    v    v    v    v    v    v    v    v    v    v    v    v    v    v    v    v    v    v    v    v    v    v    v    v    v    v    v    v    v    v    v    v    v    v    v    v    v    v    v    v    v    v    v    v    v    v    v    v    v    v    v    v    v    v    v    v    v    v    v    v    v    v    v    v    v    v    v    v    v    v    v    v    v    v    v    v    v    v    v    v    v    v    v    v    v    v    v    v    v    v    v    v    v    v    v    v    v    v    v    v    v    v    v  
  ^    ^    ^    ^    ^    ^    ^    ^    ^    ^    ^    ^    ^    ^    ^    ^    ^    ^    ^    ^    ^    ^    ^    ^    ^    ^    ^    ^    ^    ^    ^    ^    ^    ^    ^    ^    ^    ^    ^    ^    ^    ^    ^    ^    ^    ^    ^    ^    ^    ^    ^    ^    ^    ^    ^    ^    ^    ^    ^    ^    ^    ^    ^    ^    ^    ^    ^    ^    ^    ^    ^    ^    ^    ^    ^    ^    ^    ^    ^    >    >    >    >    >    >    ^    ^    ^    ^    ^    ^    ^    ^    ^    ^    ^    ^    ^    ^    ^    ^    ^    ^    ^    ^    ^    ^    ^    ^    ^    ^    ^    ^    ^    ^    ^    ^    ^    ^    ^  
  .    .    .    .    .    .    .    .    .    .    .    .    .    .    .    .    .    .    .    .    .    .    .    .    .    .    .    .    .    .    .    .    .    .    .    .    .    .    .    .    .    .    .    .    .    .    .    .    .    .    .    .    .    .    .    .    .    .    .    .    .    .    .    .    .    .    .    .    .    .    .    .    .    .    .    .    .    .    .    .    .    .    .    .    .    .    .    .    .    .    .    .    .    .    .    .    .    .    .    .    .    .    .    .    .    .    .    .    .    .    .    .    .    .    .    .    .    .    ^    ^  
  v    v    v    v    v    v    v    v    v    v    v    v    v    v    v    v    v    v    v    v    v    v    v    v    v    v    v    v    v    v    v    v    v    v    v    v    v    v    v    v    v    v    v    v    v    v    v    v    v    v    v    v    v    v    v    v    v    v    v    v    v    v    v    v    v    v    v    v    v    v    v    v    v    v    v    v    v    v    v    v    v    v    v    v    v    v    v    v    v    v    v    v    v    v    v    v    v    v    v    v    v    v    v    v    v    v    v    v    v    v    v    v    v    v    v    v    v    v    ^    ^  
  ^    ^    ^    ^    ^    ^    ^    ^    ^    ^    ^    ^    ^    ^    ^    ^    ^    ^    ^    ^    ^    ^    ^    ^    ^    ^    ^    ^    ^    ^    ^    ^    ^    ^    ^    ^    ^    ^    ^    ^    ^    ^    ^    ^    ^    ^    ^    ^    ^    ^    ^    ^    ^    ^    ^    ^    ^    ^    ^    ^    ^    ^    ^    ^    ^    ^    ^    ^    ^    ^    ^    ^    ^    ^    ^    ^    ^    ^    ^    ^    ^    ^    ^    ^    ^    ^    ^    ^    ^    ^    ^    ^    ^    ^    ^    ^    ^    ^    ^    ^    ^    ^    ^    ^    ^    ^    ^    ^    ^    ^    ^    ^    ^    ^    ^    ^    ^    ^    ^    ^  
  ^    ^    .    .    .    .    .    .    .    .    .    .    .    .    .    .    .    .    .    .    .    .    .    .    .    .    .    .    .    .    .    .    .    .    .    .    .    .    .    .    .    .    .    .    .    .    .    .    .    .    .    .    .    .    .    .    .    .    .    .    .    .    .    .    .    .    .    .    .    .    .    .    .    .    .    .    .    .    .    .    .    .    .    .    .    .    .    .    .    .    .    .    .    .    .    .    .    .    .    .    .    .    .    .    .    .    .    .    .    .    .    .    .    .    .    .    .    .    .    .  
  ^    ^    v    v    v    v    v    v    v    v    v    v    v    v    v    v    v    v    v    v    v    v    v    v    v    v    v    v    v    v    v    v    v    v    v    v    v    v    v    v    v    v    v    v    v    v    v    v    v    v    v    v    v    v    v    v    v    v    v    v    v    v    v    v    v    v    v    v    v    v    v    v    v    v    v    v    v    v    v    v    v    v    v    v    v    v    v    v    v    v    v    v    v    v    v    v    v    v    v    v    v    v    v    v    v    v    v    v    v    v    v    v    v    v    v    v    v    v    v    v  
  ^    ^    ^    ^    ^    ^    ^    ^    ^    ^    ^    ^    ^    ^    ^    ^    ^    ^    ^    ^    ^    ^    ^    ^    ^    ^    ^    ^    ^    ^    ^    ^    ^    ^    ^    ^    ^    ^    ^    ^    ^    ^    ^    ^    ^    ^    ^    ^    ^    ^    ^    ^    ^    ^    ^    ^    ^    ^    ^    ^    ^    ^    ^    ^    ^    ^    ^    ^    ^    ^    ^    ^    ^    ^    ^    ^    ^    ^    ^    >    >    >    >    >    >    ^    ^    ^    ^    ^    ^    ^    ^    ^    ^    ^    ^    ^    ^    ^    ^    ^    ^    ^    ^    ^    ^    ^    ^    ^    ^    ^    ^    ^    ^    ^    ^    ^    ^    ^  
  .    .    .    .    .    .    .    .    .    .    .    .    .    .    .    .    .    .    .    .    .    .    .    .    .    .    .    .    .    .    .    .    .    .    .    .    .    .    .    .    .    .    .    .    .    .    .    .    .    .    .    .    .    .    .    .    .    .    .    .    .    .    .    .    .    .    .    .    .    .    .    .    .    .    .    .    .    .    .    .    .    .    .    .    .    .    .    .    .    .    .    .    .    .    .    .    .    .    .    .    .    .    .    .    .    .    .    .    .    .    .    .    .    .    .    .    .    .    ^    ^  
  v    v    v    v    v    v    v    v    v    v    v    v    v    v    v    v    v    v    v    v    v    v    v    v    v    v    v    v    v    v    v    v    v    v    v    v    v    v    v    v    v    v    v    v    v    v    v    v    v    v    v    v    v    v    v    v    v    v    v    v    v    v    v    v    v    v    v    v    v    v    v    v    v    v    v    v    v    v    v    v    v    v    v    v    v    v    v    v    v    v    v    v    v    v    v    v    v    v    v    v    v    v    v    v    v    v    v    v    v    v    v    v    v    v    v    v    v    v    ^    ^  
  ^    ^    ^    ^    ^    ^    ^    ^    ^    ^    ^    ^    ^    ^    ^    ^    ^    ^    ^    ^    ^    ^    ^    ^    ^    ^    ^    ^    ^    ^    ^    ^    ^    ^    ^    ^    ^    ^    ^    ^    ^    ^    ^    ^    ^    ^    ^    ^    ^    ^    ^    ^    ^    ^    ^    ^    ^    ^    ^    ^    ^    ^    ^    ^    ^    ^    ^    ^    ^    ^    ^    ^    ^    ^    ^    ^    ^    ^    ^    ^    ^    ^    ^    ^    ^    ^    ^    ^    ^    ^    ^    ^    ^    ^    ^    ^    ^    ^    ^    ^    ^    ^    ^    ^    ^    ^    ^    ^    ^    ^    ^    ^    ^    ^    ^    ^    ^    ^    ^    ^  
  ^    ^    .    .    .    .    .    .    .    .    .    .    .    .    .    .    .    .    .    .    .    .    .    .    .    .    .    .    .    .    .    .    .    .    .    .    .    .    .    .    .    .    .    .    .    .    .    .    .    .    .    .    .    .    .    .    .    .    .    .    .    .    .    .    .    .    .    .    .    .    .    .    .    .    .    .    .    .    .    .    .    .    .    .    .    .    .    .    .    .    .    .    .    .    .    .    .    .    .    .    .    .    .    .    .    .    .    .    .    .    .    .    .    .    .    .    .    .    .    .  
  ^    ^    v    v    v    v    v    v    v    v    v    v    v    v    v    v    v    v    v    v    v    v    v    v    v    v    v    v    v    v    v    v    v    v    v    v    v    v    v    v    v    v    v    v    v    v    v    v    v    v    v    v    v    v    v    v    v    v    v    v    v    v    v    v    v    v    v    v    v    v    v    v    v    v    v    v    v    v    v    v    v    v    v    v    v    v    v    v    v    v    v    v    v    v    v    v    v    v    v    v    v    v    v    v    v    v    v    v    v    v    v    v    v    v    v    v    v    v    v    v  
  ^    ^    ^    ^    ^    ^    ^    ^    ^    ^    ^    ^    ^    ^    ^    ^    ^    ^    ^    ^    ^    ^    ^    ^    ^    ^    ^    ^    ^    ^    ^    ^    ^    ^    ^    ^    ^    ^    ^    ^    ^    ^    ^    ^    ^    ^    ^    ^    ^    ^    ^    ^    ^    ^    ^    ^    ^    ^    ^    ^    ^    ^    ^    ^    ^    ^    ^    ^    ^    ^    ^    ^    ^    ^    ^    ^    ^    ^    ^    >    >    >    >    >    >    >    >    >    >    >    >    >    >    >    >    >    >    >    >    >    >    >    >    >    >    >    >    >    >    >    >    >    >    >    >    >    >    >    v    v  
  .    .    .    .    .    .    .    .    .    .    .    .    .    .    .    .    .    .    .    .    .    .    .    .    .    .    .    .    .    .    .    .    .    .    .    .    .    .    .    .    .    .    .    .    .    .    .    .    .    .    .    .    .    .    .    .    .    .    .    .    .    .    .    .    .    .    .    .    .    .    .    .    .    .    .    .    .    .    .    .    .    .    .    .    .    .    .    .    .    .    .    .    .    .    .    .    .    .    .    .    .    .    .    .    .    .    .    .    .    .    .    .    .    .    .    .    .    .    v    v  
  v    v    v    v    v    v    v    v    v    v    v    v    v    v    v    v    v    v    v    v    v    v    v    v    v    v    v    v    v    v    v    v    v    v    v    v    v    v    v    v    v    v    v    v    v    v    v    v    v    v    v    v    v    v    v    v    v    v    v    v    v    v    v    v    v    v    v    v    v    v    v    v    v    v    v    v    v    v    v    v    v    v    v    v    v    v    v    v    v    v    v    v    v    v    v    v    v    v    v    v    v    v    v    v    v    v    v    v    v    v    v    v    v    v    v    v    v    v    v    v  
  v    v    <    <    <    <    <    <    <    <    <    <    <    <    <    <    <    <    <    <    <    <    <    <    <    <    <    <    <    <    <    <    <    <    <    <    <    <    <    <    <    <    <    <    <    <    <    <    <    <    <    <    <    <    <    <    <    <    <    <    <    <    <    <    <    <    <    <    <    <    <    <    <    <    <    <    <    <    <    <    <    <    <    <    <    <    <    <    <    <    <    <    <    <    <    <    <    <    <    <    <    <    <    <    <    <    <    <    <    <    <    <    <    <    <    <    <    <    <    <  
  v    v    .    .    .    .    .    .    .    .    .    .    .    .    .    .    .    .    .    .    .    .    .    .    .    .    .    .    .    .    .    .    .    .    .    .    .    .    .    .    .    .    .    .    .    .    .    .    .    .    .    .    .    .    .    .    .    .    .    .    .    .    .    .    .    .    .    .    .    .    .    .    .    .    .    .    .    .    .    .    .    .    .    .    .    .    .    .    .    .    .    .    .    .    .    .    .    .    .    .    .    .    .    .    .    .    .    .    .    .    .    .    .    .    .    .    .    .    .    .  
  v    v    v    v    v    v    v    v    v    v    v    v    v    v    v    v    v    v    v    v    v    v    v    v    v    v    v    v    v    v    v    v    v    v    v    v    v    v    v    v    v    v    v    v    v    v    v    v    v    v    v    v    v    v    v    v    v    v    v    v    v    v    v    v    v    v    v    v    v    v    v    v    v    v    v    v    v    v    v    v    v    v    v    v    v    v    v    v    v    v    v    v    v    v    v    v    v    v    v    v    v    v    v    v    v    v    v    v    v    v    v    v    v    v    v    v    v    v    v    v  
  v    v    v    v    v    v    v    v    v    v    v    v    v    v    v    v    v    v    v    v    v    v    v    v    v    v    v    v    v    v    v    v    v    v    v    v    v    v    v    v    v    v    v    v    v    v    v    v    v    v    v    v    v    v    v    v    v    v    v    v    v    v    v    v    v    v    v    v    v    v    v    v    v    v    v    v    v    v    v    v    v    v    v    v    v    v    v    v    v    v    v    v    v    v    v    v    v    v    v    v    v    v    v    v    v    v    v    v    v    v    v    v    v    v    v    v    v    v    v    v  
  >    >    >    >    >    >    >    >    >    >    >    >    >    >    >    >    >    >    >    >    >    >    >    >    >    >    >    >    >    >    >    >    >    >    >    >    >    >    >    >    >    >    >    >    >    >    >    >    >    >    >    >    >    >    >    >    >    >    >    >    >    >    >    >    >    >    >    >    >    >    >    >    >    >    >    >    >    >    >    >    >    >    >    >    >    >    >    >    >    >    >    >    >    >    >    >    >    >    >    >    >    >    >    >    >    >    >    >    >    >    >    >    >    >    >    >    >    >    >    .  

--- GRIGLIA CON PERCORSO ROBOT ('S'=Start, 'G'=Goal, '*'=Percorso, '#'=Ostacolo) ---
S . . . . . . . . . . . . . . . . . . . . . . . . . . . . . . . . . . . . . . . . . . . . . . . . . . . . . . . . . . . . . . . . . . . . . . . . . . . . . . . . . . . . . . . . . . . . . . . . . . . . . . . . . . . . . . . . . . . . . . . 
. . . . . . . . . . . . . . . . . . . . . . . . . . . . . . . . . . . . . . . . . . . . . . . . . . . . . . . . . . . . . . . . . . . . . . . . . . . . . . . . . . . . . . . . . . . . . . . . . . . . . . . . . . . . . . . . . . . . . . . . 
. . # # # # # # # # # # # # # # # # # # # # # # # # # # # # # # # # # # # # # # # # # # # # # # # # # # # # # # # # # # # # # # # # # # # # # # # # # # # # # # # # # # # # # # # # # # # # # # # # # # # # # # # # # # # # # # # # # # # # # # 
. . . . . . . . . . . . . . . . . . . . . . . . . . . . . . . . . . . . . . . . . . . . . . . . . . . . . . . . . . . . . . . . . . . . . . . . . . . . . . . . . . . . . . . . . . . . . . . . . . . . . . . . . . . . . . . . . . . . . . . . 
. . . . . . . . . . . . . . . . . . . . . . . . . . . . . . . . . . . . . . . . . . . . . . . . . . . . . . . . . . . . . . . . . . . . . . . . . . . . . . . . . . . . . . . . . . . . . . . . . . . . . . . . . . . . . . . . . . . . . . . . 
# # # # # # # # # # # # # # # # # # # # # # # # # # # # # # # # # # # # # # # # # # # # # # # # # # # # # # # # # # # # # # # # # # # # # # # # # # # # # # # # # # # # # # # # # # # # # # # # # # # # # # # # # # # # # # # # # # # # # # . . 
. . . . . . . . . . . . . . . . . . . . . . . . . . . . . . . . . . . . . . . . . . . . . . . . . . . . . . . . . . . . . . . . . . . . . . . . . . . . . . . . . . . . . . . . . . . . . . . . . . . . . . . . . . . . . . . . . . . . . . . . 
. . . . . . . . . . . . . . . . . . . . . . . . . . . . . . . . . . . . . . . . . . . . . . . . . . . . . . . . . . . . . . . . . . . . . . . . . . . . . . . . . . . . . . . . . . . . . . . . . . . . . . . . . . . . . . . . . . . . . . . . 
. . # # # # # # # # # # # # # # # # # # # # # # # # # # # # # # # # # # # # # # # # # # # # # # # # # # # # # # # # # # # # # # # # # # # # # # # # # # # # # # # # # # # # # # # # # # # # # # # # # # # # # # # # # # # # # # # # # # # # # # 
. . . . . . . . . . . . . . . . . . . . . . . . . . . . . . . . . . . . . . . . . . . . . . . . . . . . . . . . . . . . . . . . . . . . . . . . . . . . . . . . . . . . . . . . . . . . . . . . . . . . . . . . . . . . . . . . . . . . . . . . 
. . . . . . . . . . . . . . . . . . . . . . . . . . . . . . . . . . . . . . . . . . . . . . . . . . . . . . . . . . . . . . . . . . . . . . . . . . . . . . . . . . . . . . . . . . . . . . . . . . . . . . . . . . . . . . . . . . . . . . . . 
# # # # # # # # # # # # # # # # # # # # # # # # # # # # # # # # # # # # # # # # # # # # # # # # # # # # # # # # # # # # # # # # # # # # # # # # # # # # # # # # # # # # # # # # # # # # # # # # # # # # # # # # # # # # # # # # # # # # # # . . 
. . . . . . . . . . . . . . . . . . . . . . . . . . . . . . . . . . . . . . . . . . . . . . . . . . . . . . . . . . . . . . . . . . . . . . . . . . . . . . . . . . . . . . . . . . . . . . . . . . . . . . . . . . . . . . . . . . . . . . . . 
. . . . . . . . . . . . . . . . . . . . . . . . . . . . . . . . . . . . . . . . . . . . . . . . . . . . . . . . . . . . . . . . . . . . . . . . . . . . . . . . . . . . . . . . . . . . . . . . . . . . . . . . . . . . . . . . . . . . . . . . 
. . # # # # # # # # # # # # # # # # # # # # # # # # # # # # # # # # # # # # # # # # # # # # # # # # # # # # # # # # # # # # # # # # # # # # # # # # # # # # # # # # # # # # # # # # # # # # # # # # # # # # # # # # # # # # # # # # # # # # # # 
. . . . . . . . . . . . . . . . . . . . . . . . . . . . . . . . . . . . . . . . . . . . . . . . . . . . . . . . . . . . . . . . . . . . . . . . . . . . . . . . . . . . . . . . . . . . . . . . . . . . . . . . . . . . . . . . . . . . . . . . 
. . . . . . . . . . . . . . . . . . . . . . . . . . . . . . . . . . . . . . . . . . . . . . . . . . . . . . . . . . . . . . . . . . . . . . . . . . . . . . . . . . . . . . . . . . . . . . . . . . . . . . . . . . . . . . . . . . . . . . . . 
# # # # # # # # # # # # # # # # # # # # # # # # # # # # # # # # # # # # # # # # # # # # # # # # # # # # # # # # # # # # # # # # # # # # # # # # # # # # # # # # # # # # # # # # # # # # # # # # # # # # # # # # # # # # # # # # # # # # # # . . 
. . . . . . . . . . . . . . . . . . . . . . . . . . . . . . . . . . . . . . . . . . . . . . . . . . . . . . . . . . . . . . . . . . . . . . . . . . . . . . . . . . . . . . . . . . . . . . . . . . . . . . . . . . . . . . . . . . . . . . . . 
. . . . . . . . . . . . . . . . . . . . . . . . . . . . . . . . . . . . . . . . . . . . . . . . . . . . . . . . . . . . . . . . . . . . . . . . . . . . . . . . . . . . . . . . . . . . . . . . . . . . . . . . . . . . . . . . . . . . . . . . 
. . # # # # # # # # # # # # # # # # # # # # # # # # # # # # # # # # # # # # # # # # # # # # # # # # # # # # # # # # # # # # # # # # # # # # # # # # # # # # # # # # # # # # # # # # # # # # # # # # # # # # # # # # # # # # # # # # # # # # # # 
. . . . . . . . . . . . . . . . . . . . . . . . . . . . . . . . . . . . . . . . . . . . . . . . . . . . . . . . . . . . . . . . . . . . . . . . . . . . . . . . . . . . . . . . . . . . . . . . . . . . . . . . . . . . . . . . . . . . . . . . 
. . . . . . . . . . . . . . . . . . . . . . . . . . . . . . . . . . . . . . . . . . . . . . . . . . . . . . . . . . . . . . . . . . . . . . . . . . . . . . . . . . . . . . . . . . . . . . . . . . . . . . . . . . . . . . . . . . . . . . . . 
# # # # # # # # # # # # # # # # # # # # # # # # # # # # # # # # # # # # # # # # # # # # # # # # # # # # # # # # # # # # # # # # # # # # # # # # # # # # # # # # # # # # # # # # # # # # # # # # # # # # # # # # # # # # # # # # # # # # # # . . 
. . . . . . . . . . . . . . . . . . . . . . . . . . . . . . . . . . . . . . . . . . . . . . . . . . . . . . . . . . . . . . . . . . . . . . . . . . . . . . . . . . . . . . . . . . . . . . . . . . . . . . . . . . . . . . . . . . . . . . . . 
. . . . . . . . . . . . . . . . . . . . . . . . . . . . . . . . . . . . . . . . . . . . . . . . . . . . . . . . . . . . . . . . . . . . . . . . . . . . . . . . . . . . . . . . . . . . . . . . . . . . . . . . . . . . . . . . . . . . . . . . 
. . # # # # # # # # # # # # # # # # # # # # # # # # # # # # # # # # # # # # # # # # # # # # # # # # # # # # # # # # # # # # # # # # # # # # # # # # # # # # # # # # # # # # # # # # # # # # # # # # # # # # # # # # # # # # # # # # # # # # # # 
. . . . . . . . . . . . . . . . . . . . . . . . . . . . . . . . . . . . . . . . . . . . . . . . . . . . . . . . . . . . . . . . . . . . . . . . . . . . . . . . . . . . . . . . . . . . . . . . . . . . . . . . . . . . . . . . . . . . . . . . 
. . . . . . . . . . . . . . . . . . . . . . . . . . . . . . . . . . . . . . . . . . . . . . . . . . . . . . . . . . . . . . . . . . . . . . . . . . . . . . . . . . . . . . . . . . . . . . . . . . . . . . . . . . . . . . . . . . . . . . . . 
# # # # # # # # # # # # # # # # # # # # # # # # # # # # # # # # # # # # # # # # # # # # # # # # # # # # # # # # # # # # # # # # # # # # # # # # # # # # # # # # # # # # # # # # # # # # # # # # # # # # # # # # # # # # # # # # # # # # # # . . 
. . . . . . . . . . . . . . . . . . . . . . . . . . . . . . . . . . . . . . . . . . . . . . . . . . . . . . . . . . . . . . . . . . . . . . . . . . . . . . . . . . . . . . . . . . . . . . . . . . . . . . . . . . . . . . . . . . . . . . . . 
. . . . . . . . . . . . . . . . . . . . . . . . . . . . . . . . . . . . . . . . . . . . . . . . . . . . . . . . . . . . . . . . . . . . . . . . . . . . . . . . . . . . . . . . . . . . . . . . . . . . . . . . . . . . . . . . . . . . . . . . 
. . # # # # # # # # # # # # # # # # # # # # # # # # # # # # # # # # # # # # # # # # # # # # # # # # # # # # # # # # # # # # # # # # # # # # # # # # # # # # # # # # # # # # # # # # # # # # # # # # # # # # # # # # # # # # # # # # # # # # # # 
. . . . . . . . . . . . . . . . . . . . . . . . . . . . . . . . . . . . . . . . . . . . . . . . . . . . . . . . . . . . . . . . . . . . . . . . . . . . . . . . . . . . . . . . . . . . . . . . . . . . . . . . . . . . . . . . . . . . . . . . 
. . . . . . . . . . . . . . . . . . . . . . . . . . . . . . . . . . . . . . . . . . . . . . . . . . . . . . . . . . . . . . . . . . . . . . . . . . . . . . . . . . . . . . . . . . . . . . . . . . . . . . . . . . . . . . . . . . . . . . . . 
# # # # # # # # # # # # # # # # # # # # # # # # # # # # # # # # # # # # # # # # # # # # # # # # # # # # # # # # # # # # # # # # # # # # # # # # # # # # # # # # # # # # # # # # # # # # # # # # # # # # # # # # # # # # # # # # # # # # # # . . 
. . . . . . . . . . . . . . . . . . . . . . . . . . . . . . . . . . . . . . . . . . . . . . . . . . . . . . . . . . . . . . . . . . . . . . . . . . . . . . . . . . . . . . . . . . . . . . . . . . . . . . . . . . . . . . . . . . . . . . . . 
. . . . . . . . . . . . . . . . . . . . . . . . . . . . . . . . . . . . . . . . . . . . . . . . . . . . . . . . . . . . . . . . . . . . . . . . . . . . . . . . . . . . . . . . . . . . . . . . . . . . . . . . . . . . . . . . . . . . . . . . 
. . # # # # # # # # # # # # # # # # # # # # # # # # # # # # # # # # # # # # # # # # # # # # # # # # # # # # # # # # # # # # # # # # # # # # # # # # # # # # # # # # # # # # # # # # # # # # # # # # # # # # # # # # # # # # # # # # # # # # # # 
. . . . . . . . . . . . . . . . . . . . . . . . . . . . . . . . . . . . . . . . . . . . . . . . . . . . . . . . . . . . . . . . . . . . . . . . . . . . . . . . . . . . . . . . . . . . . . . . . . . . . . . . . . . . . . . . . . . . . . . . 
. . . . . . . . . . . . . . . . . . . . . . . . . . . . . . . . . . . . . . . . . . . . . . . . . . . . . . . . . . . . . . . . . . . . . . . . . . . . . . . . . . . . . . . . . . . . . . . . . . . . . . . . . . . . . . . . . . . . . . . . 
# # # # # # # # # # # # # # # # # # # # # # # # # # # # # # # # # # # # # # # # # # # # # # # # # # # # # # # # # # # # # # # # # # # # # # # # # # # # # # # # # # # # # # # # # # # # # # # # # # # # # # # # # # # # # # # # # # # # # # . . 
. . . . . . . . . . . . . . . . . . . . . . . . . . . . . . . . . . . . . . . . . . . . . . . . . . . . . . . . . . . . . . . . . . . . . . . . . . . . . . . . . . . . . . . . . . . . . . . . . . . . . . . . . . . . . . . . . . . . . . . . 
. . . . . . . . . . . . . . . . . . . . . . . . . . . . . . . . . . . . . . . . . . . . . . . . . . . . . . . . . . . . . . . . . . . . . . . . . . . . . . . . . . . . . . . . . . . . . . . . . . . . . . . . . . . . . . . . . . . . . . . . 
. . # # # # # # # # # # # # # # # # # # # # # # # # # # # # # # # # # # # # # # # # # # # # # # # # # # # # # # # # # # # # # # # # # # # # # # # # # # # # # # # # # # # # # # # # # # # # # # # # # # # # # # # # # # # # # # # # # # # # # # 
. . . . . . . . . . . . . . . . . . . . . . . . . . . . . . . . . . . . . . . . . . . . . . . . . . . . . . . . . . . . . . . . . . . . . . . . . . . . . . . . . . . . . . . . . . . . . . . . . . . . . . . . . . . . . . . . . . . . . . . . 
. . . . . . . . . . . . . . . . . . . . . . . . . . . . . . . . . . . . . . . . . . . . . . . . . . . . . . . . . . . . . . . . . . . . . . . . . . . . . . . . . . . . . . . . . . . . . . . . . . . . . . . . . . . . . . . . . . . . . . . . 
# # # # # # # # # # # # # # # # # # # # # # # # # # # # # # # # # # # # # # # # # # # # # # # # # # # # # # # # # # # # # # # # # # # # # # # # # # # # # # # # # # # # # # # # # # # # # # # # # # # # # # # # # # # # # # # # # # # # # # . . 
. . . . . . . . . . . . . . . . . . . . . . . . . . . . . . . . . . . . . . . . . . . . . . . . . . . . . . . . . . . . . . . . . . . . . . . . . . . . . . . . . . . . . . . . . . . . . . . . . . . . . . . . . . . . . . . . . . . . . . . . 
. . . . . . . . . . . . . . . . . . . . . . . . . . . . . . . . . . . . . . . . . . . . . . . . . . . . . . . . . . . . . . . . . . . . . . . . . . . . . . . . . . . . . . . . . . . . . . . . . . . . . . . . . . . . . . . . . . . . . . . . 
. . # # # # # # # # # # # # # # # # # # # # # # # # # # # # # # # # # # # # # # # # # # # # # # # # # # # # # # # # # # # # # # # # # # # # # # # # # # # # # # # # # # # # # # # # # # # # # # # # # # # # # # # # # # # # # # # # # # # # # # 
. . . . . . . . . . . . . . . . . . . . . . . . . . . . . . . . . . . . . . . . . . . . . . . . . . . . . . . . . . . . . . . . . . . . . . . . . . . . . . . . . . . . . . . . . . . . . . . . . . . . . . . . . . . . . . . . . . . . . . . . 
. . . . . . . . . . . . . . . . . . . . . . . . . . . . . . . . . . . . . . . . . . . . . . . . . . . . . . . . . . . . . . . . . . . . . . . . . . . . . . . . . . . . . . . . . . . . . . . . . . . . . . . . . . . . . . . . . . . . . . . . 
# # # # # # # # # # # # # # # # # # # # # # # # # # # # # # # # # # # # # # # # # # # # # # # # # # # # # # # # # # # # # # # # # # # # # # # # # # # # # # # # # # # # # # # # # # # # # # # # # # # # # # # # # # # # # # # # # # # # # # . . 
. . . . . . . . . . . . . . . . . . . . . . . . . . . . . . . . . . . . . . . . . . . . . . . . . . . . . . . . . . . . . . . . . . . . . . . . . . . . . . . . . . . . . . . . . . . . . . . . . . . . . . . . . . . . . . . . . . . . . . . . 
. . . . . . . . . . . . . . . . . . . . . . . . . . . . . . . . . . . . . . . . . . . . . . . . . . . . . . . . . . . . . . . . . . . . . . . . . . . . . . . . . . . . . . . . . . . . . . . . . . . . . . . . . . . . . . . . . . . . . . . . 
. . # # # # # # # # # # # # # # # # # # # # # # # # # # # # # # # # # # # # # # # # # # # # # # # # # # # # # # # # # # # # # # # # # # # # # # # # # # # # # # # # # # # # # # # # # # # # # # # # # # # # # # # # # # # # # # # # # # # # # # 
. . . . . . . . . . . . . . . . . . . . . . . . . . . . . . . . . . . . . . . . . . . . . . . . . . . . . . . . . . . . . . . . . . . . . . . . . . . . . . . . . . . . . . . . . . . . . . . . . . . . . . . . . . . . . . . . . . . . . . . . 
. . . . . . . . . . . . . . . . . . . . . . . . . . . . . . . . . . . . . . . . . . . . . . . . . . . . . . . . . . . . . . . . . . . . . . . . . . . . . . . . . . . . . . . . . . . . . . . . . . . . . . . . . . . . . . . . . . . . . . . . 
# # # # # # # # # # # # # # # # # # # # # # # # # # # # # # # # # # # # # # # # # # # # # # # # # # # # # # # # # # # # # # # # # # # # # # # # # # # # # # # # # # # # # # # # # # # # # # # # # # # # # # # # # # # # # # # # # # # # # # . . 
. . . . . . . . . . . . . . . . . . . . . . . . . . . . . . . . . . . . . . . . . . . . . . . . . . . . . . . . . . . . . . . . . . . . . . . . . . . . . . . . . . . . . . . . . . . . . . . . . . . . . . . . . . . . . . . . . . . . . . . . 
. . . . . . . . . . . . . . . . . . . . . . . . . . . . . . . . . . . . . . . . . . . . . . . . . . . . . . . . . . . . . . . . . . . . . . . . . . . . . . . . . . . . . . . . . . . . . . . . . . . . . . . . . . . . . . . . . . . . . . . . 
. . # # # # # # # # # # # # # # # # # # # # # # # # # # # # # # # # # # # # # # # # # # # # # # # # # # # # # # # # # # # # # # # # # # # # # # # # # # # # # # # # # # # # # # # # # # # # # # # # # # # # # # # # # # # # # # # # # # # # # # 
. . . . . . . . . . . . . . . . . . . . . . . . . . . . . . . . . . . . . . . . . . . . . . . . . . . . . . . . . . . . . . . . . . . . . . . . . . . . . . . . . . . . . . . . . . . . . . . . . . . . . . . . . . . . . . . . . . . . . . . . 
. . . . . . . . . . . . . . . . . . . . . . . . . . . . . . . . . . . . . . . . . . . . . . . . . . . . . . . . . . . . . . . . . . . . . . . . . . . . . . . . . . . . . . . . . . . . . . . . . . . . . . . . . . . . . . . . . . . . . . . . 
# # # # # # # # # # # # # # # # # # # # # # # # # # # # # # # # # # # # # # # # # # # # # # # # # # # # # # # # # # # # # # # # # # # # # # # # # # # # # # # # # # # # # # # # # # # # # # # # # # # # # # # # # # # # # # # # # # # # # # . . 
. . . . . . . . . . . . . . . . . . . . . . . . . . . . . . . . . . . . . . . . . . . . . . . . . . . . . . . . . . . . . . . . . . . . . . . . . . . . . . . . . . . . . . . . . . . . . . . . . . . . . . . . . . . . . . . . . . . . . . . . 
. . . . . . . . . . . . . . . . . . . . . . . . . . . . . . . . . . . . . . . . . . . . . . . . . . . . . . . . . . . . . . . . . . . . . . . . . . . . . . . . . . . . . . . . . . . . . . . . . . . . . . . . . . . . . . . . . . . . . . . . 
. . # # # # # # # # # # # # # # # # # # # # # # # # # # # # # # # # # # # # # # # # # # # # # # # # # # # # # # # # # # # # # # # # # # # # # # # # # # # # # # # # # # # # # # # # # # # # # # # # # # # # # # # # # # # # # # # # # # # # # # 
. . . . . . . . . . . . . . . . . . . . . . . . . . . . . . . . . . . . . . . . . . . . . . . . . . . . . . . . . . . . . . . . . . . . . . . . . . . . . . . . . . . . . . . . . . . . . . . . . . . . . . . . . . . . . . . . . . . . . . . . 
. . . . . . . . . . . . . . . . . . . . . . . . . . . . . . . . . . . . . . . . . . . . . . . . . . . . . . . . . . . . . . . . . . . . . . . . . . . . . . . . . . . . . . . . . . . . . . . . . . . . . . . . . . . . . . . . . . . . . . . . 
# # # # # # # # # # # # # # # # # # # # # # # # # # # # # # # # # # # # # # # # # # # # # # # # # # # # # # # # # # # # # # # # # # # # # # # # # # # # # # # # # # # # # # # # # # # # # # # # # # # # # # # # # # # # # # # # # # # # # # . . 
. . . . . . . . . . . . . . . . . . . . . . . . . . . . . . . . . . . . . . . . . . . . . . . . . . . . . . . . . . . . . . . . . . . . . . . . . . . . . . . . . . . . . . . . . . . . . . . . . . . . . . . . . . . . . . . . . . . . . . . . 
. . . . . . . . . . . . . . . . . . . . . . . . . . . . . . . . . . . . . . . . . . . . . . . . . . . . . . . . . . . . . . . . . . . . . . . . . . . . . . . . . . . . . . . . . . . . . . . . . . . . . . . . . . . . . . . . . . . . . . . . 
. . # # # # # # # # # # # # # # # # # # # # # # # # # # # # # # # # # # # # # # # # # # # # # # # # # # # # # # # # # # # # # # # # # # # # # # # # # # # # # # # # # # # # # # # # # # # # # # # # # # # # # # # # # # # # # # # # # # # # # # 
. . . . . . . . . . . . . . . . . . . . . . . . . . . . . . . . . . . . . . . . . . . . . . . . . . . . . . . . . . . . . . . . . . . . . . . . . . . . . . . . . . . . . . . . . . . . . . . . . . . . . . . . . . . . . . . . . . . . . . . . 
. . . . . . . . . . . . . . . . . . . . . . . . . . . . . . . . . . . . . . . . . . . . . . . . . . . . . . . . . . . . . . . . . . . . . . . . . . . . . . . . . . . . . . . . . . . . . . . . . . . . . . . . . . . . . . . . . . . . . . . . 
# # # # # # # # # # # # # # # # # # # # # # # # # # # # # # # # # # # # # # # # # # # # # # # # # # # # # # # # # # # # # # # # # # # # # # # # # # # # # # # # # # # # # # # # # # # # # # # # # # # # # # # # # # # # # # # # # # # # # # . . 
. . . . . . . . . . . . . . . . . . . . . . . . . . . . . . . . . . . . . . . . . . . . . . . . . . . . . . . . . . . . . . . . . . . . . . . . . . . . . . . . . . . . . . . . . . . . . . . . . . . . . . . . . . . . . . . . . . . . . . . . 
. . . . . . . . . . . . . . . . . . . . . . . . . . . . . . . . . . . . . . . . . . . . . . . . . . . . . . . . . . . . . . . . . . . . . . . . . . . . . . . . . . . . . . . . . . . . . . . . . . . . . . . . . . . . . . . . . . . . . . . . 
. . # # # # # # # # # # # # # # # # # # # # # # # # # # # # # # # # # # # # # # # # # # # # # # # # # # # # # # # # # # # # # # # # # # # # # # # # # # # # # # # # # # # # # # # # # # # # # # # # # # # # # # # # # # # # # # # # # # # # # # 
. . . . . . . . . . . . . . . . . . . . . . . . . . . . . . . . . . . . . . . . . . . . . . . . . . . . . . . . . . . . . . . . . . . . . . . . . . . . . . . . . . . . . . . . . . . . . . . . . . . . . . . . . . . . . . . . . . . . . . . . 
. . . . . . . . . . . . . . . . . . . . . . . . . . . . . . . . . . . . . . . . . . . . . . . . . . . . . . . . . . . . . . . . . . . . . . . . . . . . . . . . . . . . . . . . . . . . . . . . . . . . . . . . . . . . . . . . . . . . . . . . 
# # # # # # # # # # # # # # # # # # # # # # # # # # # # # # # # # # # # # # # # # # # # # # # # # # # # # # # # # # # # # # # # # # # # # # # # # # # # # # # # # # # # # # # # # # # # # # # # # # # # # # # # # # # # # # # # # # # # # # . . 
. . . . . . . . . . . . . . . . . . . . . . . . . . . . . . . . . . . . . . . . . . . . . . . . . . . . . . . . . . . . . . . . . . . . . . . . . . . . . . . . . . . . . . . . . . . . . . . . . . . . . . . . . . . . . . . . . . . . . . . . 
. . . . . . . . . . . . . . . . . . . . . . . . . . . . . . . . . . . . . . . . . . . . . . . . . . . . . . . . . . . . . . . . . . . . . . . . . . . . . . . . . . . . . . . . . . . . . . . . . . . . . . . . . . . . . . . . . . . . . . . . 
. . # # # # # # # # # # # # # # # # # # # # # # # # # # # # # # # # # # # # # # # # # # # # # # # # # # # # # # # # # # # # # # # # # # # # # # # # # # # # # # # # # # # # # # # # # # # # # # # # # # # # # # # # # # # # # # # # # # # # # # 
. . . . . . . . . . . . . . . . . . . . . . . . . . . . . . . . . . . . . . . . . . . . . . . . . . . . . . . . . . . . . . . . . . . . . . . . . . . . . . . . . . . . . . . . . . . . . . . . . . . . . . . . . . . . . . . . . . . . . . . . 
. . . . . . . . . . . . . . . . . . . . . . . . . . . . . . . . . . . . . . . . . . . . . . . . . . . . . . . . . . . . . . . . . . . . . . . . . . . . . . . . . . . . . . . . . . . . . . . . . . . . . . . . . . . . . . . . . . . . . . . . 
# # # # # # # # # # # # # # # # # # # # # # # # # # # # # # # # # # # # # # # # # # # # # # # # # # # # # # # # # # # # # # # # # # # # # # # # # # # # # # # # # # # # # # # # # # # # # # # # # # # # # # # # # # # # # # # # # # # # # # . . 
. . . . . . . . . . . . . . . . . . . . . . . . . . . . . . . . . . . . . . . . . . . . . . . . . . . . . . . . . . . . . . . . . . . . . . . . . . . . . . . . . . . . . . . . . . . . . . . . . . . . . . . . . . . . . . . . . . . . . . . . 
. . . . . . . . . . . . . . . . . . . . . . . . . . . . . . . . . . . . . . . . . . . . . . . . . . . . . . . . . . . . . . . . . . . . . . . . . . . . . . . . . . . . . . . . . . . . . . . . . . . . . . . . . . . . . . . . . . . . . . . . 
. . # # # # # # # # # # # # # # # # # # # # # # # # # # # # # # # # # # # # # # # # # # # # # # # # # # # # # # # # # # # # # # # # # # # # # # # # # # # # # # # # # # # # # # # # # # # # # # # # # # # # # # # # # # # # # # # # # # # # # # 
. . . . . . . . . . . . . . . . . . . . . . . . . . . . . . . . . . . . . . . . . . . . . . . . . . . . . . . . . . . . . . . . . . . . . . . . . . . . . . . . . . . . . . . . . . . . . . . . . . . . . . . . . . . . . . . . . . . . . . . . 
. . . . . . . . . . . . . . . . . . . . . . . . . . . . . . . . . . . . . . . . . . . . . . . . . . . . . . . . . . . . . . . . . . . . . . . . . . . . . . . . . . . . . . . . . . . . . . . . . . . . . . . . . . . . . . . . . . . . . . . . 
# # # # # # # # # # # # # # # # # # # # # # # # # # # # # # # # # # # # # # # # # # # # # # # # # # # # # # # # # # # # # # # # # # # # # # # # # # # # # # # # # # # # # # # # # # # # # # # # # # # # # # # # # # # # # # # # # # # # # # . . 
. . . . . . . . . . . . . . . . . . . . . . . . . . . . . . . . . . . . . . . . . . . . . . . . . . . . . . . . . . . . . . . . . . . . . . . . . . . . . . . . . . . . . . . . . . . . . . . . . . . . . . . . . . . . . . . . . . . . . . . . 
. . . . . . . . . . . . . . . . . . . . . . . . . . . . . . . . . . . . . . . . . . . . . . . . . . . . . . . . . . . . . . . . . . . . . . . . . . . . . . . . . . . . . . . . . . . . . . . . . . . . . . . . . . . . . . . . . . . . . . . . 
. . # # # # # # # # # # # # # # # # # # # # # # # # # # # # # # # # # # # # # # # # # # # # # # # # # # # # # # # # # # # # # # # # # # # # # # # # # # # # # # # # # # # # # # # # # # # # # # # # # # # # # # # # # # # # # # # # # # # # # # 
. . . . . . . . . . . . . . . . . . . . . . . . . . . . . . . . . . . . . . . . . . . . . . . . . . . . . . . . . . . . . . . . . . . . . . . . . . . . . . . . . . . . . . . . . . . . . . . . . . . . . . . . . . . . . . . . . . . . . . . . 
. . . . . . . . . . . . . . . . . . . . . . . . . . . . . . . . . . . . . . . . . . . . . . . . . . . . . . . . . . . . . . . . . . . . . . . . . . . . . . . . . . . . . . . . . . . . . . . . . . . . . . . . . . . . . . . . . . . . . . . . 
# # # # # # # # # # # # # # # # # # # # # # # # # # # # # # # # # # # # # # # # # # # # # # # # # # # # # # # # # # # # # # # # # # # # # # # # # # # # # # # # # # # # # # # # # # # # # # # # # # # # # # # # # # # # # # # # # # # # # # . . 
. . . . . . . . . . . . . . . . . . . . . . . . . . . . . . . . . . . . . . . . . . . . . . . . . . . . . . . . . . . . . . . . . . . . . . . . . . . . . . . . . . . . . . . . . . . . . . . . . . . . . . . . . . . . . . . . . . . . . . . . 
. . . . . . . . . . . . . . . . . . . . . . . . . . . . . . . . . . . . . . . . . . . . . . . . . . . . . . . . . . . . . . . . . . . . . . . . . . . . . . . . . . . . . . . . . . . . . . . . . . . . . . . . . . . . . . . . . . . . . . . . 
. . # # # # # # # # # # # # # # # # # # # # # # # # # # # # # # # # # # # # # # # # # # # # # # # # # # # # # # # # # # # # # # # # # # # # # # # # # # # # # # # # # # # # # # # # # # # # # # # # # # # # # # # # # # # # # # # # # # # # # # 
. . . . . . . . . . . . . . . . . . . . . . . . . . . . . . . . . . . . . . . . . . . . . . . . . . . . . . . . . . . . . . . . . . . . . . . . . . . . . . . . . . . . . . . . . . . . . . . . . . . . . . . . . . . . . . . . . . . . . . . . 
. . . . . . . . . . . . . . . . . . . . . . . . . . . . . . . . . . . . . . . . . . . . . . . . . . . . . . . . . . . . . . . . . . . . . . . . . . . . . . . . . . . . . . . . . . . . . . . . . . . . . . . . . . . . . . . . . . . . . . . . 
# # # # # # # # # # # # # # # # # # # # # # # # # # # # # # # # # # # # # # # # # # # # # # # # # # # # # # # # # # # # # # # # # # # # # # # # # # # # # # # # # # # # # # # # # # # # # # # # # # # # # # # # # # # # # # # # # # # # # # . . 
. . . . . . . . . . . . . . . . . . . . . . . . . . . . . . . . . . . . . . . . . . . . . . . . . . . . . . . . . . . . . . . . . . . . . . . . . . . . . . . . . . . . . . . . . . . . . . . . . . . . . . . . . . . . . . . . . . . . . . . . 
. . . . . . . . . . . . . . . . . . . . . . . . . . . . . . . . . . . . . . . . . . . . . . . . . . . . . . . . . . . . . . . . . . . . . . . . . . . . . . . . . . . . . . . . . . . . . . . . . . . . . . . . . . . . . . . . . . . . . . . . 
. . # # # # # # # # # # # # # # # # # # # # # # # # # # # # # # # # # # # # # # # # # # # # # # # # # # # # # # # # # # # # # # # # # # # # # # # # # # # # # # # # # # # # # # # # # # # # # # # # # # # # # # # # # # # # # # # # # # # # # # 
. . . . . . . . . . . . . . . . . . . . . . . . . . . . . . . . . . . . . . . . . . . . . . . . . . . . . . . . . . . . . . . . . . . . . . . . . . . . . . . . . . . . . . . . . . . . . . . . . . . . . . . . . . . . . . . . . . . . . . . . 
. . . . . . . . . . . . . . . . . . . . . . . . . . . . . . . . . . . . . . . . . . . . . . . . . . . . . . . . . . . . . . . . . . . . . . . . . . . . . . . . . . . . . . . . . . . . . . . . . . . . . . . . . . . . . . . . . . . . . . . . 
# # # # # # # # # # # # # # # # # # # # # # # # # # # # # # # # # # # # # # # # # # # # # # # # # # # # # # # # # # # # # # # # # # # # # # # # # # # # # # # # # # # # # # # # # # # # # # # # # # # # # # # # # # # # # # # # # # # # # # . . 
. . . . . . . . . . . . . . . . . . . . . . . . . . . . . . . . . . . . . . . . . . . . . . . . . . . . . . . . . . . . . . . . . . . . . . . . . . . . . . . . . . . . . . . . . . . . . . . . . . . . . . . . . . . . . . . . . . . . . . . . 
. . . . . . . . . . . . . . . . . . . . . . . . . . . . . . . . . . . . . . . . . . . . . . . . . . . . . . . . . . . . . . . . . . . . . . . . . . . . . . . . . . . . . . . . . . . . . . . . . . . . . . . . . . . . . . . . . . . . . . . . 
. . # # # # # # # # # # # # # # # # # # # # # # # # # # # # # # # # # # # # # # # # # # # # # # # # # # # # # # # # # # # # # # # # # # # # # # # # # # # # # # # # # # # # # # # # # # # # # # # # # # # # # # # # # # # # # # # # # # # # # # 
. . . . . . . . . . . . . . . . . . . . . . . . . . . . . . . . . . . . . . . . . . . . . . . . . . . . . . . . . . . . . . . . . . . . . . . . . . . . . . . . . . . . . . . . . . . . . . . . . . . . . . . . . . . . . . . . . . . . . . . . 
. . . . . . . . . . . . . . . . . . . . . . . . . . . . . . . . . . . . . . . . . . . . . . . . . . . . . . . . . . . . . . . . . . . . . . . . . . . . . . . . . . . . . . . . . . . . . . . . . . . . . . . . . . . . . . . . . . . . . . . . 
. . . . . . . . . . . . . . . . . . . . . . . . . . . . . . . . . . . . . . . . . . . . . . . . . . . . . . . . . . . . . . . . . . . . . . . . . . . . . . . . . . . . . . . . . . . . . . . . . . . . . . . . . . . . . . . . . . . . . . . G 

--- SEQUENZA COORDINATE DEL PERCORSO (N = 120) ---

