========================================================================================
   RISOLUZIONE MDP E CAMMINATA OTTIMA (STANDARD): soluzioni/soluzione_std_grid_10.txt
   Dimensioni Griglia: 120x120 | Start: (0,0) | Goal: (119,119)
========================================================================================

--- MATRICE DEI VALORI V* ---
-4583.00 -4582.00 -4583.00 -4584.00 -4585.00 -4586.00 -4587.00 -4588.00 -4589.00 -4590.00 -4591.00 -4592.00 -4593.00 -4594.00 -4595.00 -4596.00 -4597.00 -4598.00 -4599.00 -4600.00 -4601.00 -4602.00 -4603.00 -4604.00 -4605.00 -4606.00 -4607.00 -4608.00 -4609.00 -4610.00 -4611.00 -4612.00 -4613.00 -4614.00 -4615.00 -4616.00 -4617.00 -4618.00 -4619.00 -4620.00 -4621.00 -4622.00 -4623.00 -4624.00 -4625.00 -4626.00 -4627.00 -4628.00 -4629.00 -4630.00 -4631.00 -4632.00 -4633.00 -4634.00 -4635.00 -4636.00 -4637.00 -4638.00 -4639.00 -4640.00 -4641.00 -4642.00 -4643.00 -4644.00 -4645.00 -4646.00 -4647.00 -4648.00 -4649.00 -4650.00 -4651.00 -4652.00 -4653.00 -4654.00 -4655.00 -4656.00 -4657.00 -4658.00 -4659.00 -4660.00 -4661.00 -4662.00 -4663.00 -4664.00 -4665.00 -4666.00 -4667.00 -4668.00 -4669.00 -4670.00 -4671.00 -4672.00 -4673.00 -4674.00 -4675.00 -4676.00 -4677.00 -4678.00 -4679.00 -4680.00 -4681.00 -4682.00 -4683.00 -4684.00 -4685.00 -4686.00 -4687.00 -4688.00 -4689.00 -4690.00 -4691.00 -4692.00 -4693.00 -4694.00 -4695.00 -4696.00 -4697.00 -4698.00 -4699.00 -4700.00 
-4582.00 -4581.00 -4582.00 -4583.00 -4584.00 -4585.00 -4586.00 -4587.00 -4588.00 -4589.00 -4590.00 -4591.00 -4592.00 -4593.00 -4594.00 -4595.00 -4596.00 -4597.00 -4598.00 -4599.00 -4600.00 -4601.00 -4602.00 -4603.00 -4604.00 -4605.00 -4606.00 -4607.00 -4608.00 -4609.00 -4610.00 -4611.00 -4612.00 -4613.00 -4614.00 -4615.00 -4616.00 -4617.00 -4618.00 -4619.00 -4620.00 -4621.00 -4622.00 -4623.00 -4624.00 -4625.00 -4626.00 -4627.00 -4628.00 -4629.00 -4630.00 -4631.00 -4632.00 -4633.00 -4634.00 -4635.00 -4636.00 -4637.00 -4638.00 -4639.00 -4640.00 -4641.00 -4642.00 -4643.00 -4644.00 -4645.00 -4646.00 -4647.00 -4648.00 -4649.00 -4650.00 -4651.00 -4652.00 -4653.00 -4654.00 -4655.00 -4656.00 -4657.00 -4658.00 -4659.00 -4660.00 -4661.00 -4662.00 -4663.00 -4664.00 -4665.00 -4666.00 -4667.00 -4668.00 -4669.00 -4670.00 -4671.00 -4672.00 -4673.00 -4674.00 -4675.00 -4676.00 -4677.00 -4678.00 -4679.00 -4680.00 -4681.00 -4682.00 -4683.00 -4684.00 -4685.00 -4686.00 -4687.00 -4688.00 -4689.00 -4690.00 -4691.00 -4692.00 -4693.00 -4694.00 -4695.00 -4696.00 -4697.00 -4698.00 -4699.00 
-4581.00 -4580.00     0.00     0.00     0.00     0.00     0.00     0.00     0.00     0.00     0.00     0.00     0.00     0.00     0.00     0.00     0.00     0.00     0.00     0.00     0.00     0.00     0.00     0.00     0.00     0.00     0.00     0.00     0.00     0.00     0.00     0.00     0.00     0.00     0.00     0.00     0.00     0.00     0.00     0.00     0.00     0.00     0.00     0.00     0.00     0.00     0.00     0.00     0.00     0.00     0.00     0.00     0.00     0.00     0.00     0.00     0.00     0.00     0.00     0.00     0.00     0.00     0.00     0.00     0.00     0.00     0.00     0.00     0.00     0.00     0.00     0.00     0.00     0.00     0.00     0.00     0.00     0.00     0.00     0.00     0.00     0.00     0.00     0.00     0.00     0.00     0.00     0.00     0.00     0.00     0.00     0.00     0.00     0.00     0.00     0.00     0.00     0.00     0.00     0.00     0.00     0.00     0.00     0.00     0.00     0.00     0.00     0.00     0.00     0.00     0.00     0.00     0.00     0.00     0.00     0.00     0.00     0.00     0.00     0.00 
-4580.00 -4579.00 -4578.00 -4577.00 -4576.00 -4575.00 -4574.00 -4573.00 -4572.00 -4571.00 -4570.00 -4569.00 -4568.00 -4567.00 -4566.00 -4565.00 -4564.00 -4563.00 -4562.00 -4561.00 -4560.00 -4559.00 -4558.00 -4557.00 -4556.00 -4555.00 -4554.00 -4553.00 -4552.00 -4551.00 -4550.00 -4549.00 -4548.00 -4547.00 -4546.00 -4545.00 -4544.00 -4543.00 -4542.00 -4541.00 -4540.00 -4539.00 -4538.00 -4537.00 -4536.00 -4535.00 -4534.00 -4533.00 -4532.00 -4531.00 -4530.00 -4529.00 -4528.00 -4527.00 -4526.00 -4525.00 -4524.00 -4523.00 -4522.00 -4521.00 -4520.00 -4519.00 -4518.00 -4517.00 -4516.00 -4515.00 -4514.00 -4513.00 -4512.00 -4511.00 -4510.00 -4509.00 -4508.00 -4507.00 -4506.00 -4505.00 -4504.00 -4503.00 -4502.00 -4501.00 -4500.00 -4499.00 -4498.00 -4497.00 -4496.00 -4495.00 -4494.00 -4493.00 -4492.00 -4491.00 -4490.00 -4489.00 -4488.00 -4487.00 -4486.00 -4485.00 -4484.00 -4483.00 -4482.00 -4481.00 -4480.00 -4479.00 -4478.00 -4477.00 -4476.00 -4475.00 -4474.00 -4473.00 -4472.00 -4471.00 -4470.00 -4469.00 -4468.00 -4467.00 -4466.00 -4465.00 -4464.00 -4463.00 -4462.00 -4463.00 
-4579.00 -4578.00 -4577.00 -4576.00 -4575.00 -4574.00 -4573.00 -4572.00 -4571.00 -4570.00 -4569.00 -4568.00 -4567.00 -4566.00 -4565.00 -4564.00 -4563.00 -4562.00 -4561.00 -4560.00 -4559.00 -4558.00 -4557.00 -4556.00 -4555.00 -4554.00 -4553.00 -4552.00 -4551.00 -4550.00 -4549.00 -4548.00 -4547.00 -4546.00 -4545.00 -4544.00 -4543.00 -4542.00 -4541.00 -4540.00 -4539.00 -4538.00 -4537.00 -4536.00 -4535.00 -4534.00 -4533.00 -4532.00 -4531.00 -4530.00 -4529.00 -4528.00 -4527.00 -4526.00 -4525.00 -4524.00 -4523.00 -4522.00 -4521.00 -4520.00 -4519.00 -4518.00 -4517.00 -4516.00 -4515.00 -4514.00 -4513.00 -4512.00 -4511.00 -4510.00 -4509.00 -4508.00 -4507.00 -4506.00 -4505.00 -4504.00 -4503.00 -4502.00 -4501.00 -4500.00 -4499.00 -4498.00 -4497.00 -4496.00 -4495.00 -4494.00 -4493.00 -4492.00 -4491.00 -4490.00 -4489.00 -4488.00 -4487.00 -4486.00 -4485.00 -4484.00 -4483.00 -4482.00 -4481.00 -4480.00 -4479.00 -4478.00 -4477.00 -4476.00 -4475.00 -4474.00 -4473.00 -4472.00 -4471.00 -4470.00 -4469.00 -4468.00 -4467.00 -4466.00 -4465.00 -4464.00 -4463.00 -4462.00 -4461.00 -4462.00 
    0.00     0.00     0.00     0.00     0.00     0.00     0.00     0.00     0.00     0.00     0.00     0.00     0.00     0.00     0.00     0.00     0.00     0.00     0.00     0.00     0.00     0.00     0.00     0.00     0.00     0.00     0.00     0.00     0.00     0.00     0.00     0.00     0.00     0.00     0.00     0.00     0.00     0.00     0.00     0.00     0.00     0.00     0.00     0.00     0.00     0.00     0.00     0.00     0.00     0.00     0.00     0.00     0.00     0.00     0.00     0.00     0.00     0.00     0.00     0.00     0.00     0.00     0.00     0.00     0.00     0.00     0.00     0.00     0.00     0.00     0.00     0.00     0.00     0.00     0.00     0.00     0.00     0.00     0.00     0.00     0.00     0.00     0.00     0.00     0.00     0.00     0.00     0.00     0.00     0.00     0.00     0.00     0.00     0.00     0.00     0.00     0.00     0.00     0.00     0.00     0.00     0.00     0.00     0.00     0.00     0.00     0.00     0.00     0.00     0.00     0.00     0.00     0.00     0.00     0.00     0.00     0.00     0.00 -4460.00 -4461.00 
-4343.00 -4342.00 -4343.00 -4344.00 -4345.00 -4346.00 -4347.00 -4348.00 -4349.00 -4350.00 -4351.00 -4352.00 -4353.00 -4354.00 -4355.00 -4356.00 -4357.00 -4358.00 -4359.00 -4360.00 -4361.00 -4362.00 -4363.00 -4364.00 -4365.00 -4366.00 -4367.00 -4368.00 -4369.00 -4370.00 -4371.00 -4372.00 -4373.00 -4374.00 -4375.00 -4376.00 -4377.00 -4378.00 -4379.00 -4380.00 -4381.00 -4382.00 -4383.00 -4384.00 -4385.00 -4386.00 -4387.00 -4388.00 -4389.00 -4390.00 -4391.00 -4392.00 -4393.00 -4394.00 -4395.00 -4396.00 -4397.00 -4398.00 -4399.00 -4400.00 -4401.00 -4402.00 -4403.00 -4404.00 -4405.00 -4406.00 -4407.00 -4408.00 -4409.00 -4410.00 -4411.00 -4412.00 -4413.00 -4414.00 -4415.00 -4416.00 -4417.00 -4418.00 -4419.00 -4420.00 -4421.00 -4422.00 -4423.00 -4424.00 -4425.00 -4426.00 -4427.00 -4428.00 -4429.00 -4430.00 -4431.00 -4432.00 -4433.00 -4434.00 -4435.00 -4436.00 -4437.00 -4438.00 -4439.00 -4440.00 -4441.00 -4442.00 -4443.00 -4444.00 -4445.00 -4446.00 -4447.00 -4448.00 -4449.00 -4450.00 -4451.00 -4452.00 -4453.00 -4454.00 -4455.00 -4456.00 -4457.00 -4458.00 -4459.00 -4460.00 
-4342.00 -4341.00 -4342.00 -4343.00 -4344.00 -4345.00 -4346.00 -4347.00 -4348.00 -4349.00 -4350.00 -4351.00 -4352.00 -4353.00 -4354.00 -4355.00 -4356.00 -4357.00 -4358.00 -4359.00 -4360.00 -4361.00 -4362.00 -4363.00 -4364.00 -4365.00 -4366.00 -4367.00 -4368.00 -4369.00 -4370.00 -4371.00 -4372.00 -4373.00 -4374.00 -4375.00 -4376.00 -4377.00 -4378.00 -4379.00 -4380.00 -4381.00 -4382.00 -4383.00 -4384.00 -4385.00 -4386.00 -4387.00 -4388.00 -4389.00 -4390.00 -4391.00 -4392.00 -4393.00 -4394.00 -4395.00 -4396.00 -4397.00 -4398.00 -4399.00 -4400.00 -4401.00 -4402.00 -4403.00 -4404.00 -4405.00 -4406.00 -4407.00 -4408.00 -4409.00 -4410.00 -4411.00 -4412.00 -4413.00 -4414.00 -4415.00 -4416.00 -4417.00 -4418.00 -4419.00 -4420.00 -4421.00 -4422.00 -4423.00 -4424.00 -4425.00 -4426.00 -4427.00 -4428.00 -4429.00 -4430.00 -4431.00 -4432.00 -4433.00 -4434.00 -4435.00 -4436.00 -4437.00 -4438.00 -4439.00 -4440.00 -4441.00 -4442.00 -4443.00 -4444.00 -4445.00 -4446.00 -4447.00 -4448.00 -4449.00 -4450.00 -4451.00 -4452.00 -4453.00 -4454.00 -4455.00 -4456.00 -4457.00 -4458.00 -4459.00 
-4341.00 -4340.00     0.00     0.00     0.00     0.00     0.00     0.00     0.00     0.00     0.00     0.00     0.00     0.00     0.00     0.00     0.00     0.00     0.00     0.00     0.00     0.00     0.00     0.00     0.00     0.00     0.00     0.00     0.00     0.00     0.00     0.00     0.00     0.00     0.00     0.00     0.00     0.00     0.00     0.00     0.00     0.00     0.00     0.00     0.00     0.00     0.00     0.00     0.00     0.00     0.00     0.00     0.00     0.00     0.00     0.00     0.00     0.00     0.00     0.00     0.00     0.00     0.00     0.00     0.00     0.00     0.00     0.00     0.00     0.00     0.00     0.00     0.00     0.00     0.00     0.00     0.00     0.00     0.00     0.00     0.00     0.00     0.00     0.00     0.00     0.00     0.00     0.00     0.00     0.00     0.00     0.00     0.00     0.00     0.00     0.00     0.00     0.00     0.00     0.00     0.00     0.00     0.00     0.00     0.00     0.00     0.00     0.00     0.00     0.00     0.00     0.00     0.00     0.00     0.00     0.00     0.00     0.00     0.00     0.00 
-4340.00 -4339.00 -4338.00 -4337.00 -4336.00 -4335.00 -4334.00 -4333.00 -4332.00 -4331.00 -4330.00 -4329.00 -4328.00 -4327.00 -4326.00 -4325.00 -4324.00 -4323.00 -4322.00 -4321.00 -4320.00 -4319.00 -4318.00 -4317.00 -4316.00 -4315.00 -4314.00 -4313.00 -4312.00 -4311.00 -4310.00 -4309.00 -4308.00 -4307.00 -4306.00 -4305.00 -4304.00 -4303.00 -4302.00 -4301.00 -4300.00 -4299.00 -4298.00 -4297.00 -4296.00 -4295.00 -4294.00 -4293.00 -4292.00 -4291.00 -4290.00 -4289.00 -4288.00 -4287.00 -4286.00 -4285.00 -4284.00 -4283.00 -4282.00 -4281.00 -4280.00 -4279.00 -4278.00 -4277.00 -4276.00 -4275.00 -4274.00 -4273.00 -4272.00 -4271.00 -4270.00 -4269.00 -4268.00 -4267.00 -4266.00 -4265.00 -4264.00 -4263.00 -4262.00 -4261.00 -4260.00 -4259.00 -4258.00 -4257.00 -4256.00 -4255.00 -4254.00 -4253.00 -4252.00 -4251.00 -4250.00 -4249.00 -4248.00 -4247.00 -4246.00 -4245.00 -4244.00 -4243.00 -4242.00 -4241.00 -4240.00 -4239.00 -4238.00 -4237.00 -4236.00 -4235.00 -4234.00 -4233.00 -4232.00 -4231.00 -4230.00 -4229.00 -4228.00 -4227.00 -4226.00 -4225.00 -4224.00 -4223.00 -4222.00 -4223.00 
-4339.00 -4338.00 -4337.00 -4336.00 -4335.00 -4334.00 -4333.00 -4332.00 -4331.00 -4330.00 -4329.00 -4328.00 -4327.00 -4326.00 -4325.00 -4324.00 -4323.00 -4322.00 -4321.00 -4320.00 -4319.00 -4318.00 -4317.00 -4316.00 -4315.00 -4314.00 -4313.00 -4312.00 -4311.00 -4310.00 -4309.00 -4308.00 -4307.00 -4306.00 -4305.00 -4304.00 -4303.00 -4302.00 -4301.00 -4300.00 -4299.00 -4298.00 -4297.00 -4296.00 -4295.00 -4294.00 -4293.00 -4292.00 -4291.00 -4290.00 -4289.00 -4288.00 -4287.00 -4286.00 -4285.00 -4284.00 -4283.00 -4282.00 -4281.00 -4280.00 -4279.00 -4278.00 -4277.00 -4276.00 -4275.00 -4274.00 -4273.00 -4272.00 -4271.00 -4270.00 -4269.00 -4268.00 -4267.00 -4266.00 -4265.00 -4264.00 -4263.00 -4262.00 -4261.00 -4260.00 -4259.00 -4258.00 -4257.00 -4256.00 -4255.00 -4254.00 -4253.00 -4252.00 -4251.00 -4250.00 -4249.00 -4248.00 -4247.00 -4246.00 -4245.00 -4244.00 -4243.00 -4242.00 -4241.00 -4240.00 -4239.00 -4238.00 -4237.00 -4236.00 -4235.00 -4234.00 -4233.00 -4232.00 -4231.00 -4230.00 -4229.00 -4228.00 -4227.00 -4226.00 -4225.00 -4224.00 -4223.00 -4222.00 -4221.00 -4222.00 
    0.00     0.00     0.00     0.00     0.00     0.00     0.00     0.00     0.00     0.00     0.00     0.00     0.00     0.00     0.00     0.00     0.00     0.00     0.00     0.00     0.00     0.00     0.00     0.00     0.00     0.00     0.00     0.00     0.00     0.00     0.00     0.00     0.00     0.00     0.00     0.00     0.00     0.00     0.00     0.00     0.00     0.00     0.00     0.00     0.00     0.00     0.00     0.00     0.00     0.00     0.00     0.00     0.00     0.00     0.00     0.00     0.00     0.00     0.00     0.00     0.00     0.00     0.00     0.00     0.00     0.00     0.00     0.00     0.00     0.00     0.00     0.00     0.00     0.00     0.00     0.00     0.00     0.00     0.00     0.00     0.00     0.00     0.00     0.00     0.00     0.00     0.00     0.00     0.00     0.00     0.00     0.00     0.00     0.00     0.00     0.00     0.00     0.00     0.00     0.00     0.00     0.00     0.00     0.00     0.00     0.00     0.00     0.00     0.00     0.00     0.00     0.00     0.00     0.00     0.00     0.00     0.00     0.00 -4220.00 -4221.00 
-4103.00 -4102.00 -4103.00 -4104.00 -4105.00 -4106.00 -4107.00 -4108.00 -4109.00 -4110.00 -4111.00 -4112.00 -4113.00 -4114.00 -4115.00 -4116.00 -4117.00 -4118.00 -4119.00 -4120.00 -4121.00 -4122.00 -4123.00 -4124.00 -4125.00 -4126.00 -4127.00 -4128.00 -4129.00 -4130.00 -4131.00 -4132.00 -4133.00 -4134.00 -4135.00 -4136.00 -4137.00 -4138.00 -4139.00 -4140.00 -4141.00 -4142.00 -4143.00 -4144.00 -4145.00 -4146.00 -4147.00 -4148.00 -4149.00 -4150.00 -4151.00 -4152.00 -4153.00 -4154.00 -4155.00 -4156.00 -4157.00 -4158.00 -4159.00 -4160.00 -4161.00 -4162.00 -4163.00 -4164.00 -4165.00 -4166.00 -4167.00 -4168.00 -4169.00 -4170.00 -4171.00 -4172.00 -4173.00 -4174.00 -4175.00 -4176.00 -4177.00 -4178.00 -4179.00 -4180.00 -4181.00 -4182.00 -4183.00 -4184.00 -4185.00 -4186.00 -4187.00 -4188.00 -4189.00 -4190.00 -4191.00 -4192.00 -4193.00 -4194.00 -4195.00 -4196.00 -4197.00 -4198.00 -4199.00 -4200.00 -4201.00 -4202.00 -4203.00 -4204.00 -4205.00 -4206.00 -4207.00 -4208.00 -4209.00 -4210.00 -4211.00 -4212.00 -4213.00 -4214.00 -4215.00 -4216.00 -4217.00 -4218.00 -4219.00 -4220.00 
-4102.00 -4101.00 -4102.00 -4103.00 -4104.00 -4105.00 -4106.00 -4107.00 -4108.00 -4109.00 -4110.00 -4111.00 -4112.00 -4113.00 -4114.00 -4115.00 -4116.00 -4117.00 -4118.00 -4119.00 -4120.00 -4121.00 -4122.00 -4123.00 -4124.00 -4125.00 -4126.00 -4127.00 -4128.00 -4129.00 -4130.00 -4131.00 -4132.00 -4133.00 -4134.00 -4135.00 -4136.00 -4137.00 -4138.00 -4139.00 -4140.00 -4141.00 -4142.00 -4143.00 -4144.00 -4145.00 -4146.00 -4147.00 -4148.00 -4149.00 -4150.00 -4151.00 -4152.00 -4153.00 -4154.00 -4155.00 -4156.00 -4157.00 -4158.00 -4159.00 -4160.00 -4161.00 -4162.00 -4163.00 -4164.00 -4165.00 -4166.00 -4167.00 -4168.00 -4169.00 -4170.00 -4171.00 -4172.00 -4173.00 -4174.00 -4175.00 -4176.00 -4177.00 -4178.00 -4179.00 -4180.00 -4181.00 -4182.00 -4183.00 -4184.00 -4185.00 -4186.00 -4187.00 -4188.00 -4189.00 -4190.00 -4191.00 -4192.00 -4193.00 -4194.00 -4195.00 -4196.00 -4197.00 -4198.00 -4199.00 -4200.00 -4201.00 -4202.00 -4203.00 -4204.00 -4205.00 -4206.00 -4207.00 -4208.00 -4209.00 -4210.00 -4211.00 -4212.00 -4213.00 -4214.00 -4215.00 -4216.00 -4217.00 -4218.00 -4219.00 
-4101.00 -4100.00     0.00     0.00     0.00     0.00     0.00     0.00     0.00     0.00     0.00     0.00     0.00     0.00     0.00     0.00     0.00     0.00     0.00     0.00     0.00     0.00     0.00     0.00     0.00     0.00     0.00     0.00     0.00     0.00     0.00     0.00     0.00     0.00     0.00     0.00     0.00     0.00     0.00     0.00     0.00     0.00     0.00     0.00     0.00     0.00     0.00     0.00     0.00     0.00     0.00     0.00     0.00     0.00     0.00     0.00     0.00     0.00     0.00     0.00     0.00     0.00     0.00     0.00     0.00     0.00     0.00     0.00     0.00     0.00     0.00     0.00     0.00     0.00     0.00     0.00     0.00     0.00     0.00     0.00     0.00     0.00     0.00     0.00     0.00     0.00     0.00     0.00     0.00     0.00     0.00     0.00     0.00     0.00     0.00     0.00     0.00     0.00     0.00     0.00     0.00     0.00     0.00     0.00     0.00     0.00     0.00     0.00     0.00     0.00     0.00     0.00     0.00     0.00     0.00     0.00     0.00     0.00     0.00     0.00 
-4100.00 -4099.00 -4098.00 -4097.00 -4096.00 -4095.00 -4094.00 -4093.00 -4092.00 -4091.00 -4090.00 -4089.00 -4088.00 -4087.00 -4086.00 -4085.00 -4084.00 -4083.00 -4082.00 -4081.00 -4080.00 -4079.00 -4078.00 -4077.00 -4076.00 -4075.00 -4074.00 -4073.00 -4072.00 -4071.00 -4070.00 -4069.00 -4068.00 -4067.00 -4066.00 -4065.00 -4064.00 -4063.00 -4062.00 -4061.00 -4060.00 -4059.00 -4058.00 -4057.00 -4056.00 -4055.00 -4054.00 -4053.00 -4052.00 -4051.00 -4050.00 -4049.00 -4048.00 -4047.00 -4046.00 -4045.00 -4044.00 -4043.00 -4042.00 -4041.00 -4040.00 -4039.00 -4038.00 -4037.00 -4036.00 -4035.00 -4034.00 -4033.00 -4032.00 -4031.00 -4030.00 -4029.00 -4028.00 -4027.00 -4026.00 -4025.00 -4024.00 -4023.00 -4022.00 -4021.00 -4020.00 -4019.00 -4018.00 -4017.00 -4016.00 -4015.00 -4014.00 -4013.00 -4012.00 -4011.00 -4010.00 -4009.00 -4008.00 -4007.00 -4006.00 -4005.00 -4004.00 -4003.00 -4002.00 -4001.00 -4000.00 -3999.00 -3998.00 -3997.00 -3996.00 -3995.00 -3994.00 -3993.00 -3992.00 -3991.00 -3990.00 -3989.00 -3988.00 -3987.00 -3986.00 -3985.00 -3984.00 -3983.00 -3982.00 -3983.00 
-4099.00 -4098.00 -4097.00 -4096.00 -4095.00 -4094.00 -4093.00 -4092.00 -4091.00 -4090.00 -4089.00 -4088.00 -4087.00 -4086.00 -4085.00 -4084.00 -4083.00 -4082.00 -4081.00 -4080.00 -4079.00 -4078.00 -4077.00 -4076.00 -4075.00 -4074.00 -4073.00 -4072.00 -4071.00 -4070.00 -4069.00 -4068.00 -4067.00 -4066.00 -4065.00 -4064.00 -4063.00 -4062.00 -4061.00 -4060.00 -4059.00 -4058.00 -4057.00 -4056.00 -4055.00 -4054.00 -4053.00 -4052.00 -4051.00 -4050.00 -4049.00 -4048.00 -4047.00 -4046.00 -4045.00 -4044.00 -4043.00 -4042.00 -4041.00 -4040.00 -4039.00 -4038.00 -4037.00 -4036.00 -4035.00 -4034.00 -4033.00 -4032.00 -4031.00 -4030.00 -4029.00 -4028.00 -4027.00 -4026.00 -4025.00 -4024.00 -4023.00 -4022.00 -4021.00 -4020.00 -4019.00 -4018.00 -4017.00 -4016.00 -4015.00 -4014.00 -4013.00 -4012.00 -4011.00 -4010.00 -4009.00 -4008.00 -4007.00 -4006.00 -4005.00 -4004.00 -4003.00 -4002.00 -4001.00 -4000.00 -3999.00 -3998.00 -3997.00 -3996.00 -3995.00 -3994.00 -3993.00 -3992.00 -3991.00 -3990.00 -3989.00 -3988.00 -3987.00 -3986.00 -3985.00 -3984.00 -3983.00 -3982.00 -3981.00 -3982.00 
    0.00     0.00     0.00     0.00     0.00     0.00     0.00     0.00     0.00     0.00     0.00     0.00     0.00     0.00     0.00     0.00     0.00     0.00     0.00     0.00     0.00     0.00     0.00     0.00     0.00     0.00     0.00     0.00     0.00     0.00     0.00     0.00     0.00     0.00     0.00     0.00     0.00     0.00     0.00     0.00     0.00     0.00     0.00     0.00     0.00     0.00     0.00     0.00     0.00     0.00     0.00     0.00     0.00     0.00     0.00     0.00     0.00     0.00     0.00     0.00     0.00     0.00     0.00     0.00     0.00     0.00     0.00     0.00     0.00     0.00     0.00     0.00     0.00     0.00     0.00     0.00     0.00     0.00     0.00     0.00     0.00     0.00     0.00     0.00     0.00     0.00     0.00     0.00     0.00     0.00     0.00     0.00     0.00     0.00     0.00     0.00     0.00     0.00     0.00     0.00     0.00     0.00     0.00     0.00     0.00     0.00     0.00     0.00     0.00     0.00     0.00     0.00     0.00     0.00     0.00     0.00     0.00     0.00 -3980.00 -3981.00 
-3863.00 -3862.00 -3863.00 -3864.00 -3865.00 -3866.00 -3867.00 -3868.00 -3869.00 -3870.00 -3871.00 -3872.00 -3873.00 -3874.00 -3875.00 -3876.00 -3877.00 -3878.00 -3879.00 -3880.00 -3881.00 -3882.00 -3883.00 -3884.00 -3885.00 -3886.00 -3887.00 -3888.00 -3889.00 -3890.00 -3891.00 -3892.00 -3893.00 -3894.00 -3895.00 -3896.00 -3897.00 -3898.00 -3899.00 -3900.00 -3901.00 -3902.00 -3903.00 -3904.00 -3905.00 -3906.00 -3907.00 -3908.00 -3909.00 -3910.00 -3911.00 -3912.00 -3913.00 -3914.00 -3915.00 -3916.00 -3917.00 -3918.00 -3919.00 -3920.00 -3921.00 -3922.00 -3923.00 -3924.00 -3925.00 -3926.00 -3927.00 -3928.00 -3929.00 -3930.00 -3931.00 -3932.00 -3933.00 -3934.00 -3935.00 -3936.00 -3937.00 -3938.00 -3939.00 -3940.00 -3941.00 -3942.00 -3943.00 -3944.00 -3945.00 -3946.00 -3947.00 -3948.00 -3949.00 -3950.00 -3951.00 -3952.00 -3953.00 -3954.00 -3955.00 -3956.00 -3957.00 -3958.00 -3959.00 -3960.00 -3961.00 -3962.00 -3963.00 -3964.00 -3965.00 -3966.00 -3967.00 -3968.00 -3969.00 -3970.00 -3971.00 -3972.00 -3973.00 -3974.00 -3975.00 -3976.00 -3977.00 -3978.00 -3979.00 -3980.00 
-3862.00 -3861.00 -3862.00 -3863.00 -3864.00 -3865.00 -3866.00 -3867.00 -3868.00 -3869.00 -3870.00 -3871.00 -3872.00 -3873.00 -3874.00 -3875.00 -3876.00 -3877.00 -3878.00 -3879.00 -3880.00 -3881.00 -3882.00 -3883.00 -3884.00 -3885.00 -3886.00 -3887.00 -3888.00 -3889.00 -3890.00 -3891.00 -3892.00 -3893.00 -3894.00 -3895.00 -3896.00 -3897.00 -3898.00 -3899.00 -3900.00 -3901.00 -3902.00 -3903.00 -3904.00 -3905.00 -3906.00 -3907.00 -3908.00 -3909.00 -3910.00 -3911.00 -3912.00 -3913.00 -3914.00 -3915.00 -3916.00 -3917.00 -3918.00 -3919.00 -3920.00 -3921.00 -3922.00 -3923.00 -3924.00 -3925.00 -3926.00 -3927.00 -3928.00 -3929.00 -3930.00 -3931.00 -3932.00 -3933.00 -3934.00 -3935.00 -3936.00 -3937.00 -3938.00 -3939.00 -3940.00 -3941.00 -3942.00 -3943.00 -3944.00 -3945.00 -3946.00 -3947.00 -3948.00 -3949.00 -3950.00 -3951.00 -3952.00 -3953.00 -3954.00 -3955.00 -3956.00 -3957.00 -3958.00 -3959.00 -3960.00 -3961.00 -3962.00 -3963.00 -3964.00 -3965.00 -3966.00 -3967.00 -3968.00 -3969.00 -3970.00 -3971.00 -3972.00 -3973.00 -3974.00 -3975.00 -3976.00 -3977.00 -3978.00 -3979.00 
-3861.00 -3860.00     0.00     0.00     0.00     0.00     0.00     0.00     0.00     0.00     0.00     0.00     0.00     0.00     0.00     0.00     0.00     0.00     0.00     0.00     0.00     0.00     0.00     0.00     0.00     0.00     0.00     0.00     0.00     0.00     0.00     0.00     0.00     0.00     0.00     0.00     0.00     0.00     0.00     0.00     0.00     0.00     0.00     0.00     0.00     0.00     0.00     0.00     0.00     0.00     0.00     0.00     0.00     0.00     0.00     0.00     0.00     0.00     0.00     0.00     0.00     0.00     0.00     0.00     0.00     0.00     0.00     0.00     0.00     0.00     0.00     0.00     0.00     0.00     0.00     0.00     0.00     0.00     0.00     0.00     0.00     0.00     0.00     0.00     0.00     0.00     0.00     0.00     0.00     0.00     0.00     0.00     0.00     0.00     0.00     0.00     0.00     0.00     0.00     0.00     0.00     0.00     0.00     0.00     0.00     0.00     0.00     0.00     0.00     0.00     0.00     0.00     0.00     0.00     0.00     0.00     0.00     0.00     0.00     0.00 
-3860.00 -3859.00 -3858.00 -3857.00 -3856.00 -3855.00 -3854.00 -3853.00 -3852.00 -3851.00 -3850.00 -3849.00 -3848.00 -3847.00 -3846.00 -3845.00 -3844.00 -3843.00 -3842.00 -3841.00 -3840.00 -3839.00 -3838.00 -3837.00 -3836.00 -3835.00 -3834.00 -3833.00 -3832.00 -3831.00 -3830.00 -3829.00 -3828.00 -3827.00 -3826.00 -3825.00 -3824.00 -3823.00 -3822.00 -3821.00 -3820.00 -3819.00 -3818.00 -3817.00 -3816.00 -3815.00 -3814.00 -3813.00 -3812.00 -3811.00 -3810.00 -3809.00 -3808.00 -3807.00 -3806.00 -3805.00 -3804.00 -3803.00 -3802.00 -3801.00 -3800.00 -3799.00 -3798.00 -3797.00 -3796.00 -3795.00 -3794.00 -3793.00 -3792.00 -3791.00 -3790.00 -3789.00 -3788.00 -3787.00 -3786.00 -3785.00 -3784.00 -3783.00 -3782.00 -3781.00 -3780.00 -3779.00 -3778.00 -3777.00 -3776.00 -3775.00 -3774.00 -3773.00 -3772.00 -3771.00 -3770.00 -3769.00 -3768.00 -3767.00 -3766.00 -3765.00 -3764.00 -3763.00 -3762.00 -3761.00 -3760.00 -3759.00 -3758.00 -3757.00 -3756.00 -3755.00 -3754.00 -3753.00 -3752.00 -3751.00 -3750.00 -3749.00 -3748.00 -3747.00 -3746.00 -3745.00 -3744.00 -3743.00 -3742.00 -3743.00 
-3859.00 -3858.00 -3857.00 -3856.00 -3855.00 -3854.00 -3853.00 -3852.00 -3851.00 -3850.00 -3849.00 -3848.00 -3847.00 -3846.00 -3845.00 -3844.00 -3843.00 -3842.00 -3841.00 -3840.00 -3839.00 -3838.00 -3837.00 -3836.00 -3835.00 -3834.00 -3833.00 -3832.00 -3831.00 -3830.00 -3829.00 -3828.00 -3827.00 -3826.00 -3825.00 -3824.00 -3823.00 -3822.00 -3821.00 -3820.00 -3819.00 -3818.00 -3817.00 -3816.00 -3815.00 -3814.00 -3813.00 -3812.00 -3811.00 -3810.00 -3809.00 -3808.00 -3807.00 -3806.00 -3805.00 -3804.00 -3803.00 -3802.00 -3801.00 -3800.00 -3799.00 -3798.00 -3797.00 -3796.00 -3795.00 -3794.00 -3793.00 -3792.00 -3791.00 -3790.00 -3789.00 -3788.00 -3787.00 -3786.00 -3785.00 -3784.00 -3783.00 -3782.00 -3781.00 -3780.00 -3779.00 -3778.00 -3777.00 -3776.00 -3775.00 -3774.00 -3773.00 -3772.00 -3771.00 -3770.00 -3769.00 -3768.00 -3767.00 -3766.00 -3765.00 -3764.00 -3763.00 -3762.00 -3761.00 -3760.00 -3759.00 -3758.00 -3757.00 -3756.00 -3755.00 -3754.00 -3753.00 -3752.00 -3751.00 -3750.00 -3749.00 -3748.00 -3747.00 -3746.00 -3745.00 -3744.00 -3743.00 -3742.00 -3741.00 -3742.00 
    0.00     0.00     0.00     0.00     0.00     0.00     0.00     0.00     0.00     0.00     0.00     0.00     0.00     0.00     0.00     0.00     0.00     0.00     0.00     0.00     0.00     0.00     0.00     0.00     0.00     0.00     0.00     0.00     0.00     0.00     0.00     0.00     0.00     0.00     0.00     0.00     0.00     0.00     0.00     0.00     0.00     0.00     0.00     0.00     0.00     0.00     0.00     0.00     0.00     0.00     0.00     0.00     0.00     0.00     0.00     0.00     0.00     0.00     0.00     0.00     0.00     0.00     0.00     0.00     0.00     0.00     0.00     0.00     0.00     0.00     0.00     0.00     0.00     0.00     0.00     0.00     0.00     0.00     0.00     0.00     0.00     0.00     0.00     0.00     0.00     0.00     0.00     0.00     0.00     0.00     0.00     0.00     0.00     0.00     0.00     0.00     0.00     0.00     0.00     0.00     0.00     0.00     0.00     0.00     0.00     0.00     0.00     0.00     0.00     0.00     0.00     0.00     0.00     0.00     0.00     0.00     0.00     0.00 -3740.00 -3741.00 
-3623.00 -3622.00 -3623.00 -3624.00 -3625.00 -3626.00 -3627.00 -3628.00 -3629.00 -3630.00 -3631.00 -3632.00 -3633.00 -3634.00 -3635.00 -3636.00 -3637.00 -3638.00 -3639.00 -3640.00 -3641.00 -3642.00 -3643.00 -3644.00 -3645.00 -3646.00 -3647.00 -3648.00 -3649.00 -3650.00 -3651.00 -3652.00 -3653.00 -3654.00 -3655.00 -3656.00 -3657.00 -3658.00 -3659.00 -3660.00 -3661.00 -3662.00 -3663.00 -3664.00 -3665.00 -3666.00 -3667.00 -3668.00 -3669.00 -3670.00 -3671.00 -3672.00 -3673.00 -3674.00 -3675.00 -3676.00 -3677.00 -3678.00 -3679.00 -3680.00 -3681.00 -3682.00 -3683.00 -3684.00 -3685.00 -3686.00 -3687.00 -3688.00 -3689.00 -3690.00 -3691.00 -3692.00 -3693.00 -3694.00 -3695.00 -3696.00 -3697.00 -3698.00 -3699.00 -3700.00 -3701.00 -3702.00 -3703.00 -3704.00 -3705.00 -3706.00 -3707.00 -3708.00 -3709.00 -3710.00 -3711.00 -3712.00 -3713.00 -3714.00 -3715.00 -3716.00 -3717.00 -3718.00 -3719.00 -3720.00 -3721.00 -3722.00 -3723.00 -3724.00 -3725.00 -3726.00 -3727.00 -3728.00 -3729.00 -3730.00 -3731.00 -3732.00 -3733.00 -3734.00 -3735.00 -3736.00 -3737.00 -3738.00 -3739.00 -3740.00 
-3622.00 -3621.00 -3622.00 -3623.00 -3624.00 -3625.00 -3626.00 -3627.00 -3628.00 -3629.00 -3630.00 -3631.00 -3632.00 -3633.00 -3634.00 -3635.00 -3636.00 -3637.00 -3638.00 -3639.00 -3640.00 -3641.00 -3642.00 -3643.00 -3644.00 -3645.00 -3646.00 -3647.00 -3648.00 -3649.00 -3650.00 -3651.00 -3652.00 -3653.00 -3654.00 -3655.00 -3656.00 -3657.00 -3658.00 -3659.00 -3660.00 -3661.00 -3662.00 -3663.00 -3664.00 -3665.00 -3666.00 -3667.00 -3668.00 -3669.00 -3670.00 -3671.00 -3672.00 -3673.00 -3674.00 -3675.00 -3676.00 -3677.00 -3678.00 -3679.00 -3680.00 -3681.00 -3682.00 -3683.00 -3684.00 -3685.00 -3686.00 -3687.00 -3688.00 -3689.00 -3690.00 -3691.00 -3692.00 -3693.00 -3694.00 -3695.00 -3696.00 -3697.00 -3698.00 -3699.00 -3700.00 -3701.00 -3702.00 -3703.00 -3704.00 -3705.00 -3706.00 -3707.00 -3708.00 -3709.00 -3710.00 -3711.00 -3712.00 -3713.00 -3714.00 -3715.00 -3716.00 -3717.00 -3718.00 -3719.00 -3720.00 -3721.00 -3722.00 -3723.00 -3724.00 -3725.00 -3726.00 -3727.00 -3728.00 -3729.00 -3730.00 -3731.00 -3732.00 -3733.00 -3734.00 -3735.00 -3736.00 -3737.00 -3738.00 -3739.00 
-3621.00 -3620.00     0.00     0.00     0.00     0.00     0.00     0.00     0.00     0.00     0.00     0.00     0.00     0.00     0.00     0.00     0.00     0.00     0.00     0.00     0.00     0.00     0.00     0.00     0.00     0.00     0.00     0.00     0.00     0.00     0.00     0.00     0.00     0.00     0.00     0.00     0.00     0.00     0.00     0.00     0.00     0.00     0.00     0.00     0.00     0.00     0.00     0.00     0.00     0.00     0.00     0.00     0.00     0.00     0.00     0.00     0.00     0.00     0.00     0.00     0.00     0.00     0.00     0.00     0.00     0.00     0.00     0.00     0.00     0.00     0.00     0.00     0.00     0.00     0.00     0.00     0.00     0.00     0.00     0.00     0.00     0.00     0.00     0.00     0.00     0.00     0.00     0.00     0.00     0.00     0.00     0.00     0.00     0.00     0.00     0.00     0.00     0.00     0.00     0.00     0.00     0.00     0.00     0.00     0.00     0.00     0.00     0.00     0.00     0.00     0.00     0.00     0.00     0.00     0.00     0.00     0.00     0.00     0.00     0.00 
-3620.00 -3619.00 -3618.00 -3617.00 -3616.00 -3615.00 -3614.00 -3613.00 -3612.00 -3611.00 -3610.00 -3609.00 -3608.00 -3607.00 -3606.00 -3605.00 -3604.00 -3603.00 -3602.00 -3601.00 -3600.00 -3599.00 -3598.00 -3597.00 -3596.00 -3595.00 -3594.00 -3593.00 -3592.00 -3591.00 -3590.00 -3589.00 -3588.00 -3587.00 -3586.00 -3585.00 -3584.00 -3583.00 -3582.00 -3581.00 -3580.00 -3579.00 -3578.00 -3577.00 -3576.00 -3575.00 -3574.00 -3573.00 -3572.00 -3571.00 -3570.00 -3569.00 -3568.00 -3567.00 -3566.00 -3565.00 -3564.00 -3563.00 -3562.00 -3561.00 -3560.00 -3559.00 -3558.00 -3557.00 -3556.00 -3555.00 -3554.00 -3553.00 -3552.00 -3551.00 -3550.00 -3549.00 -3548.00 -3547.00 -3546.00 -3545.00 -3544.00 -3543.00 -3542.00 -3541.00 -3540.00 -3539.00 -3538.00 -3537.00 -3536.00 -3535.00 -3534.00 -3533.00 -3532.00 -3531.00 -3530.00 -3529.00 -3528.00 -3527.00 -3526.00 -3525.00 -3524.00 -3523.00 -3522.00 -3521.00 -3520.00 -3519.00 -3518.00 -3517.00 -3516.00 -3515.00 -3514.00 -3513.00 -3512.00 -3511.00 -3510.00 -3509.00 -3508.00 -3507.00 -3506.00 -3505.00 -3504.00 -3503.00 -3502.00 -3503.00 
-3619.00 -3618.00 -3617.00 -3616.00 -3615.00 -3614.00 -3613.00 -3612.00 -3611.00 -3610.00 -3609.00 -3608.00 -3607.00 -3606.00 -3605.00 -3604.00 -3603.00 -3602.00 -3601.00 -3600.00 -3599.00 -3598.00 -3597.00 -3596.00 -3595.00 -3594.00 -3593.00 -3592.00 -3591.00 -3590.00 -3589.00 -3588.00 -3587.00 -3586.00 -3585.00 -3584.00 -3583.00 -3582.00 -3581.00 -3580.00 -3579.00 -3578.00 -3577.00 -3576.00 -3575.00 -3574.00 -3573.00 -3572.00 -3571.00 -3570.00 -3569.00 -3568.00 -3567.00 -3566.00 -3565.00 -3564.00 -3563.00 -3562.00 -3561.00 -3560.00 -3559.00 -3558.00 -3557.00 -3556.00 -3555.00 -3554.00 -3553.00 -3552.00 -3551.00 -3550.00 -3549.00 -3548.00 -3547.00 -3546.00 -3545.00 -3544.00 -3543.00 -3542.00 -3541.00 -3540.00 -3539.00 -3538.00 -3537.00 -3536.00 -3535.00 -3534.00 -3533.00 -3532.00 -3531.00 -3530.00 -3529.00 -3528.00 -3527.00 -3526.00 -3525.00 -3524.00 -3523.00 -3522.00 -3521.00 -3520.00 -3519.00 -3518.00 -3517.00 -3516.00 -3515.00 -3514.00 -3513.00 -3512.00 -3511.00 -3510.00 -3509.00 -3508.00 -3507.00 -3506.00 -3505.00 -3504.00 -3503.00 -3502.00 -3501.00 -3502.00 
    0.00     0.00     0.00     0.00     0.00     0.00     0.00     0.00     0.00     0.00     0.00     0.00     0.00     0.00     0.00     0.00     0.00     0.00     0.00     0.00     0.00     0.00     0.00     0.00     0.00     0.00     0.00     0.00     0.00     0.00     0.00     0.00     0.00     0.00     0.00     0.00     0.00     0.00     0.00     0.00     0.00     0.00     0.00     0.00     0.00     0.00     0.00     0.00     0.00     0.00     0.00     0.00     0.00     0.00     0.00     0.00     0.00     0.00     0.00     0.00     0.00     0.00     0.00     0.00     0.00     0.00     0.00     0.00     0.00     0.00     0.00     0.00     0.00     0.00     0.00     0.00     0.00     0.00     0.00     0.00     0.00     0.00     0.00     0.00     0.00     0.00     0.00     0.00     0.00     0.00     0.00     0.00     0.00     0.00     0.00     0.00     0.00     0.00     0.00     0.00     0.00     0.00     0.00     0.00     0.00     0.00     0.00     0.00     0.00     0.00     0.00     0.00     0.00     0.00     0.00     0.00     0.00     0.00 -3500.00 -3501.00 
-3383.00 -3382.00 -3383.00 -3384.00 -3385.00 -3386.00 -3387.00 -3388.00 -3389.00 -3390.00 -3391.00 -3392.00 -3393.00 -3394.00 -3395.00 -3396.00 -3397.00 -3398.00 -3399.00 -3400.00 -3401.00 -3402.00 -3403.00 -3404.00 -3405.00 -3406.00 -3407.00 -3408.00 -3409.00 -3410.00 -3411.00 -3412.00 -3413.00 -3414.00 -3415.00 -3416.00 -3417.00 -3418.00 -3419.00 -3420.00 -3421.00 -3422.00 -3423.00 -3424.00 -3425.00 -3426.00 -3427.00 -3428.00 -3429.00 -3430.00 -3431.00 -3432.00 -3433.00 -3434.00 -3435.00 -3436.00 -3437.00 -3438.00 -3439.00 -3440.00 -3441.00 -3442.00 -3443.00 -3444.00 -3445.00 -3446.00 -3447.00 -3448.00 -3449.00 -3450.00 -3451.00 -3452.00 -3453.00 -3454.00 -3455.00 -3456.00 -3457.00 -3458.00 -3459.00 -3460.00 -3461.00 -3462.00 -3463.00 -3464.00 -3465.00 -3466.00 -3467.00 -3468.00 -3469.00 -3470.00 -3471.00 -3472.00 -3473.00 -3474.00 -3475.00 -3476.00 -3477.00 -3478.00 -3479.00 -3480.00 -3481.00 -3482.00 -3483.00 -3484.00 -3485.00 -3486.00 -3487.00 -3488.00 -3489.00 -3490.00 -3491.00 -3492.00 -3493.00 -3494.00 -3495.00 -3496.00 -3497.00 -3498.00 -3499.00 -3500.00 
-3382.00 -3381.00 -3382.00 -3383.00 -3384.00 -3385.00 -3386.00 -3387.00 -3388.00 -3389.00 -3390.00 -3391.00 -3392.00 -3393.00 -3394.00 -3395.00 -3396.00 -3397.00 -3398.00 -3399.00 -3400.00 -3401.00 -3402.00 -3403.00 -3404.00 -3405.00 -3406.00 -3407.00 -3408.00 -3409.00 -3410.00 -3411.00 -3412.00 -3413.00 -3414.00 -3415.00 -3416.00 -3417.00 -3418.00 -3419.00 -3420.00 -3421.00 -3422.00 -3423.00 -3424.00 -3425.00 -3426.00 -3427.00 -3428.00 -3429.00 -3430.00 -3431.00 -3432.00 -3433.00 -3434.00 -3435.00 -3436.00 -3437.00 -3438.00 -3439.00 -3440.00 -3441.00 -3442.00 -3443.00 -3444.00 -3445.00 -3446.00 -3447.00 -3448.00 -3449.00 -3450.00 -3451.00 -3452.00 -3453.00 -3454.00 -3455.00 -3456.00 -3457.00 -3458.00 -3459.00 -3460.00 -3461.00 -3462.00 -3463.00 -3464.00 -3465.00 -3466.00 -3467.00 -3468.00 -3469.00 -3470.00 -3471.00 -3472.00 -3473.00 -3474.00 -3475.00 -3476.00 -3477.00 -3478.00 -3479.00 -3480.00 -3481.00 -3482.00 -3483.00 -3484.00 -3485.00 -3486.00 -3487.00 -3488.00 -3489.00 -3490.00 -3491.00 -3492.00 -3493.00 -3494.00 -3495.00 -3496.00 -3497.00 -3498.00 -3499.00 
-3381.00 -3380.00     0.00     0.00     0.00     0.00     0.00     0.00     0.00     0.00     0.00     0.00     0.00     0.00     0.00     0.00     0.00     0.00     0.00     0.00     0.00     0.00     0.00     0.00     0.00     0.00     0.00     0.00     0.00     0.00     0.00     0.00     0.00     0.00     0.00     0.00     0.00     0.00     0.00     0.00     0.00     0.00     0.00     0.00     0.00     0.00     0.00     0.00     0.00     0.00     0.00     0.00     0.00     0.00     0.00     0.00     0.00     0.00     0.00     0.00     0.00     0.00     0.00     0.00     0.00     0.00     0.00     0.00     0.00     0.00     0.00     0.00     0.00     0.00     0.00     0.00     0.00     0.00     0.00     0.00     0.00     0.00     0.00     0.00     0.00     0.00     0.00     0.00     0.00     0.00     0.00     0.00     0.00     0.00     0.00     0.00     0.00     0.00     0.00     0.00     0.00     0.00     0.00     0.00     0.00     0.00     0.00     0.00     0.00     0.00     0.00     0.00     0.00     0.00     0.00     0.00     0.00     0.00     0.00     0.00 
-3380.00 -3379.00 -3378.00 -3377.00 -3376.00 -3375.00 -3374.00 -3373.00 -3372.00 -3371.00 -3370.00 -3369.00 -3368.00 -3367.00 -3366.00 -3365.00 -3364.00 -3363.00 -3362.00 -3361.00 -3360.00 -3359.00 -3358.00 -3357.00 -3356.00 -3355.00 -3354.00 -3353.00 -3352.00 -3351.00 -3350.00 -3349.00 -3348.00 -3347.00 -3346.00 -3345.00 -3344.00 -3343.00 -3342.00 -3341.00 -3340.00 -3339.00 -3338.00 -3337.00 -3336.00 -3335.00 -3334.00 -3333.00 -3332.00 -3331.00 -3330.00 -3329.00 -3328.00 -3327.00 -3326.00 -3325.00 -3324.00 -3323.00 -3322.00 -3321.00 -3320.00 -3319.00 -3318.00 -3317.00 -3316.00 -3315.00 -3314.00 -3313.00 -3312.00 -3311.00 -3310.00 -3309.00 -3308.00 -3307.00 -3306.00 -3305.00 -3304.00 -3303.00 -3302.00 -3301.00 -3300.00 -3299.00 -3298.00 -3297.00 -3296.00 -3295.00 -3294.00 -3293.00 -3292.00 -3291.00 -3290.00 -3289.00 -3288.00 -3287.00 -3286.00 -3285.00 -3284.00 -3283.00 -3282.00 -3281.00 -3280.00 -3279.00 -3278.00 -3277.00 -3276.00 -3275.00 -3274.00 -3273.00 -3272.00 -3271.00 -3270.00 -3269.00 -3268.00 -3267.00 -3266.00 -3265.00 -3264.00 -3263.00 -3262.00 -3263.00 
-3379.00 -3378.00 -3377.00 -3376.00 -3375.00 -3374.00 -3373.00 -3372.00 -3371.00 -3370.00 -3369.00 -3368.00 -3367.00 -3366.00 -3365.00 -3364.00 -3363.00 -3362.00 -3361.00 -3360.00 -3359.00 -3358.00 -3357.00 -3356.00 -3355.00 -3354.00 -3353.00 -3352.00 -3351.00 -3350.00 -3349.00 -3348.00 -3347.00 -3346.00 -3345.00 -3344.00 -3343.00 -3342.00 -3341.00 -3340.00 -3339.00 -3338.00 -3337.00 -3336.00 -3335.00 -3334.00 -3333.00 -3332.00 -3331.00 -3330.00 -3329.00 -3328.00 -3327.00 -3326.00 -3325.00 -3324.00 -3323.00 -3322.00 -3321.00 -3320.00 -3319.00 -3318.00 -3317.00 -3316.00 -3315.00 -3314.00 -3313.00 -3312.00 -3311.00 -3310.00 -3309.00 -3308.00 -3307.00 -3306.00 -3305.00 -3304.00 -3303.00 -3302.00 -3301.00 -3300.00 -3299.00 -3298.00 -3297.00 -3296.00 -3295.00 -3294.00 -3293.00 -3292.00 -3291.00 -3290.00 -3289.00 -3288.00 -3287.00 -3286.00 -3285.00 -3284.00 -3283.00 -3282.00 -3281.00 -3280.00 -3279.00 -3278.00 -3277.00 -3276.00 -3275.00 -3274.00 -3273.00 -3272.00 -3271.00 -3270.00 -3269.00 -3268.00 -3267.00 -3266.00 -3265.00 -3264.00 -3263.00 -3262.00 -3261.00 -3262.00 
    0.00     0.00     0.00     0.00     0.00     0.00     0.00     0.00     0.00     0.00     0.00     0.00     0.00     0.00     0.00     0.00     0.00     0.00     0.00     0.00     0.00     0.00     0.00     0.00     0.00     0.00     0.00     0.00     0.00     0.00     0.00     0.00     0.00     0.00     0.00     0.00     0.00     0.00     0.00     0.00     0.00     0.00     0.00     0.00     0.00     0.00     0.00     0.00     0.00     0.00     0.00     0.00     0.00     0.00     0.00     0.00     0.00     0.00     0.00     0.00     0.00     0.00     0.00     0.00     0.00     0.00     0.00     0.00     0.00     0.00     0.00     0.00     0.00     0.00     0.00     0.00     0.00     0.00     0.00     0.00     0.00     0.00     0.00     0.00     0.00     0.00     0.00     0.00     0.00     0.00     0.00     0.00     0.00     0.00     0.00     0.00     0.00     0.00     0.00     0.00     0.00     0.00     0.00     0.00     0.00     0.00     0.00     0.00     0.00     0.00     0.00     0.00     0.00     0.00     0.00     0.00     0.00     0.00 -3260.00 -3261.00 
-3143.00 -3142.00 -3143.00 -3144.00 -3145.00 -3146.00 -3147.00 -3148.00 -3149.00 -3150.00 -3151.00 -3152.00 -3153.00 -3154.00 -3155.00 -3156.00 -3157.00 -3158.00 -3159.00 -3160.00 -3161.00 -3162.00 -3163.00 -3164.00 -3165.00 -3166.00 -3167.00 -3168.00 -3169.00 -3170.00 -3171.00 -3172.00 -3173.00 -3174.00 -3175.00 -3176.00 -3177.00 -3178.00 -3179.00 -3180.00 -3181.00 -3182.00 -3183.00 -3184.00 -3185.00 -3186.00 -3187.00 -3188.00 -3189.00 -3190.00 -3191.00 -3192.00 -3193.00 -3194.00 -3195.00 -3196.00 -3197.00 -3198.00 -3199.00 -3200.00 -3201.00 -3202.00 -3203.00 -3204.00 -3205.00 -3206.00 -3207.00 -3208.00 -3209.00 -3210.00 -3211.00 -3212.00 -3213.00 -3214.00 -3215.00 -3216.00 -3217.00 -3218.00 -3219.00 -3220.00 -3221.00 -3222.00 -3223.00 -3224.00 -3225.00 -3226.00 -3227.00 -3228.00 -3229.00 -3230.00 -3231.00 -3232.00 -3233.00 -3234.00 -3235.00 -3236.00 -3237.00 -3238.00 -3239.00 -3240.00 -3241.00 -3242.00 -3243.00 -3244.00 -3245.00 -3246.00 -3247.00 -3248.00 -3249.00 -3250.00 -3251.00 -3252.00 -3253.00 -3254.00 -3255.00 -3256.00 -3257.00 -3258.00 -3259.00 -3260.00 
-3142.00 -3141.00 -3142.00 -3143.00 -3144.00 -3145.00 -3146.00 -3147.00 -3148.00 -3149.00 -3150.00 -3151.00 -3152.00 -3153.00 -3154.00 -3155.00 -3156.00 -3157.00 -3158.00 -3159.00 -3160.00 -3161.00 -3162.00 -3163.00 -3164.00 -3165.00 -3166.00 -3167.00 -3168.00 -3169.00 -3170.00 -3171.00 -3172.00 -3173.00 -3174.00 -3175.00 -3176.00 -3177.00 -3178.00 -3179.00 -3180.00 -3181.00 -3182.00 -3183.00 -3184.00 -3185.00 -3186.00 -3187.00 -3188.00 -3189.00 -3190.00 -3191.00 -3192.00 -3193.00 -3194.00 -3195.00 -3196.00 -3197.00 -3198.00 -3199.00 -3200.00 -3201.00 -3202.00 -3203.00 -3204.00 -3205.00 -3206.00 -3207.00 -3208.00 -3209.00 -3210.00 -3211.00 -3212.00 -3213.00 -3214.00 -3215.00 -3216.00 -3217.00 -3218.00 -3219.00 -3220.00 -3221.00 -3222.00 -3223.00 -3224.00 -3225.00 -3226.00 -3227.00 -3228.00 -3229.00 -3230.00 -3231.00 -3232.00 -3233.00 -3234.00 -3235.00 -3236.00 -3237.00 -3238.00 -3239.00 -3240.00 -3241.00 -3242.00 -3243.00 -3244.00 -3245.00 -3246.00 -3247.00 -3248.00 -3249.00 -3250.00 -3251.00 -3252.00 -3253.00 -3254.00 -3255.00 -3256.00 -3257.00 -3258.00 -3259.00 
-3141.00 -3140.00     0.00     0.00     0.00     0.00     0.00     0.00     0.00     0.00     0.00     0.00     0.00     0.00     0.00     0.00     0.00     0.00     0.00     0.00     0.00     0.00     0.00     0.00     0.00     0.00     0.00     0.00     0.00     0.00     0.00     0.00     0.00     0.00     0.00     0.00     0.00     0.00     0.00     0.00     0.00     0.00     0.00     0.00     0.00     0.00     0.00     0.00     0.00     0.00     0.00     0.00     0.00     0.00     0.00     0.00     0.00     0.00     0.00     0.00     0.00     0.00     0.00     0.00     0.00     0.00     0.00     0.00     0.00     0.00     0.00     0.00     0.00     0.00     0.00     0.00     0.00     0.00     0.00     0.00     0.00     0.00     0.00     0.00     0.00     0.00     0.00     0.00     0.00     0.00     0.00     0.00     0.00     0.00     0.00     0.00     0.00     0.00     0.00     0.00     0.00     0.00     0.00     0.00     0.00     0.00     0.00     0.00     0.00     0.00     0.00     0.00     0.00     0.00     0.00     0.00     0.00     0.00     0.00     0.00 
-3140.00 -3139.00 -3138.00 -3137.00 -3136.00 -3135.00 -3134.00 -3133.00 -3132.00 -3131.00 -3130.00 -3129.00 -3128.00 -3127.00 -3126.00 -3125.00 -3124.00 -3123.00 -3122.00 -3121.00 -3120.00 -3119.00 -3118.00 -3117.00 -3116.00 -3115.00 -3114.00 -3113.00 -3112.00 -3111.00 -3110.00 -3109.00 -3108.00 -3107.00 -3106.00 -3105.00 -3104.00 -3103.00 -3102.00 -3101.00 -3100.00 -3099.00 -3098.00 -3097.00 -3096.00 -3095.00 -3094.00 -3093.00 -3092.00 -3091.00 -3090.00 -3089.00 -3088.00 -3087.00 -3086.00 -3085.00 -3084.00 -3083.00 -3082.00 -3081.00 -3080.00 -3079.00 -3078.00 -3077.00 -3076.00 -3075.00 -3074.00 -3073.00 -3072.00 -3071.00 -3070.00 -3069.00 -3068.00 -3067.00 -3066.00 -3065.00 -3064.00 -3063.00 -3062.00 -3061.00 -3060.00 -3059.00 -3058.00 -3057.00 -3056.00 -3055.00 -3054.00 -3053.00 -3052.00 -3051.00 -3050.00 -3049.00 -3048.00 -3047.00 -3046.00 -3045.00 -3044.00 -3043.00 -3042.00 -3041.00 -3040.00 -3039.00 -3038.00 -3037.00 -3036.00 -3035.00 -3034.00 -3033.00 -3032.00 -3031.00 -3030.00 -3029.00 -3028.00 -3027.00 -3026.00 -3025.00 -3024.00 -3023.00 -3022.00 -3023.00 
-3139.00 -3138.00 -3137.00 -3136.00 -3135.00 -3134.00 -3133.00 -3132.00 -3131.00 -3130.00 -3129.00 -3128.00 -3127.00 -3126.00 -3125.00 -3124.00 -3123.00 -3122.00 -3121.00 -3120.00 -3119.00 -3118.00 -3117.00 -3116.00 -3115.00 -3114.00 -3113.00 -3112.00 -3111.00 -3110.00 -3109.00 -3108.00 -3107.00 -3106.00 -3105.00 -3104.00 -3103.00 -3102.00 -3101.00 -3100.00 -3099.00 -3098.00 -3097.00 -3096.00 -3095.00 -3094.00 -3093.00 -3092.00 -3091.00 -3090.00 -3089.00 -3088.00 -3087.00 -3086.00 -3085.00 -3084.00 -3083.00 -3082.00 -3081.00 -3080.00 -3079.00 -3078.00 -3077.00 -3076.00 -3075.00 -3074.00 -3073.00 -3072.00 -3071.00 -3070.00 -3069.00 -3068.00 -3067.00 -3066.00 -3065.00 -3064.00 -3063.00 -3062.00 -3061.00 -3060.00 -3059.00 -3058.00 -3057.00 -3056.00 -3055.00 -3054.00 -3053.00 -3052.00 -3051.00 -3050.00 -3049.00 -3048.00 -3047.00 -3046.00 -3045.00 -3044.00 -3043.00 -3042.00 -3041.00 -3040.00 -3039.00 -3038.00 -3037.00 -3036.00 -3035.00 -3034.00 -3033.00 -3032.00 -3031.00 -3030.00 -3029.00 -3028.00 -3027.00 -3026.00 -3025.00 -3024.00 -3023.00 -3022.00 -3021.00 -3022.00 
    0.00     0.00     0.00     0.00     0.00     0.00     0.00     0.00     0.00     0.00     0.00     0.00     0.00     0.00     0.00     0.00     0.00     0.00     0.00     0.00     0.00     0.00     0.00     0.00     0.00     0.00     0.00     0.00     0.00     0.00     0.00     0.00     0.00     0.00     0.00     0.00     0.00     0.00     0.00     0.00     0.00     0.00     0.00     0.00     0.00     0.00     0.00     0.00     0.00     0.00     0.00     0.00     0.00     0.00     0.00     0.00     0.00     0.00     0.00     0.00     0.00     0.00     0.00     0.00     0.00     0.00     0.00     0.00     0.00     0.00     0.00     0.00     0.00     0.00     0.00     0.00     0.00     0.00     0.00     0.00     0.00     0.00     0.00     0.00     0.00     0.00     0.00     0.00     0.00     0.00     0.00     0.00     0.00     0.00     0.00     0.00     0.00     0.00     0.00     0.00     0.00     0.00     0.00     0.00     0.00     0.00     0.00     0.00     0.00     0.00     0.00     0.00     0.00     0.00     0.00     0.00     0.00     0.00 -3020.00 -3021.00 
-2903.00 -2902.00 -2903.00 -2904.00 -2905.00 -2906.00 -2907.00 -2908.00 -2909.00 -2910.00 -2911.00 -2912.00 -2913.00 -2914.00 -2915.00 -2916.00 -2917.00 -2918.00 -2919.00 -2920.00 -2921.00 -2922.00 -2923.00 -2924.00 -2925.00 -2926.00 -2927.00 -2928.00 -2929.00 -2930.00 -2931.00 -2932.00 -2933.00 -2934.00 -2935.00 -2936.00 -2937.00 -2938.00 -2939.00 -2940.00 -2941.00 -2942.00 -2943.00 -2944.00 -2945.00 -2946.00 -2947.00 -2948.00 -2949.00 -2950.00 -2951.00 -2952.00 -2953.00 -2954.00 -2955.00 -2956.00 -2957.00 -2958.00 -2959.00 -2960.00 -2961.00 -2962.00 -2963.00 -2964.00 -2965.00 -2966.00 -2967.00 -2968.00 -2969.00 -2970.00 -2971.00 -2972.00 -2973.00 -2974.00 -2975.00 -2976.00 -2977.00 -2978.00 -2979.00 -2980.00 -2981.00 -2982.00 -2983.00 -2984.00 -2985.00 -2986.00 -2987.00 -2988.00 -2989.00 -2990.00 -2991.00 -2992.00 -2993.00 -2994.00 -2995.00 -2996.00 -2997.00 -2998.00 -2999.00 -3000.00 -3001.00 -3002.00 -3003.00 -3004.00 -3005.00 -3006.00 -3007.00 -3008.00 -3009.00 -3010.00 -3011.00 -3012.00 -3013.00 -3014.00 -3015.00 -3016.00 -3017.00 -3018.00 -3019.00 -3020.00 
-2902.00 -2901.00 -2902.00 -2903.00 -2904.00 -2905.00 -2906.00 -2907.00 -2908.00 -2909.00 -2910.00 -2911.00 -2912.00 -2913.00 -2914.00 -2915.00 -2916.00 -2917.00 -2918.00 -2919.00 -2920.00 -2921.00 -2922.00 -2923.00 -2924.00 -2925.00 -2926.00 -2927.00 -2928.00 -2929.00 -2930.00 -2931.00 -2932.00 -2933.00 -2934.00 -2935.00 -2936.00 -2937.00 -2938.00 -2939.00 -2940.00 -2941.00 -2942.00 -2943.00 -2944.00 -2945.00 -2946.00 -2947.00 -2948.00 -2949.00 -2950.00 -2951.00 -2952.00 -2953.00 -2954.00 -2955.00 -2956.00 -2957.00 -2958.00 -2959.00 -2960.00 -2961.00 -2962.00 -2963.00 -2964.00 -2965.00 -2966.00 -2967.00 -2968.00 -2969.00 -2970.00 -2971.00 -2972.00 -2973.00 -2974.00 -2975.00 -2976.00 -2977.00 -2978.00 -2979.00 -2980.00 -2981.00 -2982.00 -2983.00 -2984.00 -2985.00 -2986.00 -2987.00 -2988.00 -2989.00 -2990.00 -2991.00 -2992.00 -2993.00 -2994.00 -2995.00 -2996.00 -2997.00 -2998.00 -2999.00 -3000.00 -3001.00 -3002.00 -3003.00 -3004.00 -3005.00 -3006.00 -3007.00 -3008.00 -3009.00 -3010.00 -3011.00 -3012.00 -3013.00 -3014.00 -3015.00 -3016.00 -3017.00 -3018.00 -3019.00 
-2901.00 -2900.00     0.00     0.00     0.00     0.00     0.00     0.00     0.00     0.00     0.00     0.00     0.00     0.00     0.00     0.00     0.00     0.00     0.00     0.00     0.00     0.00     0.00     0.00     0.00     0.00     0.00     0.00     0.00     0.00     0.00     0.00     0.00     0.00     0.00     0.00     0.00     0.00     0.00     0.00     0.00     0.00     0.00     0.00     0.00     0.00     0.00     0.00     0.00     0.00     0.00     0.00     0.00     0.00     0.00     0.00     0.00     0.00     0.00     0.00     0.00     0.00     0.00     0.00     0.00     0.00     0.00     0.00     0.00     0.00     0.00     0.00     0.00     0.00     0.00     0.00     0.00     0.00     0.00     0.00     0.00     0.00     0.00     0.00     0.00     0.00     0.00     0.00     0.00     0.00     0.00     0.00     0.00     0.00     0.00     0.00     0.00     0.00     0.00     0.00     0.00     0.00     0.00     0.00     0.00     0.00     0.00     0.00     0.00     0.00     0.00     0.00     0.00     0.00     0.00     0.00     0.00     0.00     0.00     0.00 
-2900.00 -2899.00 -2898.00 -2897.00 -2896.00 -2895.00 -2894.00 -2893.00 -2892.00 -2891.00 -2890.00 -2889.00 -2888.00 -2887.00 -2886.00 -2885.00 -2884.00 -2883.00 -2882.00 -2881.00 -2880.00 -2879.00 -2878.00 -2877.00 -2876.00 -2875.00 -2874.00 -2873.00 -2872.00 -2871.00 -2870.00 -2869.00 -2868.00 -2867.00 -2866.00 -2865.00 -2864.00 -2863.00 -2862.00 -2861.00 -2860.00 -2859.00 -2858.00 -2857.00 -2856.00 -2855.00 -2854.00 -2853.00 -2852.00 -2851.00 -2850.00 -2849.00 -2848.00 -2847.00 -2846.00 -2845.00 -2844.00 -2843.00 -2842.00 -2841.00 -2840.00 -2839.00 -2838.00 -2837.00 -2836.00 -2835.00 -2834.00 -2833.00 -2832.00 -2831.00 -2830.00 -2829.00 -2828.00 -2827.00 -2826.00 -2825.00 -2824.00 -2823.00 -2822.00 -2821.00 -2820.00 -2819.00 -2818.00 -2817.00 -2816.00 -2815.00 -2814.00 -2813.00 -2812.00 -2811.00 -2810.00 -2809.00 -2808.00 -2807.00 -2806.00 -2805.00 -2804.00 -2803.00 -2802.00 -2801.00 -2800.00 -2799.00 -2798.00 -2797.00 -2796.00 -2795.00 -2794.00 -2793.00 -2792.00 -2791.00 -2790.00 -2789.00 -2788.00 -2787.00 -2786.00 -2785.00 -2784.00 -2783.00 -2782.00 -2783.00 
-2899.00 -2898.00 -2897.00 -2896.00 -2895.00 -2894.00 -2893.00 -2892.00 -2891.00 -2890.00 -2889.00 -2888.00 -2887.00 -2886.00 -2885.00 -2884.00 -2883.00 -2882.00 -2881.00 -2880.00 -2879.00 -2878.00 -2877.00 -2876.00 -2875.00 -2874.00 -2873.00 -2872.00 -2871.00 -2870.00 -2869.00 -2868.00 -2867.00 -2866.00 -2865.00 -2864.00 -2863.00 -2862.00 -2861.00 -2860.00 -2859.00 -2858.00 -2857.00 -2856.00 -2855.00 -2854.00 -2853.00 -2852.00 -2851.00 -2850.00 -2849.00 -2848.00 -2847.00 -2846.00 -2845.00 -2844.00 -2843.00 -2842.00 -2841.00 -2840.00 -2839.00 -2838.00 -2837.00 -2836.00 -2835.00 -2834.00 -2833.00 -2832.00 -2831.00 -2830.00 -2829.00 -2828.00 -2827.00 -2826.00 -2825.00 -2824.00 -2823.00 -2822.00 -2821.00 -2820.00 -2819.00 -2818.00 -2817.00 -2816.00 -2815.00 -2814.00 -2813.00 -2812.00 -2811.00 -2810.00 -2809.00 -2808.00 -2807.00 -2806.00 -2805.00 -2804.00 -2803.00 -2802.00 -2801.00 -2800.00 -2799.00 -2798.00 -2797.00 -2796.00 -2795.00 -2794.00 -2793.00 -2792.00 -2791.00 -2790.00 -2789.00 -2788.00 -2787.00 -2786.00 -2785.00 -2784.00 -2783.00 -2782.00 -2781.00 -2782.00 
    0.00     0.00     0.00     0.00     0.00     0.00     0.00     0.00     0.00     0.00     0.00     0.00     0.00     0.00     0.00     0.00     0.00     0.00     0.00     0.00     0.00     0.00     0.00     0.00     0.00     0.00     0.00     0.00     0.00     0.00     0.00     0.00     0.00     0.00     0.00     0.00     0.00     0.00     0.00     0.00     0.00     0.00     0.00     0.00     0.00     0.00     0.00     0.00     0.00     0.00     0.00     0.00     0.00     0.00     0.00     0.00     0.00     0.00     0.00     0.00     0.00     0.00     0.00     0.00     0.00     0.00     0.00     0.00     0.00     0.00     0.00     0.00     0.00     0.00     0.00     0.00     0.00     0.00     0.00     0.00     0.00     0.00     0.00     0.00     0.00     0.00     0.00     0.00     0.00     0.00     0.00     0.00     0.00     0.00     0.00     0.00     0.00     0.00     0.00     0.00     0.00     0.00     0.00     0.00     0.00     0.00     0.00     0.00     0.00     0.00     0.00     0.00     0.00     0.00     0.00     0.00     0.00     0.00 -2780.00 -2781.00 
-2663.00 -2662.00 -2663.00 -2664.00 -2665.00 -2666.00 -2667.00 -2668.00 -2669.00 -2670.00 -2671.00 -2672.00 -2673.00 -2674.00 -2675.00 -2676.00 -2677.00 -2678.00 -2679.00 -2680.00 -2681.00 -2682.00 -2683.00 -2684.00 -2685.00 -2686.00 -2687.00 -2688.00 -2689.00 -2690.00 -2691.00 -2692.00 -2693.00 -2694.00 -2695.00 -2696.00 -2697.00 -2698.00 -2699.00 -2700.00 -2701.00 -2702.00 -2703.00 -2704.00 -2705.00 -2706.00 -2707.00 -2708.00 -2709.00 -2710.00 -2711.00 -2712.00 -2713.00 -2714.00 -2715.00 -2716.00 -2717.00 -2718.00 -2719.00 -2720.00 -2721.00 -2722.00 -2723.00 -2724.00 -2725.00 -2726.00 -2727.00 -2728.00 -2729.00 -2730.00 -2731.00 -2732.00 -2733.00 -2734.00 -2735.00 -2736.00 -2737.00 -2738.00 -2739.00 -2740.00 -2741.00 -2742.00 -2743.00 -2744.00 -2745.00 -2746.00 -2747.00 -2748.00 -2749.00 -2750.00 -2751.00 -2752.00 -2753.00 -2754.00 -2755.00 -2756.00 -2757.00 -2758.00 -2759.00 -2760.00 -2761.00 -2762.00 -2763.00 -2764.00 -2765.00 -2766.00 -2767.00 -2768.00 -2769.00 -2770.00 -2771.00 -2772.00 -2773.00 -2774.00 -2775.00 -2776.00 -2777.00 -2778.00 -2779.00 -2780.00 
-2662.00 -2661.00 -2662.00 -2663.00 -2664.00 -2665.00 -2666.00 -2667.00 -2668.00 -2669.00 -2670.00 -2671.00 -2672.00 -2673.00 -2674.00 -2675.00 -2676.00 -2677.00 -2678.00 -2679.00 -2680.00 -2681.00 -2682.00 -2683.00 -2684.00 -2685.00 -2686.00 -2687.00 -2688.00 -2689.00 -2690.00 -2691.00 -2692.00 -2693.00 -2694.00 -2695.00 -2696.00 -2697.00 -2698.00 -2699.00 -2700.00 -2701.00 -2702.00 -2703.00 -2704.00 -2705.00 -2706.00 -2707.00 -2708.00 -2709.00 -2710.00 -2711.00 -2712.00 -2713.00 -2714.00 -2715.00 -2716.00 -2717.00 -2718.00 -2719.00 -2720.00 -2721.00 -2722.00 -2723.00 -2724.00 -2725.00 -2726.00 -2727.00 -2728.00 -2729.00 -2730.00 -2731.00 -2732.00 -2733.00 -2734.00 -2735.00 -2736.00 -2737.00 -2738.00 -2739.00 -2740.00 -2741.00 -2742.00 -2743.00 -2744.00 -2745.00 -2746.00 -2747.00 -2748.00 -2749.00 -2750.00 -2751.00 -2752.00 -2753.00 -2754.00 -2755.00 -2756.00 -2757.00 -2758.00 -2759.00 -2760.00 -2761.00 -2762.00 -2763.00 -2764.00 -2765.00 -2766.00 -2767.00 -2768.00 -2769.00 -2770.00 -2771.00 -2772.00 -2773.00 -2774.00 -2775.00 -2776.00 -2777.00 -2778.00 -2779.00 
-2661.00 -2660.00     0.00     0.00     0.00     0.00     0.00     0.00     0.00     0.00     0.00     0.00     0.00     0.00     0.00     0.00     0.00     0.00     0.00     0.00     0.00     0.00     0.00     0.00     0.00     0.00     0.00     0.00     0.00     0.00     0.00     0.00     0.00     0.00     0.00     0.00     0.00     0.00     0.00     0.00     0.00     0.00     0.00     0.00     0.00     0.00     0.00     0.00     0.00     0.00     0.00     0.00     0.00     0.00     0.00     0.00     0.00     0.00     0.00     0.00     0.00     0.00     0.00     0.00     0.00     0.00     0.00     0.00     0.00     0.00     0.00     0.00     0.00     0.00     0.00     0.00     0.00     0.00     0.00     0.00     0.00     0.00     0.00     0.00     0.00     0.00     0.00     0.00     0.00     0.00     0.00     0.00     0.00     0.00     0.00     0.00     0.00     0.00     0.00     0.00     0.00     0.00     0.00     0.00     0.00     0.00     0.00     0.00     0.00     0.00     0.00     0.00     0.00     0.00     0.00     0.00     0.00     0.00     0.00     0.00 
-2660.00 -2659.00 -2658.00 -2657.00 -2656.00 -2655.00 -2654.00 -2653.00 -2652.00 -2651.00 -2650.00 -2649.00 -2648.00 -2647.00 -2646.00 -2645.00 -2644.00 -2643.00 -2642.00 -2641.00 -2640.00 -2639.00 -2638.00 -2637.00 -2636.00 -2635.00 -2634.00 -2633.00 -2632.00 -2631.00 -2630.00 -2629.00 -2628.00 -2627.00 -2626.00 -2625.00 -2624.00 -2623.00 -2622.00 -2621.00 -2620.00 -2619.00 -2618.00 -2617.00 -2616.00 -2615.00 -2614.00 -2613.00 -2612.00 -2611.00 -2610.00 -2609.00 -2608.00 -2607.00 -2606.00 -2605.00 -2604.00 -2603.00 -2602.00 -2601.00 -2600.00 -2599.00 -2598.00 -2597.00 -2596.00 -2595.00 -2594.00 -2593.00 -2592.00 -2591.00 -2590.00 -2589.00 -2588.00 -2587.00 -2586.00 -2585.00 -2584.00 -2583.00 -2582.00 -2581.00 -2580.00 -2579.00 -2578.00 -2577.00 -2576.00 -2575.00 -2574.00 -2573.00 -2572.00 -2571.00 -2570.00 -2569.00 -2568.00 -2567.00 -2566.00 -2565.00 -2564.00 -2563.00 -2562.00 -2561.00 -2560.00 -2559.00 -2558.00 -2557.00 -2556.00 -2555.00 -2554.00 -2553.00 -2552.00 -2551.00 -2550.00 -2549.00 -2548.00 -2547.00 -2546.00 -2545.00 -2544.00 -2543.00 -2542.00 -2543.00 
-2659.00 -2658.00 -2657.00 -2656.00 -2655.00 -2654.00 -2653.00 -2652.00 -2651.00 -2650.00 -2649.00 -2648.00 -2647.00 -2646.00 -2645.00 -2644.00 -2643.00 -2642.00 -2641.00 -2640.00 -2639.00 -2638.00 -2637.00 -2636.00 -2635.00 -2634.00 -2633.00 -2632.00 -2631.00 -2630.00 -2629.00 -2628.00 -2627.00 -2626.00 -2625.00 -2624.00 -2623.00 -2622.00 -2621.00 -2620.00 -2619.00 -2618.00 -2617.00 -2616.00 -2615.00 -2614.00 -2613.00 -2612.00 -2611.00 -2610.00 -2609.00 -2608.00 -2607.00 -2606.00 -2605.00 -2604.00 -2603.00 -2602.00 -2601.00 -2600.00 -2599.00 -2598.00 -2597.00 -2596.00 -2595.00 -2594.00 -2593.00 -2592.00 -2591.00 -2590.00 -2589.00 -2588.00 -2587.00 -2586.00 -2585.00 -2584.00 -2583.00 -2582.00 -2581.00 -2580.00 -2579.00 -2578.00 -2577.00 -2576.00 -2575.00 -2574.00 -2573.00 -2572.00 -2571.00 -2570.00 -2569.00 -2568.00 -2567.00 -2566.00 -2565.00 -2564.00 -2563.00 -2562.00 -2561.00 -2560.00 -2559.00 -2558.00 -2557.00 -2556.00 -2555.00 -2554.00 -2553.00 -2552.00 -2551.00 -2550.00 -2549.00 -2548.00 -2547.00 -2546.00 -2545.00 -2544.00 -2543.00 -2542.00 -2541.00 -2542.00 
    0.00     0.00     0.00     0.00     0.00     0.00     0.00     0.00     0.00     0.00     0.00     0.00     0.00     0.00     0.00     0.00     0.00     0.00     0.00     0.00     0.00     0.00     0.00     0.00     0.00     0.00     0.00     0.00     0.00     0.00     0.00     0.00     0.00     0.00     0.00     0.00     0.00     0.00     0.00     0.00     0.00     0.00     0.00     0.00     0.00     0.00     0.00     0.00     0.00     0.00     0.00     0.00     0.00     0.00     0.00     0.00     0.00     0.00     0.00     0.00     0.00     0.00     0.00     0.00     0.00     0.00     0.00     0.00     0.00     0.00     0.00     0.00     0.00     0.00     0.00     0.00     0.00     0.00     0.00     0.00     0.00     0.00     0.00     0.00     0.00     0.00     0.00     0.00     0.00     0.00     0.00     0.00     0.00     0.00     0.00     0.00     0.00     0.00     0.00     0.00     0.00     0.00     0.00     0.00     0.00     0.00     0.00     0.00     0.00     0.00     0.00     0.00     0.00     0.00     0.00     0.00     0.00     0.00 -2540.00 -2541.00 
-2423.00 -2422.00 -2423.00 -2424.00 -2425.00 -2426.00 -2427.00 -2428.00 -2429.00 -2430.00 -2431.00 -2432.00 -2433.00 -2434.00 -2435.00 -2436.00 -2437.00 -2438.00 -2439.00 -2440.00 -2441.00 -2442.00 -2443.00 -2444.00 -2445.00 -2446.00 -2447.00 -2448.00 -2449.00 -2450.00 -2451.00 -2452.00 -2453.00 -2454.00 -2455.00 -2456.00 -2457.00 -2458.00 -2459.00 -2460.00 -2461.00 -2462.00 -2463.00 -2464.00 -2465.00 -2466.00 -2467.00 -2468.00 -2469.00 -2470.00 -2471.00 -2472.00 -2473.00 -2474.00 -2475.00 -2476.00 -2477.00 -2478.00 -2479.00 -2480.00 -2481.00 -2482.00 -2483.00 -2484.00 -2485.00 -2486.00 -2487.00 -2488.00 -2489.00 -2490.00 -2491.00 -2492.00 -2493.00 -2494.00 -2495.00 -2496.00 -2497.00 -2498.00 -2499.00 -2500.00 -2501.00 -2502.00 -2503.00 -2504.00 -2505.00 -2506.00 -2507.00 -2508.00 -2509.00 -2510.00 -2511.00 -2512.00 -2513.00 -2514.00 -2515.00 -2516.00 -2517.00 -2518.00 -2519.00 -2520.00 -2521.00 -2522.00 -2523.00 -2524.00 -2525.00 -2526.00 -2527.00 -2528.00 -2529.00 -2530.00 -2531.00 -2532.00 -2533.00 -2534.00 -2535.00 -2536.00 -2537.00 -2538.00 -2539.00 -2540.00 
-2422.00 -2421.00 -2422.00 -2423.00 -2424.00 -2425.00 -2426.00 -2427.00 -2428.00 -2429.00 -2430.00 -2431.00 -2432.00 -2433.00 -2434.00 -2435.00 -2436.00 -2437.00 -2438.00 -2439.00 -2440.00 -2441.00 -2442.00 -2443.00 -2444.00 -2445.00 -2446.00 -2447.00 -2448.00 -2449.00 -2450.00 -2451.00 -2452.00 -2453.00 -2454.00 -2455.00 -2456.00 -2457.00 -2458.00 -2459.00 -2460.00 -2461.00 -2462.00 -2463.00 -2464.00 -2465.00 -2466.00 -2467.00 -2468.00 -2469.00 -2470.00 -2471.00 -2472.00 -2473.00 -2474.00 -2475.00 -2476.00 -2477.00 -2478.00 -2479.00 -2480.00 -2481.00 -2482.00 -2483.00 -2484.00 -2485.00 -2486.00 -2487.00 -2488.00 -2489.00 -2490.00 -2491.00 -2492.00 -2493.00 -2494.00 -2495.00 -2496.00 -2497.00 -2498.00 -2499.00 -2500.00 -2501.00 -2502.00 -2503.00 -2504.00 -2505.00 -2506.00 -2507.00 -2508.00 -2509.00 -2510.00 -2511.00 -2512.00 -2513.00 -2514.00 -2515.00 -2516.00 -2517.00 -2518.00 -2519.00 -2520.00 -2521.00 -2522.00 -2523.00 -2524.00 -2525.00 -2526.00 -2527.00 -2528.00 -2529.00 -2530.00 -2531.00 -2532.00 -2533.00 -2534.00 -2535.00 -2536.00 -2537.00 -2538.00 -2539.00 
-2421.00 -2420.00     0.00     0.00     0.00     0.00     0.00     0.00     0.00     0.00     0.00     0.00     0.00     0.00     0.00     0.00     0.00     0.00     0.00     0.00     0.00     0.00     0.00     0.00     0.00     0.00     0.00     0.00     0.00     0.00     0.00     0.00     0.00     0.00     0.00     0.00     0.00     0.00     0.00     0.00     0.00     0.00     0.00     0.00     0.00     0.00     0.00     0.00     0.00     0.00     0.00     0.00     0.00     0.00     0.00     0.00     0.00     0.00     0.00     0.00     0.00     0.00     0.00     0.00     0.00     0.00     0.00     0.00     0.00     0.00     0.00     0.00     0.00     0.00     0.00     0.00     0.00     0.00     0.00     0.00     0.00     0.00     0.00     0.00     0.00     0.00     0.00     0.00     0.00     0.00     0.00     0.00     0.00     0.00     0.00     0.00     0.00     0.00     0.00     0.00     0.00     0.00     0.00     0.00     0.00     0.00     0.00     0.00     0.00     0.00     0.00     0.00     0.00     0.00     0.00     0.00     0.00     0.00     0.00     0.00 
-2420.00 -2419.00 -2418.00 -2417.00 -2416.00 -2415.00 -2414.00 -2413.00 -2412.00 -2411.00 -2410.00 -2409.00 -2408.00 -2407.00 -2406.00 -2405.00 -2404.00 -2403.00 -2402.00 -2401.00 -2400.00 -2399.00 -2398.00 -2397.00 -2396.00 -2395.00 -2394.00 -2393.00 -2392.00 -2391.00 -2390.00 -2389.00 -2388.00 -2387.00 -2386.00 -2385.00 -2384.00 -2383.00 -2382.00 -2381.00 -2380.00 -2379.00 -2378.00 -2377.00 -2376.00 -2375.00 -2374.00 -2373.00 -2372.00 -2371.00 -2370.00 -2369.00 -2368.00 -2367.00 -2366.00 -2365.00 -2364.00 -2363.00 -2362.00 -2361.00 -2360.00 -2359.00 -2358.00 -2357.00 -2356.00 -2355.00 -2354.00 -2353.00 -2352.00 -2351.00 -2350.00 -2349.00 -2348.00 -2347.00 -2346.00 -2345.00 -2344.00 -2343.00 -2342.00 -2341.00 -2340.00 -2339.00 -2338.00 -2337.00 -2336.00 -2335.00 -2334.00 -2333.00 -2332.00 -2331.00 -2330.00 -2329.00 -2328.00 -2327.00 -2326.00 -2325.00 -2324.00 -2323.00 -2322.00 -2321.00 -2320.00 -2319.00 -2318.00 -2317.00 -2316.00 -2315.00 -2314.00 -2313.00 -2312.00 -2311.00 -2310.00 -2309.00 -2308.00 -2307.00 -2306.00 -2305.00 -2304.00 -2303.00 -2302.00 -2303.00 
-2419.00 -2418.00 -2417.00 -2416.00 -2415.00 -2414.00 -2413.00 -2412.00 -2411.00 -2410.00 -2409.00 -2408.00 -2407.00 -2406.00 -2405.00 -2404.00 -2403.00 -2402.00 -2401.00 -2400.00 -2399.00 -2398.00 -2397.00 -2396.00 -2395.00 -2394.00 -2393.00 -2392.00 -2391.00 -2390.00 -2389.00 -2388.00 -2387.00 -2386.00 -2385.00 -2384.00 -2383.00 -2382.00 -2381.00 -2380.00 -2379.00 -2378.00 -2377.00 -2376.00 -2375.00 -2374.00 -2373.00 -2372.00 -2371.00 -2370.00 -2369.00 -2368.00 -2367.00 -2366.00 -2365.00 -2364.00 -2363.00 -2362.00 -2361.00 -2360.00 -2359.00 -2358.00 -2357.00 -2356.00 -2355.00 -2354.00 -2353.00 -2352.00 -2351.00 -2350.00 -2349.00 -2348.00 -2347.00 -2346.00 -2345.00 -2344.00 -2343.00 -2342.00 -2341.00 -2340.00 -2339.00 -2338.00 -2337.00 -2336.00 -2335.00 -2334.00 -2333.00 -2332.00 -2331.00 -2330.00 -2329.00 -2328.00 -2327.00 -2326.00 -2325.00 -2324.00 -2323.00 -2322.00 -2321.00 -2320.00 -2319.00 -2318.00 -2317.00 -2316.00 -2315.00 -2314.00 -2313.00 -2312.00 -2311.00 -2310.00 -2309.00 -2308.00 -2307.00 -2306.00 -2305.00 -2304.00 -2303.00 -2302.00 -2301.00 -2302.00 
    0.00     0.00     0.00     0.00     0.00     0.00     0.00     0.00     0.00     0.00     0.00     0.00     0.00     0.00     0.00     0.00     0.00     0.00     0.00     0.00     0.00     0.00     0.00     0.00     0.00     0.00     0.00     0.00     0.00     0.00     0.00     0.00     0.00     0.00     0.00     0.00     0.00     0.00     0.00     0.00     0.00     0.00     0.00     0.00     0.00     0.00     0.00     0.00     0.00     0.00     0.00     0.00     0.00     0.00     0.00     0.00     0.00     0.00     0.00     0.00     0.00     0.00     0.00     0.00     0.00     0.00     0.00     0.00     0.00     0.00     0.00     0.00     0.00     0.00     0.00     0.00     0.00     0.00     0.00     0.00     0.00     0.00     0.00     0.00     0.00     0.00     0.00     0.00     0.00     0.00     0.00     0.00     0.00     0.00     0.00     0.00     0.00     0.00     0.00     0.00     0.00     0.00     0.00     0.00     0.00     0.00     0.00     0.00     0.00     0.00     0.00     0.00     0.00     0.00     0.00     0.00     0.00     0.00 -2300.00 -2301.00 
-2183.00 -2182.00 -2183.00 -2184.00 -2185.00 -2186.00 -2187.00 -2188.00 -2189.00 -2190.00 -2191.00 -2192.00 -2193.00 -2194.00 -2195.00 -2196.00 -2197.00 -2198.00 -2199.00 -2200.00 -2201.00 -2202.00 -2203.00 -2204.00 -2205.00 -2206.00 -2207.00 -2208.00 -2209.00 -2210.00 -2211.00 -2212.00 -2213.00 -2214.00 -2215.00 -2216.00 -2217.00 -2218.00 -2219.00 -2220.00 -2221.00 -2222.00 -2223.00 -2224.00 -2225.00 -2226.00 -2227.00 -2228.00 -2229.00 -2230.00 -2231.00 -2232.00 -2233.00 -2234.00 -2235.00 -2236.00 -2237.00 -2238.00 -2239.00 -2240.00 -2241.00 -2242.00 -2243.00 -2244.00 -2245.00 -2246.00 -2247.00 -2248.00 -2249.00 -2250.00 -2251.00 -2252.00 -2253.00 -2254.00 -2255.00 -2256.00 -2257.00 -2258.00 -2259.00 -2260.00 -2261.00 -2262.00 -2263.00 -2264.00 -2265.00 -2266.00 -2267.00 -2268.00 -2269.00 -2270.00 -2271.00 -2272.00 -2273.00 -2274.00 -2275.00 -2276.00 -2277.00 -2278.00 -2279.00 -2280.00 -2281.00 -2282.00 -2283.00 -2284.00 -2285.00 -2286.00 -2287.00 -2288.00 -2289.00 -2290.00 -2291.00 -2292.00 -2293.00 -2294.00 -2295.00 -2296.00 -2297.00 -2298.00 -2299.00 -2300.00 
-2182.00 -2181.00 -2182.00 -2183.00 -2184.00 -2185.00 -2186.00 -2187.00 -2188.00 -2189.00 -2190.00 -2191.00 -2192.00 -2193.00 -2194.00 -2195.00 -2196.00 -2197.00 -2198.00 -2199.00 -2200.00 -2201.00 -2202.00 -2203.00 -2204.00 -2205.00 -2206.00 -2207.00 -2208.00 -2209.00 -2210.00 -2211.00 -2212.00 -2213.00 -2214.00 -2215.00 -2216.00 -2217.00 -2218.00 -2219.00 -2220.00 -2221.00 -2222.00 -2223.00 -2224.00 -2225.00 -2226.00 -2227.00 -2228.00 -2229.00 -2230.00 -2231.00 -2232.00 -2233.00 -2234.00 -2235.00 -2236.00 -2237.00 -2238.00 -2239.00 -2240.00 -2241.00 -2242.00 -2243.00 -2244.00 -2245.00 -2246.00 -2247.00 -2248.00 -2249.00 -2250.00 -2251.00 -2252.00 -2253.00 -2254.00 -2255.00 -2256.00 -2257.00 -2258.00 -2259.00 -2260.00 -2261.00 -2262.00 -2263.00 -2264.00 -2265.00 -2266.00 -2267.00 -2268.00 -2269.00 -2270.00 -2271.00 -2272.00 -2273.00 -2274.00 -2275.00 -2276.00 -2277.00 -2278.00 -2279.00 -2280.00 -2281.00 -2282.00 -2283.00 -2284.00 -2285.00 -2286.00 -2287.00 -2288.00 -2289.00 -2290.00 -2291.00 -2292.00 -2293.00 -2294.00 -2295.00 -2296.00 -2297.00 -2298.00 -2299.00 
-2181.00 -2180.00     0.00     0.00     0.00     0.00     0.00     0.00     0.00     0.00     0.00     0.00     0.00     0.00     0.00     0.00     0.00     0.00     0.00     0.00     0.00     0.00     0.00     0.00     0.00     0.00     0.00     0.00     0.00     0.00     0.00     0.00     0.00     0.00     0.00     0.00     0.00     0.00     0.00     0.00     0.00     0.00     0.00     0.00     0.00     0.00     0.00     0.00     0.00     0.00     0.00     0.00     0.00     0.00     0.00     0.00     0.00     0.00     0.00     0.00     0.00     0.00     0.00     0.00     0.00     0.00     0.00     0.00     0.00     0.00     0.00     0.00     0.00     0.00     0.00     0.00     0.00     0.00     0.00     0.00     0.00     0.00     0.00     0.00     0.00     0.00     0.00     0.00     0.00     0.00     0.00     0.00     0.00     0.00     0.00     0.00     0.00     0.00     0.00     0.00     0.00     0.00     0.00     0.00     0.00     0.00     0.00     0.00     0.00     0.00     0.00     0.00     0.00     0.00     0.00     0.00     0.00     0.00     0.00     0.00 
-2180.00 -2179.00 -2178.00 -2177.00 -2176.00 -2175.00 -2174.00 -2173.00 -2172.00 -2171.00 -2170.00 -2169.00 -2168.00 -2167.00 -2166.00 -2165.00 -2164.00 -2163.00 -2162.00 -2161.00 -2160.00 -2159.00 -2158.00 -2157.00 -2156.00 -2155.00 -2154.00 -2153.00 -2152.00 -2151.00 -2150.00 -2149.00 -2148.00 -2147.00 -2146.00 -2145.00 -2144.00 -2143.00 -2142.00 -2141.00 -2140.00 -2139.00 -2138.00 -2137.00 -2136.00 -2135.00 -2134.00 -2133.00 -2132.00 -2131.00 -2130.00 -2129.00 -2128.00 -2127.00 -2126.00 -2125.00 -2124.00 -2123.00 -2122.00 -2121.00 -2120.00 -2119.00 -2118.00 -2117.00 -2116.00 -2115.00 -2114.00 -2113.00 -2112.00 -2111.00 -2110.00 -2109.00 -2108.00 -2107.00 -2106.00 -2105.00 -2104.00 -2103.00 -2102.00 -2101.00 -2100.00 -2099.00 -2098.00 -2097.00 -2096.00 -2095.00 -2094.00 -2093.00 -2092.00 -2091.00 -2090.00 -2089.00 -2088.00 -2087.00 -2086.00 -2085.00 -2084.00 -2083.00 -2082.00 -2081.00 -2080.00 -2079.00 -2078.00 -2077.00 -2076.00 -2075.00 -2074.00 -2073.00 -2072.00 -2071.00 -2070.00 -2069.00 -2068.00 -2067.00 -2066.00 -2065.00 -2064.00 -2063.00 -2062.00 -2063.00 
-2179.00 -2178.00 -2177.00 -2176.00 -2175.00 -2174.00 -2173.00 -2172.00 -2171.00 -2170.00 -2169.00 -2168.00 -2167.00 -2166.00 -2165.00 -2164.00 -2163.00 -2162.00 -2161.00 -2160.00 -2159.00 -2158.00 -2157.00 -2156.00 -2155.00 -2154.00 -2153.00 -2152.00 -2151.00 -2150.00 -2149.00 -2148.00 -2147.00 -2146.00 -2145.00 -2144.00 -2143.00 -2142.00 -2141.00 -2140.00 -2139.00 -2138.00 -2137.00 -2136.00 -2135.00 -2134.00 -2133.00 -2132.00 -2131.00 -2130.00 -2129.00 -2128.00 -2127.00 -2126.00 -2125.00 -2124.00 -2123.00 -2122.00 -2121.00 -2120.00 -2119.00 -2118.00 -2117.00 -2116.00 -2115.00 -2114.00 -2113.00 -2112.00 -2111.00 -2110.00 -2109.00 -2108.00 -2107.00 -2106.00 -2105.00 -2104.00 -2103.00 -2102.00 -2101.00 -2100.00 -2099.00 -2098.00 -2097.00 -2096.00 -2095.00 -2094.00 -2093.00 -2092.00 -2091.00 -2090.00 -2089.00 -2088.00 -2087.00 -2086.00 -2085.00 -2084.00 -2083.00 -2082.00 -2081.00 -2080.00 -2079.00 -2078.00 -2077.00 -2076.00 -2075.00 -2074.00 -2073.00 -2072.00 -2071.00 -2070.00 -2069.00 -2068.00 -2067.00 -2066.00 -2065.00 -2064.00 -2063.00 -2062.00 -2061.00 -2062.00 
    0.00     0.00     0.00     0.00     0.00     0.00     0.00     0.00     0.00     0.00     0.00     0.00     0.00     0.00     0.00     0.00     0.00     0.00     0.00     0.00     0.00     0.00     0.00     0.00     0.00     0.00     0.00     0.00     0.00     0.00     0.00     0.00     0.00     0.00     0.00     0.00     0.00     0.00     0.00     0.00     0.00     0.00     0.00     0.00     0.00     0.00     0.00     0.00     0.00     0.00     0.00     0.00     0.00     0.00     0.00     0.00     0.00     0.00     0.00     0.00     0.00     0.00     0.00     0.00     0.00     0.00     0.00     0.00     0.00     0.00     0.00     0.00     0.00     0.00     0.00     0.00     0.00     0.00     0.00     0.00     0.00     0.00     0.00     0.00     0.00     0.00     0.00     0.00     0.00     0.00     0.00     0.00     0.00     0.00     0.00     0.00     0.00     0.00     0.00     0.00     0.00     0.00     0.00     0.00     0.00     0.00     0.00     0.00     0.00     0.00     0.00     0.00     0.00     0.00     0.00     0.00     0.00     0.00 -2060.00 -2061.00 
-1943.00 -1942.00 -1943.00 -1944.00 -1945.00 -1946.00 -1947.00 -1948.00 -1949.00 -1950.00 -1951.00 -1952.00 -1953.00 -1954.00 -1955.00 -1956.00 -1957.00 -1958.00 -1959.00 -1960.00 -1961.00 -1962.00 -1963.00 -1964.00 -1965.00 -1966.00 -1967.00 -1968.00 -1969.00 -1970.00 -1971.00 -1972.00 -1973.00 -1974.00 -1975.00 -1976.00 -1977.00 -1978.00 -1979.00 -1980.00 -1981.00 -1982.00 -1983.00 -1984.00 -1985.00 -1986.00 -1987.00 -1988.00 -1989.00 -1990.00 -1991.00 -1992.00 -1993.00 -1994.00 -1995.00 -1996.00 -1997.00 -1998.00 -1999.00 -2000.00 -2001.00 -2002.00 -2003.00 -2004.00 -2005.00 -2006.00 -2007.00 -2008.00 -2009.00 -2010.00 -2011.00 -2012.00 -2013.00 -2014.00 -2015.00 -2016.00 -2017.00 -2018.00 -2019.00 -2020.00 -2021.00 -2022.00 -2023.00 -2024.00 -2025.00 -2026.00 -2027.00 -2028.00 -2029.00 -2030.00 -2031.00 -2032.00 -2033.00 -2034.00 -2035.00 -2036.00 -2037.00 -2038.00 -2039.00 -2040.00 -2041.00 -2042.00 -2043.00 -2044.00 -2045.00 -2046.00 -2047.00 -2048.00 -2049.00 -2050.00 -2051.00 -2052.00 -2053.00 -2054.00 -2055.00 -2056.00 -2057.00 -2058.00 -2059.00 -2060.00 
-1942.00 -1941.00 -1942.00 -1943.00 -1944.00 -1945.00 -1946.00 -1947.00 -1948.00 -1949.00 -1950.00 -1951.00 -1952.00 -1953.00 -1954.00 -1955.00 -1956.00 -1957.00 -1958.00 -1959.00 -1960.00 -1961.00 -1962.00 -1963.00 -1964.00 -1965.00 -1966.00 -1967.00 -1968.00 -1969.00 -1970.00 -1971.00 -1972.00 -1973.00 -1974.00 -1975.00 -1976.00 -1977.00 -1978.00 -1979.00 -1980.00 -1981.00 -1982.00 -1983.00 -1984.00 -1985.00 -1986.00 -1987.00 -1988.00 -1989.00 -1990.00 -1991.00 -1992.00 -1993.00 -1994.00 -1995.00 -1996.00 -1997.00 -1998.00 -1999.00 -2000.00 -2001.00 -2002.00 -2003.00 -2004.00 -2005.00 -2006.00 -2007.00 -2008.00 -2009.00 -2010.00 -2011.00 -2012.00 -2013.00 -2014.00 -2015.00 -2016.00 -2017.00 -2018.00 -2019.00 -2020.00 -2021.00 -2022.00 -2023.00 -2024.00 -2025.00 -2026.00 -2027.00 -2028.00 -2029.00 -2030.00 -2031.00 -2032.00 -2033.00 -2034.00 -2035.00 -2036.00 -2037.00 -2038.00 -2039.00 -2040.00 -2041.00 -2042.00 -2043.00 -2044.00 -2045.00 -2046.00 -2047.00 -2048.00 -2049.00 -2050.00 -2051.00 -2052.00 -2053.00 -2054.00 -2055.00 -2056.00 -2057.00 -2058.00 -2059.00 
-1941.00 -1940.00     0.00     0.00     0.00     0.00     0.00     0.00     0.00     0.00     0.00     0.00     0.00     0.00     0.00     0.00     0.00     0.00     0.00     0.00     0.00     0.00     0.00     0.00     0.00     0.00     0.00     0.00     0.00     0.00     0.00     0.00     0.00     0.00     0.00     0.00     0.00     0.00     0.00     0.00     0.00     0.00     0.00     0.00     0.00     0.00     0.00     0.00     0.00     0.00     0.00     0.00     0.00     0.00     0.00     0.00     0.00     0.00     0.00     0.00     0.00     0.00     0.00     0.00     0.00     0.00     0.00     0.00     0.00     0.00     0.00     0.00     0.00     0.00     0.00     0.00     0.00     0.00     0.00     0.00     0.00     0.00     0.00     0.00     0.00     0.00     0.00     0.00     0.00     0.00     0.00     0.00     0.00     0.00     0.00     0.00     0.00     0.00     0.00     0.00     0.00     0.00     0.00     0.00     0.00     0.00     0.00     0.00     0.00     0.00     0.00     0.00     0.00     0.00     0.00     0.00     0.00     0.00     0.00     0.00 
-1940.00 -1939.00 -1938.00 -1937.00 -1936.00 -1935.00 -1934.00 -1933.00 -1932.00 -1931.00 -1930.00 -1929.00 -1928.00 -1927.00 -1926.00 -1925.00 -1924.00 -1923.00 -1922.00 -1921.00 -1920.00 -1919.00 -1918.00 -1917.00 -1916.00 -1915.00 -1914.00 -1913.00 -1912.00 -1911.00 -1910.00 -1909.00 -1908.00 -1907.00 -1906.00 -1905.00 -1904.00 -1903.00 -1902.00 -1901.00 -1900.00 -1899.00 -1898.00 -1897.00 -1896.00 -1895.00 -1894.00 -1893.00 -1892.00 -1891.00 -1890.00 -1889.00 -1888.00 -1887.00 -1886.00 -1885.00 -1884.00 -1883.00 -1882.00 -1881.00 -1880.00 -1879.00 -1878.00 -1877.00 -1876.00 -1875.00 -1874.00 -1873.00 -1872.00 -1871.00 -1870.00 -1869.00 -1868.00 -1867.00 -1866.00 -1865.00 -1864.00 -1863.00 -1862.00 -1861.00 -1860.00 -1859.00 -1858.00 -1857.00 -1856.00 -1855.00 -1854.00 -1853.00 -1852.00 -1851.00 -1850.00 -1849.00 -1848.00 -1847.00 -1846.00 -1845.00 -1844.00 -1843.00 -1842.00 -1841.00 -1840.00 -1839.00 -1838.00 -1837.00 -1836.00 -1835.00 -1834.00 -1833.00 -1832.00 -1831.00 -1830.00 -1829.00 -1828.00 -1827.00 -1826.00 -1825.00 -1824.00 -1823.00 -1822.00 -1823.00 
-1939.00 -1938.00 -1937.00 -1936.00 -1935.00 -1934.00 -1933.00 -1932.00 -1931.00 -1930.00 -1929.00 -1928.00 -1927.00 -1926.00 -1925.00 -1924.00 -1923.00 -1922.00 -1921.00 -1920.00 -1919.00 -1918.00 -1917.00 -1916.00 -1915.00 -1914.00 -1913.00 -1912.00 -1911.00 -1910.00 -1909.00 -1908.00 -1907.00 -1906.00 -1905.00 -1904.00 -1903.00 -1902.00 -1901.00 -1900.00 -1899.00 -1898.00 -1897.00 -1896.00 -1895.00 -1894.00 -1893.00 -1892.00 -1891.00 -1890.00 -1889.00 -1888.00 -1887.00 -1886.00 -1885.00 -1884.00 -1883.00 -1882.00 -1881.00 -1880.00 -1879.00 -1878.00 -1877.00 -1876.00 -1875.00 -1874.00 -1873.00 -1872.00 -1871.00 -1870.00 -1869.00 -1868.00 -1867.00 -1866.00 -1865.00 -1864.00 -1863.00 -1862.00 -1861.00 -1860.00 -1859.00 -1858.00 -1857.00 -1856.00 -1855.00 -1854.00 -1853.00 -1852.00 -1851.00 -1850.00 -1849.00 -1848.00 -1847.00 -1846.00 -1845.00 -1844.00 -1843.00 -1842.00 -1841.00 -1840.00 -1839.00 -1838.00 -1837.00 -1836.00 -1835.00 -1834.00 -1833.00 -1832.00 -1831.00 -1830.00 -1829.00 -1828.00 -1827.00 -1826.00 -1825.00 -1824.00 -1823.00 -1822.00 -1821.00 -1822.00 
    0.00     0.00     0.00     0.00     0.00     0.00     0.00     0.00     0.00     0.00     0.00     0.00     0.00     0.00     0.00     0.00     0.00     0.00     0.00     0.00     0.00     0.00     0.00     0.00     0.00     0.00     0.00     0.00     0.00     0.00     0.00     0.00     0.00     0.00     0.00     0.00     0.00     0.00     0.00     0.00     0.00     0.00     0.00     0.00     0.00     0.00     0.00     0.00     0.00     0.00     0.00     0.00     0.00     0.00     0.00     0.00     0.00     0.00     0.00     0.00     0.00     0.00     0.00     0.00     0.00     0.00     0.00     0.00     0.00     0.00     0.00     0.00     0.00     0.00     0.00     0.00     0.00     0.00     0.00     0.00     0.00     0.00     0.00     0.00     0.00     0.00     0.00     0.00     0.00     0.00     0.00     0.00     0.00     0.00     0.00     0.00     0.00     0.00     0.00     0.00     0.00     0.00     0.00     0.00     0.00     0.00     0.00     0.00     0.00     0.00     0.00     0.00     0.00     0.00     0.00     0.00     0.00     0.00 -1820.00 -1821.00 
-1703.00 -1702.00 -1703.00 -1704.00 -1705.00 -1706.00 -1707.00 -1708.00 -1709.00 -1710.00 -1711.00 -1712.00 -1713.00 -1714.00 -1715.00 -1716.00 -1717.00 -1718.00 -1719.00 -1720.00 -1721.00 -1722.00 -1723.00 -1724.00 -1725.00 -1726.00 -1727.00 -1728.00 -1729.00 -1730.00 -1731.00 -1732.00 -1733.00 -1734.00 -1735.00 -1736.00 -1737.00 -1738.00 -1739.00 -1740.00 -1741.00 -1742.00 -1743.00 -1744.00 -1745.00 -1746.00 -1747.00 -1748.00 -1749.00 -1750.00 -1751.00 -1752.00 -1753.00 -1754.00 -1755.00 -1756.00 -1757.00 -1758.00 -1759.00 -1760.00 -1761.00 -1762.00 -1763.00 -1764.00 -1765.00 -1766.00 -1767.00 -1768.00 -1769.00 -1770.00 -1771.00 -1772.00 -1773.00 -1774.00 -1775.00 -1776.00 -1777.00 -1778.00 -1779.00 -1780.00 -1781.00 -1782.00 -1783.00 -1784.00 -1785.00 -1786.00 -1787.00 -1788.00 -1789.00 -1790.00 -1791.00 -1792.00 -1793.00 -1794.00 -1795.00 -1796.00 -1797.00 -1798.00 -1799.00 -1800.00 -1801.00 -1802.00 -1803.00 -1804.00 -1805.00 -1806.00 -1807.00 -1808.00 -1809.00 -1810.00 -1811.00 -1812.00 -1813.00 -1814.00 -1815.00 -1816.00 -1817.00 -1818.00 -1819.00 -1820.00 
-1702.00 -1701.00 -1702.00 -1703.00 -1704.00 -1705.00 -1706.00 -1707.00 -1708.00 -1709.00 -1710.00 -1711.00 -1712.00 -1713.00 -1714.00 -1715.00 -1716.00 -1717.00 -1718.00 -1719.00 -1720.00 -1721.00 -1722.00 -1723.00 -1724.00 -1725.00 -1726.00 -1727.00 -1728.00 -1729.00 -1730.00 -1731.00 -1732.00 -1733.00 -1734.00 -1735.00 -1736.00 -1737.00 -1738.00 -1739.00 -1740.00 -1741.00 -1742.00 -1743.00 -1744.00 -1745.00 -1746.00 -1747.00 -1748.00 -1749.00 -1750.00 -1751.00 -1752.00 -1753.00 -1754.00 -1755.00 -1756.00 -1757.00 -1758.00 -1759.00 -1760.00 -1761.00 -1762.00 -1763.00 -1764.00 -1765.00 -1766.00 -1767.00 -1768.00 -1769.00 -1770.00 -1771.00 -1772.00 -1773.00 -1774.00 -1775.00 -1776.00 -1777.00 -1778.00 -1779.00 -1780.00 -1781.00 -1782.00 -1783.00 -1784.00 -1785.00 -1786.00 -1787.00 -1788.00 -1789.00 -1790.00 -1791.00 -1792.00 -1793.00 -1794.00 -1795.00 -1796.00 -1797.00 -1798.00 -1799.00 -1800.00 -1801.00 -1802.00 -1803.00 -1804.00 -1805.00 -1806.00 -1807.00 -1808.00 -1809.00 -1810.00 -1811.00 -1812.00 -1813.00 -1814.00 -1815.00 -1816.00 -1817.00 -1818.00 -1819.00 
-1701.00 -1700.00     0.00     0.00     0.00     0.00     0.00     0.00     0.00     0.00     0.00     0.00     0.00     0.00     0.00     0.00     0.00     0.00     0.00     0.00     0.00     0.00     0.00     0.00     0.00     0.00     0.00     0.00     0.00     0.00     0.00     0.00     0.00     0.00     0.00     0.00     0.00     0.00     0.00     0.00     0.00     0.00     0.00     0.00     0.00     0.00     0.00     0.00     0.00     0.00     0.00     0.00     0.00     0.00     0.00     0.00     0.00     0.00     0.00     0.00     0.00     0.00     0.00     0.00     0.00     0.00     0.00     0.00     0.00     0.00     0.00     0.00     0.00     0.00     0.00     0.00     0.00     0.00     0.00     0.00     0.00     0.00     0.00     0.00     0.00     0.00     0.00     0.00     0.00     0.00     0.00     0.00     0.00     0.00     0.00     0.00     0.00     0.00     0.00     0.00     0.00     0.00     0.00     0.00     0.00     0.00     0.00     0.00     0.00     0.00     0.00     0.00     0.00     0.00     0.00     0.00     0.00     0.00     0.00     0.00 
-1700.00 -1699.00 -1698.00 -1697.00 -1696.00 -1695.00 -1694.00 -1693.00 -1692.00 -1691.00 -1690.00 -1689.00 -1688.00 -1687.00 -1686.00 -1685.00 -1684.00 -1683.00 -1682.00 -1681.00 -1680.00 -1679.00 -1678.00 -1677.00 -1676.00 -1675.00 -1674.00 -1673.00 -1672.00 -1671.00 -1670.00 -1669.00 -1668.00 -1667.00 -1666.00 -1665.00 -1664.00 -1663.00 -1662.00 -1661.00 -1660.00 -1659.00 -1658.00 -1657.00 -1656.00 -1655.00 -1654.00 -1653.00 -1652.00 -1651.00 -1650.00 -1649.00 -1648.00 -1647.00 -1646.00 -1645.00 -1644.00 -1643.00 -1642.00 -1641.00 -1640.00 -1639.00 -1638.00 -1637.00 -1636.00 -1635.00 -1634.00 -1633.00 -1632.00 -1631.00 -1630.00 -1629.00 -1628.00 -1627.00 -1626.00 -1625.00 -1624.00 -1623.00 -1622.00 -1621.00 -1620.00 -1619.00 -1618.00 -1617.00 -1616.00 -1615.00 -1614.00 -1613.00 -1612.00 -1611.00 -1610.00 -1609.00 -1608.00 -1607.00 -1606.00 -1605.00 -1604.00 -1603.00 -1602.00 -1601.00 -1600.00 -1599.00 -1598.00 -1597.00 -1596.00 -1595.00 -1594.00 -1593.00 -1592.00 -1591.00 -1590.00 -1589.00 -1588.00 -1587.00 -1586.00 -1585.00 -1584.00 -1583.00 -1582.00 -1583.00 
-1699.00 -1698.00 -1697.00 -1696.00 -1695.00 -1694.00 -1693.00 -1692.00 -1691.00 -1690.00 -1689.00 -1688.00 -1687.00 -1686.00 -1685.00 -1684.00 -1683.00 -1682.00 -1681.00 -1680.00 -1679.00 -1678.00 -1677.00 -1676.00 -1675.00 -1674.00 -1673.00 -1672.00 -1671.00 -1670.00 -1669.00 -1668.00 -1667.00 -1666.00 -1665.00 -1664.00 -1663.00 -1662.00 -1661.00 -1660.00 -1659.00 -1658.00 -1657.00 -1656.00 -1655.00 -1654.00 -1653.00 -1652.00 -1651.00 -1650.00 -1649.00 -1648.00 -1647.00 -1646.00 -1645.00 -1644.00 -1643.00 -1642.00 -1641.00 -1640.00 -1639.00 -1638.00 -1637.00 -1636.00 -1635.00 -1634.00 -1633.00 -1632.00 -1631.00 -1630.00 -1629.00 -1628.00 -1627.00 -1626.00 -1625.00 -1624.00 -1623.00 -1622.00 -1621.00 -1620.00 -1619.00 -1618.00 -1617.00 -1616.00 -1615.00 -1614.00 -1613.00 -1612.00 -1611.00 -1610.00 -1609.00 -1608.00 -1607.00 -1606.00 -1605.00 -1604.00 -1603.00 -1602.00 -1601.00 -1600.00 -1599.00 -1598.00 -1597.00 -1596.00 -1595.00 -1594.00 -1593.00 -1592.00 -1591.00 -1590.00 -1589.00 -1588.00 -1587.00 -1586.00 -1585.00 -1584.00 -1583.00 -1582.00 -1581.00 -1582.00 
    0.00     0.00     0.00     0.00     0.00     0.00     0.00     0.00     0.00     0.00     0.00     0.00     0.00     0.00     0.00     0.00     0.00     0.00     0.00     0.00     0.00     0.00     0.00     0.00     0.00     0.00     0.00     0.00     0.00     0.00     0.00     0.00     0.00     0.00     0.00     0.00     0.00     0.00     0.00     0.00     0.00     0.00     0.00     0.00     0.00     0.00     0.00     0.00     0.00     0.00     0.00     0.00     0.00     0.00     0.00     0.00     0.00     0.00     0.00     0.00     0.00     0.00     0.00     0.00     0.00     0.00     0.00     0.00     0.00     0.00     0.00     0.00     0.00     0.00     0.00     0.00     0.00     0.00     0.00     0.00     0.00     0.00     0.00     0.00     0.00     0.00     0.00     0.00     0.00     0.00     0.00     0.00     0.00     0.00     0.00     0.00     0.00     0.00     0.00     0.00     0.00     0.00     0.00     0.00     0.00     0.00     0.00     0.00     0.00     0.00     0.00     0.00     0.00     0.00     0.00     0.00     0.00     0.00 -1580.00 -1581.00 
-1463.00 -1462.00 -1463.00 -1464.00 -1465.00 -1466.00 -1467.00 -1468.00 -1469.00 -1470.00 -1471.00 -1472.00 -1473.00 -1474.00 -1475.00 -1476.00 -1477.00 -1478.00 -1479.00 -1480.00 -1481.00 -1482.00 -1483.00 -1484.00 -1485.00 -1486.00 -1487.00 -1488.00 -1489.00 -1490.00 -1491.00 -1492.00 -1493.00 -1494.00 -1495.00 -1496.00 -1497.00 -1498.00 -1499.00 -1500.00 -1501.00 -1502.00 -1503.00 -1504.00 -1505.00 -1506.00 -1507.00 -1508.00 -1509.00 -1510.00 -1511.00 -1512.00 -1513.00 -1514.00 -1515.00 -1516.00 -1517.00 -1518.00 -1519.00 -1520.00 -1521.00 -1522.00 -1523.00 -1524.00 -1525.00 -1526.00 -1527.00 -1528.00 -1529.00 -1530.00 -1531.00 -1532.00 -1533.00 -1534.00 -1535.00 -1536.00 -1537.00 -1538.00 -1539.00 -1540.00 -1541.00 -1542.00 -1543.00 -1544.00 -1545.00 -1546.00 -1547.00 -1548.00 -1549.00 -1550.00 -1551.00 -1552.00 -1553.00 -1554.00 -1555.00 -1556.00 -1557.00 -1558.00 -1559.00 -1560.00 -1561.00 -1562.00 -1563.00 -1564.00 -1565.00 -1566.00 -1567.00 -1568.00 -1569.00 -1570.00 -1571.00 -1572.00 -1573.00 -1574.00 -1575.00 -1576.00 -1577.00 -1578.00 -1579.00 -1580.00 
-1462.00 -1461.00 -1462.00 -1463.00 -1464.00 -1465.00 -1466.00 -1467.00 -1468.00 -1469.00 -1470.00 -1471.00 -1472.00 -1473.00 -1474.00 -1475.00 -1476.00 -1477.00 -1478.00 -1479.00 -1480.00 -1481.00 -1482.00 -1483.00 -1484.00 -1485.00 -1486.00 -1487.00 -1488.00 -1489.00 -1490.00 -1491.00 -1492.00 -1493.00 -1494.00 -1495.00 -1496.00 -1497.00 -1498.00 -1499.00 -1500.00 -1501.00 -1502.00 -1503.00 -1504.00 -1505.00 -1506.00 -1507.00 -1508.00 -1509.00 -1510.00 -1511.00 -1512.00 -1513.00 -1514.00 -1515.00 -1516.00 -1517.00 -1518.00 -1519.00 -1520.00 -1521.00 -1522.00 -1523.00 -1524.00 -1525.00 -1526.00 -1527.00 -1528.00 -1529.00 -1530.00 -1531.00 -1532.00 -1533.00 -1534.00 -1535.00 -1536.00 -1537.00 -1538.00 -1539.00 -1540.00 -1541.00 -1542.00 -1543.00 -1544.00 -1545.00 -1546.00 -1547.00 -1548.00 -1549.00 -1550.00 -1551.00 -1552.00 -1553.00 -1554.00 -1555.00 -1556.00 -1557.00 -1558.00 -1559.00 -1560.00 -1561.00 -1562.00 -1563.00 -1564.00 -1565.00 -1566.00 -1567.00 -1568.00 -1569.00 -1570.00 -1571.00 -1572.00 -1573.00 -1574.00 -1575.00 -1576.00 -1577.00 -1578.00 -1579.00 
-1461.00 -1460.00     0.00     0.00     0.00     0.00     0.00     0.00     0.00     0.00     0.00     0.00     0.00     0.00     0.00     0.00     0.00     0.00     0.00     0.00     0.00     0.00     0.00     0.00     0.00     0.00     0.00     0.00     0.00     0.00     0.00     0.00     0.00     0.00     0.00     0.00     0.00     0.00     0.00     0.00     0.00     0.00     0.00     0.00     0.00     0.00     0.00     0.00     0.00     0.00     0.00     0.00     0.00     0.00     0.00     0.00     0.00     0.00     0.00     0.00     0.00     0.00     0.00     0.00     0.00     0.00     0.00     0.00     0.00     0.00     0.00     0.00     0.00     0.00     0.00     0.00     0.00     0.00     0.00     0.00     0.00     0.00     0.00     0.00     0.00     0.00     0.00     0.00     0.00     0.00     0.00     0.00     0.00     0.00     0.00     0.00     0.00     0.00     0.00     0.00     0.00     0.00     0.00     0.00     0.00     0.00     0.00     0.00     0.00     0.00     0.00     0.00     0.00     0.00     0.00     0.00     0.00     0.00     0.00     0.00 
-1460.00 -1459.00 -1458.00 -1457.00 -1456.00 -1455.00 -1454.00 -1453.00 -1452.00 -1451.00 -1450.00 -1449.00 -1448.00 -1447.00 -1446.00 -1445.00 -1444.00 -1443.00 -1442.00 -1441.00 -1440.00 -1439.00 -1438.00 -1437.00 -1436.00 -1435.00 -1434.00 -1433.00 -1432.00 -1431.00 -1430.00 -1429.00 -1428.00 -1427.00 -1426.00 -1425.00 -1424.00 -1423.00 -1422.00 -1421.00 -1420.00 -1419.00 -1418.00 -1417.00 -1416.00 -1415.00 -1414.00 -1413.00 -1412.00 -1411.00 -1410.00 -1409.00 -1408.00 -1407.00 -1406.00 -1405.00 -1404.00 -1403.00 -1402.00 -1401.00 -1400.00 -1399.00 -1398.00 -1397.00 -1396.00 -1395.00 -1394.00 -1393.00 -1392.00 -1391.00 -1390.00 -1389.00 -1388.00 -1387.00 -1386.00 -1385.00 -1384.00 -1383.00 -1382.00 -1381.00 -1380.00 -1379.00 -1378.00 -1377.00 -1376.00 -1375.00 -1374.00 -1373.00 -1372.00 -1371.00 -1370.00 -1369.00 -1368.00 -1367.00 -1366.00 -1365.00 -1364.00 -1363.00 -1362.00 -1361.00 -1360.00 -1359.00 -1358.00 -1357.00 -1356.00 -1355.00 -1354.00 -1353.00 -1352.00 -1351.00 -1350.00 -1349.00 -1348.00 -1347.00 -1346.00 -1345.00 -1344.00 -1343.00 -1342.00 -1343.00 
-1459.00 -1458.00 -1457.00 -1456.00 -1455.00 -1454.00 -1453.00 -1452.00 -1451.00 -1450.00 -1449.00 -1448.00 -1447.00 -1446.00 -1445.00 -1444.00 -1443.00 -1442.00 -1441.00 -1440.00 -1439.00 -1438.00 -1437.00 -1436.00 -1435.00 -1434.00 -1433.00 -1432.00 -1431.00 -1430.00 -1429.00 -1428.00 -1427.00 -1426.00 -1425.00 -1424.00 -1423.00 -1422.00 -1421.00 -1420.00 -1419.00 -1418.00 -1417.00 -1416.00 -1415.00 -1414.00 -1413.00 -1412.00 -1411.00 -1410.00 -1409.00 -1408.00 -1407.00 -1406.00 -1405.00 -1404.00 -1403.00 -1402.00 -1401.00 -1400.00 -1399.00 -1398.00 -1397.00 -1396.00 -1395.00 -1394.00 -1393.00 -1392.00 -1391.00 -1390.00 -1389.00 -1388.00 -1387.00 -1386.00 -1385.00 -1384.00 -1383.00 -1382.00 -1381.00 -1380.00 -1379.00 -1378.00 -1377.00 -1376.00 -1375.00 -1374.00 -1373.00 -1372.00 -1371.00 -1370.00 -1369.00 -1368.00 -1367.00 -1366.00 -1365.00 -1364.00 -1363.00 -1362.00 -1361.00 -1360.00 -1359.00 -1358.00 -1357.00 -1356.00 -1355.00 -1354.00 -1353.00 -1352.00 -1351.00 -1350.00 -1349.00 -1348.00 -1347.00 -1346.00 -1345.00 -1344.00 -1343.00 -1342.00 -1341.00 -1342.00 
    0.00     0.00     0.00     0.00     0.00     0.00     0.00     0.00     0.00     0.00     0.00     0.00     0.00     0.00     0.00     0.00     0.00     0.00     0.00     0.00     0.00     0.00     0.00     0.00     0.00     0.00     0.00     0.00     0.00     0.00     0.00     0.00     0.00     0.00     0.00     0.00     0.00     0.00     0.00     0.00     0.00     0.00     0.00     0.00     0.00     0.00     0.00     0.00     0.00     0.00     0.00     0.00     0.00     0.00     0.00     0.00     0.00     0.00     0.00     0.00     0.00     0.00     0.00     0.00     0.00     0.00     0.00     0.00     0.00     0.00     0.00     0.00     0.00     0.00     0.00     0.00     0.00     0.00     0.00     0.00     0.00     0.00     0.00     0.00     0.00     0.00     0.00     0.00     0.00     0.00     0.00     0.00     0.00     0.00     0.00     0.00     0.00     0.00     0.00     0.00     0.00     0.00     0.00     0.00     0.00     0.00     0.00     0.00     0.00     0.00     0.00     0.00     0.00     0.00     0.00     0.00     0.00     0.00 -1340.00 -1341.00 
-1223.00 -1222.00 -1223.00 -1224.00 -1225.00 -1226.00 -1227.00 -1228.00 -1229.00 -1230.00 -1231.00 -1232.00 -1233.00 -1234.00 -1235.00 -1236.00 -1237.00 -1238.00 -1239.00 -1240.00 -1241.00 -1242.00 -1243.00 -1244.00 -1245.00 -1246.00 -1247.00 -1248.00 -1249.00 -1250.00 -1251.00 -1252.00 -1253.00 -1254.00 -1255.00 -1256.00 -1257.00 -1258.00 -1259.00 -1260.00 -1261.00 -1262.00 -1263.00 -1264.00 -1265.00 -1266.00 -1267.00 -1268.00 -1269.00 -1270.00 -1271.00 -1272.00 -1273.00 -1274.00 -1275.00 -1276.00 -1277.00 -1278.00 -1279.00 -1280.00 -1281.00 -1282.00 -1283.00 -1284.00 -1285.00 -1286.00 -1287.00 -1288.00 -1289.00 -1290.00 -1291.00 -1292.00 -1293.00 -1294.00 -1295.00 -1296.00 -1297.00 -1298.00 -1299.00 -1300.00 -1301.00 -1302.00 -1303.00 -1304.00 -1305.00 -1306.00 -1307.00 -1308.00 -1309.00 -1310.00 -1311.00 -1312.00 -1313.00 -1314.00 -1315.00 -1316.00 -1317.00 -1318.00 -1319.00 -1320.00 -1321.00 -1322.00 -1323.00 -1324.00 -1325.00 -1326.00 -1327.00 -1328.00 -1329.00 -1330.00 -1331.00 -1332.00 -1333.00 -1334.00 -1335.00 -1336.00 -1337.00 -1338.00 -1339.00 -1340.00 
-1222.00 -1221.00 -1222.00 -1223.00 -1224.00 -1225.00 -1226.00 -1227.00 -1228.00 -1229.00 -1230.00 -1231.00 -1232.00 -1233.00 -1234.00 -1235.00 -1236.00 -1237.00 -1238.00 -1239.00 -1240.00 -1241.00 -1242.00 -1243.00 -1244.00 -1245.00 -1246.00 -1247.00 -1248.00 -1249.00 -1250.00 -1251.00 -1252.00 -1253.00 -1254.00 -1255.00 -1256.00 -1257.00 -1258.00 -1259.00 -1260.00 -1261.00 -1262.00 -1263.00 -1264.00 -1265.00 -1266.00 -1267.00 -1268.00 -1269.00 -1270.00 -1271.00 -1272.00 -1273.00 -1274.00 -1275.00 -1276.00 -1277.00 -1278.00 -1279.00 -1280.00 -1281.00 -1282.00 -1283.00 -1284.00 -1285.00 -1286.00 -1287.00 -1288.00 -1289.00 -1290.00 -1291.00 -1292.00 -1293.00 -1294.00 -1295.00 -1296.00 -1297.00 -1298.00 -1299.00 -1300.00 -1301.00 -1302.00 -1303.00 -1304.00 -1305.00 -1306.00 -1307.00 -1308.00 -1309.00 -1310.00 -1311.00 -1312.00 -1313.00 -1314.00 -1315.00 -1316.00 -1317.00 -1318.00 -1319.00 -1320.00 -1321.00 -1322.00 -1323.00 -1324.00 -1325.00 -1326.00 -1327.00 -1328.00 -1329.00 -1330.00 -1331.00 -1332.00 -1333.00 -1334.00 -1335.00 -1336.00 -1337.00 -1338.00 -1339.00 
-1221.00 -1220.00     0.00     0.00     0.00     0.00     0.00     0.00     0.00     0.00     0.00     0.00     0.00     0.00     0.00     0.00     0.00     0.00     0.00     0.00     0.00     0.00     0.00     0.00     0.00     0.00     0.00     0.00     0.00     0.00     0.00     0.00     0.00     0.00     0.00     0.00     0.00     0.00     0.00     0.00     0.00     0.00     0.00     0.00     0.00     0.00     0.00     0.00     0.00     0.00     0.00     0.00     0.00     0.00     0.00     0.00     0.00     0.00     0.00     0.00     0.00     0.00     0.00     0.00     0.00     0.00     0.00     0.00     0.00     0.00     0.00     0.00     0.00     0.00     0.00     0.00     0.00     0.00     0.00     0.00     0.00     0.00     0.00     0.00     0.00     0.00     0.00     0.00     0.00     0.00     0.00     0.00     0.00     0.00     0.00     0.00     0.00     0.00     0.00     0.00     0.00     0.00     0.00     0.00     0.00     0.00     0.00     0.00     0.00     0.00     0.00     0.00     0.00     0.00     0.00     0.00     0.00     0.00     0.00     0.00 
-1220.00 -1219.00 -1218.00 -1217.00 -1216.00 -1215.00 -1214.00 -1213.00 -1212.00 -1211.00 -1210.00 -1209.00 -1208.00 -1207.00 -1206.00 -1205.00 -1204.00 -1203.00 -1202.00 -1201.00 -1200.00 -1199.00 -1198.00 -1197.00 -1196.00 -1195.00 -1194.00 -1193.00 -1192.00 -1191.00 -1190.00 -1189.00 -1188.00 -1187.00 -1186.00 -1185.00 -1184.00 -1183.00 -1182.00 -1181.00 -1180.00 -1179.00 -1178.00 -1177.00 -1176.00 -1175.00 -1174.00 -1173.00 -1172.00 -1171.00 -1170.00 -1169.00 -1168.00 -1167.00 -1166.00 -1165.00 -1164.00 -1163.00 -1162.00 -1161.00 -1160.00 -1159.00 -1158.00 -1157.00 -1156.00 -1155.00 -1154.00 -1153.00 -1152.00 -1151.00 -1150.00 -1149.00 -1148.00 -1147.00 -1146.00 -1145.00 -1144.00 -1143.00 -1142.00 -1141.00 -1140.00 -1139.00 -1138.00 -1137.00 -1136.00 -1135.00 -1134.00 -1133.00 -1132.00 -1131.00 -1130.00 -1129.00 -1128.00 -1127.00 -1126.00 -1125.00 -1124.00 -1123.00 -1122.00 -1121.00 -1120.00 -1119.00 -1118.00 -1117.00 -1116.00 -1115.00 -1114.00 -1113.00 -1112.00 -1111.00 -1110.00 -1109.00 -1108.00 -1107.00 -1106.00 -1105.00 -1104.00 -1103.00 -1102.00 -1103.00 
-1219.00 -1218.00 -1217.00 -1216.00 -1215.00 -1214.00 -1213.00 -1212.00 -1211.00 -1210.00 -1209.00 -1208.00 -1207.00 -1206.00 -1205.00 -1204.00 -1203.00 -1202.00 -1201.00 -1200.00 -1199.00 -1198.00 -1197.00 -1196.00 -1195.00 -1194.00 -1193.00 -1192.00 -1191.00 -1190.00 -1189.00 -1188.00 -1187.00 -1186.00 -1185.00 -1184.00 -1183.00 -1182.00 -1181.00 -1180.00 -1179.00 -1178.00 -1177.00 -1176.00 -1175.00 -1174.00 -1173.00 -1172.00 -1171.00 -1170.00 -1169.00 -1168.00 -1167.00 -1166.00 -1165.00 -1164.00 -1163.00 -1162.00 -1161.00 -1160.00 -1159.00 -1158.00 -1157.00 -1156.00 -1155.00 -1154.00 -1153.00 -1152.00 -1151.00 -1150.00 -1149.00 -1148.00 -1147.00 -1146.00 -1145.00 -1144.00 -1143.00 -1142.00 -1141.00 -1140.00 -1139.00 -1138.00 -1137.00 -1136.00 -1135.00 -1134.00 -1133.00 -1132.00 -1131.00 -1130.00 -1129.00 -1128.00 -1127.00 -1126.00 -1125.00 -1124.00 -1123.00 -1122.00 -1121.00 -1120.00 -1119.00 -1118.00 -1117.00 -1116.00 -1115.00 -1114.00 -1113.00 -1112.00 -1111.00 -1110.00 -1109.00 -1108.00 -1107.00 -1106.00 -1105.00 -1104.00 -1103.00 -1102.00 -1101.00 -1102.00 
    0.00     0.00     0.00     0.00     0.00     0.00     0.00     0.00     0.00     0.00     0.00     0.00     0.00     0.00     0.00     0.00     0.00     0.00     0.00     0.00     0.00     0.00     0.00     0.00     0.00     0.00     0.00     0.00     0.00     0.00     0.00     0.00     0.00     0.00     0.00     0.00     0.00     0.00     0.00     0.00     0.00     0.00     0.00     0.00     0.00     0.00     0.00     0.00     0.00     0.00     0.00     0.00     0.00     0.00     0.00     0.00     0.00     0.00     0.00     0.00     0.00     0.00     0.00     0.00     0.00     0.00     0.00     0.00     0.00     0.00     0.00     0.00     0.00     0.00     0.00     0.00     0.00     0.00     0.00     0.00     0.00     0.00     0.00     0.00     0.00     0.00     0.00     0.00     0.00     0.00     0.00     0.00     0.00     0.00     0.00     0.00     0.00     0.00     0.00     0.00     0.00     0.00     0.00     0.00     0.00     0.00     0.00     0.00     0.00     0.00     0.00     0.00     0.00     0.00     0.00     0.00     0.00     0.00 -1100.00 -1101.00 
 -983.00  -982.00  -983.00  -984.00  -985.00  -986.00  -987.00  -988.00  -989.00  -990.00  -991.00  -992.00  -993.00  -994.00  -995.00  -996.00  -997.00  -998.00  -999.00 -1000.00 -1001.00 -1002.00 -1003.00 -1004.00 -1005.00 -1006.00 -1007.00 -1008.00 -1009.00 -1010.00 -1011.00 -1012.00 -1013.00 -1014.00 -1015.00 -1016.00 -1017.00 -1018.00 -1019.00 -1020.00 -1021.00 -1022.00 -1023.00 -1024.00 -1025.00 -1026.00 -1027.00 -1028.00 -1029.00 -1030.00 -1031.00 -1032.00 -1033.00 -1034.00 -1035.00 -1036.00 -1037.00 -1038.00 -1039.00 -1040.00 -1041.00 -1042.00 -1043.00 -1044.00 -1045.00 -1046.00 -1047.00 -1048.00 -1049.00 -1050.00 -1051.00 -1052.00 -1053.00 -1054.00 -1055.00 -1056.00 -1057.00 -1058.00 -1059.00 -1060.00 -1061.00 -1062.00 -1063.00 -1064.00 -1065.00 -1066.00 -1067.00 -1068.00 -1069.00 -1070.00 -1071.00 -1072.00 -1073.00 -1074.00 -1075.00 -1076.00 -1077.00 -1078.00 -1079.00 -1080.00 -1081.00 -1082.00 -1083.00 -1084.00 -1085.00 -1086.00 -1087.00 -1088.00 -1089.00 -1090.00 -1091.00 -1092.00 -1093.00 -1094.00 -1095.00 -1096.00 -1097.00 -1098.00 -1099.00 -1100.00 
 -982.00  -981.00  -982.00  -983.00  -984.00  -985.00  -986.00  -987.00  -988.00  -989.00  -990.00  -991.00  -992.00  -993.00  -994.00  -995.00  -996.00  -997.00  -998.00  -999.00 -1000.00 -1001.00 -1002.00 -1003.00 -1004.00 -1005.00 -1006.00 -1007.00 -1008.00 -1009.00 -1010.00 -1011.00 -1012.00 -1013.00 -1014.00 -1015.00 -1016.00 -1017.00 -1018.00 -1019.00 -1020.00 -1021.00 -1022.00 -1023.00 -1024.00 -1025.00 -1026.00 -1027.00 -1028.00 -1029.00 -1030.00 -1031.00 -1032.00 -1033.00 -1034.00 -1035.00 -1036.00 -1037.00 -1038.00 -1039.00 -1040.00 -1041.00 -1042.00 -1043.00 -1044.00 -1045.00 -1046.00 -1047.00 -1048.00 -1049.00 -1050.00 -1051.00 -1052.00 -1053.00 -1054.00 -1055.00 -1056.00 -1057.00 -1058.00 -1059.00 -1060.00 -1061.00 -1062.00 -1063.00 -1064.00 -1065.00 -1066.00 -1067.00 -1068.00 -1069.00 -1070.00 -1071.00 -1072.00 -1073.00 -1074.00 -1075.00 -1076.00 -1077.00 -1078.00 -1079.00 -1080.00 -1081.00 -1082.00 -1083.00 -1084.00 -1085.00 -1086.00 -1087.00 -1088.00 -1089.00 -1090.00 -1091.00 -1092.00 -1093.00 -1094.00 -1095.00 -1096.00 -1097.00 -1098.00 -1099.00 
 -981.00  -980.00     0.00     0.00     0.00     0.00     0.00     0.00     0.00     0.00     0.00     0.00     0.00     0.00     0.00     0.00     0.00     0.00     0.00     0.00     0.00     0.00     0.00     0.00     0.00     0.00     0.00     0.00     0.00     0.00     0.00     0.00     0.00     0.00     0.00     0.00     0.00     0.00     0.00     0.00     0.00     0.00     0.00     0.00     0.00     0.00     0.00     0.00     0.00     0.00     0.00     0.00     0.00     0.00     0.00     0.00     0.00     0.00     0.00     0.00     0.00     0.00     0.00     0.00     0.00     0.00     0.00     0.00     0.00     0.00     0.00     0.00     0.00     0.00     0.00     0.00     0.00     0.00     0.00     0.00     0.00     0.00     0.00     0.00     0.00     0.00     0.00     0.00     0.00     0.00     0.00     0.00     0.00     0.00     0.00     0.00     0.00     0.00     0.00     0.00     0.00     0.00     0.00     0.00     0.00     0.00     0.00     0.00     0.00     0.00     0.00     0.00     0.00     0.00     0.00     0.00     0.00     0.00     0.00     0.00 
 -980.00  -979.00  -978.00  -977.00  -976.00  -975.00  -974.00  -973.00  -972.00  -971.00  -970.00  -969.00  -968.00  -967.00  -966.00  -965.00  -964.00  -963.00  -962.00  -961.00  -960.00  -959.00  -958.00  -957.00  -956.00  -955.00  -954.00  -953.00  -952.00  -951.00  -950.00  -949.00  -948.00  -947.00  -946.00  -945.00  -944.00  -943.00  -942.00  -941.00  -940.00  -939.00  -938.00  -937.00  -936.00  -935.00  -934.00  -933.00  -932.00  -931.00  -930.00  -929.00  -928.00  -927.00  -926.00  -925.00  -924.00  -923.00  -922.00  -921.00  -920.00  -919.00  -918.00  -917.00  -916.00  -915.00  -914.00  -913.00  -912.00  -911.00  -910.00  -909.00  -908.00  -907.00  -906.00  -905.00  -904.00  -903.00  -902.00  -901.00  -900.00  -899.00  -898.00  -897.00  -896.00  -895.00  -894.00  -893.00  -892.00  -891.00  -890.00  -889.00  -888.00  -887.00  -886.00  -885.00  -884.00  -883.00  -882.00  -881.00  -880.00  -879.00  -878.00  -877.00  -876.00  -875.00  -874.00  -873.00  -872.00  -871.00  -870.00  -869.00  -868.00  -867.00  -866.00  -865.00  -864.00  -863.00  -862.00  -863.00 
 -979.00  -978.00  -977.00  -976.00  -975.00  -974.00  -973.00  -972.00  -971.00  -970.00  -969.00  -968.00  -967.00  -966.00  -965.00  -964.00  -963.00  -962.00  -961.00  -960.00  -959.00  -958.00  -957.00  -956.00  -955.00  -954.00  -953.00  -952.00  -951.00  -950.00  -949.00  -948.00  -947.00  -946.00  -945.00  -944.00  -943.00  -942.00  -941.00  -940.00  -939.00  -938.00  -937.00  -936.00  -935.00  -934.00  -933.00  -932.00  -931.00  -930.00  -929.00  -928.00  -927.00  -926.00  -925.00  -924.00  -923.00  -922.00  -921.00  -920.00  -919.00  -918.00  -917.00  -916.00  -915.00  -914.00  -913.00  -912.00  -911.00  -910.00  -909.00  -908.00  -907.00  -906.00  -905.00  -904.00  -903.00  -902.00  -901.00  -900.00  -899.00  -898.00  -897.00  -896.00  -895.00  -894.00  -893.00  -892.00  -891.00  -890.00  -889.00  -888.00  -887.00  -886.00  -885.00  -884.00  -883.00  -882.00  -881.00  -880.00  -879.00  -878.00  -877.00  -876.00  -875.00  -874.00  -873.00  -872.00  -871.00  -870.00  -869.00  -868.00  -867.00  -866.00  -865.00  -864.00  -863.00  -862.00  -861.00  -862.00 
    0.00     0.00     0.00     0.00     0.00     0.00     0.00     0.00     0.00     0.00     0.00     0.00     0.00     0.00     0.00     0.00     0.00     0.00     0.00     0.00     0.00     0.00     0.00     0.00     0.00     0.00     0.00     0.00     0.00     0.00     0.00     0.00     0.00     0.00     0.00     0.00     0.00     0.00     0.00     0.00     0.00     0.00     0.00     0.00     0.00     0.00     0.00     0.00     0.00     0.00     0.00     0.00     0.00     0.00     0.00     0.00     0.00     0.00     0.00     0.00     0.00     0.00     0.00     0.00     0.00     0.00     0.00     0.00     0.00     0.00     0.00     0.00     0.00     0.00     0.00     0.00     0.00     0.00     0.00     0.00     0.00     0.00     0.00     0.00     0.00     0.00     0.00     0.00     0.00     0.00     0.00     0.00     0.00     0.00     0.00     0.00     0.00     0.00     0.00     0.00     0.00     0.00     0.00     0.00     0.00     0.00     0.00     0.00     0.00     0.00     0.00     0.00     0.00     0.00     0.00     0.00     0.00     0.00  -860.00  -861.00 
 -743.00  -742.00  -743.00  -744.00  -745.00  -746.00  -747.00  -748.00  -749.00  -750.00  -751.00  -752.00  -753.00  -754.00  -755.00  -756.00  -757.00  -758.00  -759.00  -760.00  -761.00  -762.00  -763.00  -764.00  -765.00  -766.00  -767.00  -768.00  -769.00  -770.00  -771.00  -772.00  -773.00  -774.00  -775.00  -776.00  -777.00  -778.00  -779.00  -780.00  -781.00  -782.00  -783.00  -784.00  -785.00  -786.00  -787.00  -788.00  -789.00  -790.00  -791.00  -792.00  -793.00  -794.00  -795.00  -796.00  -797.00  -798.00  -799.00  -800.00  -801.00  -802.00  -803.00  -804.00  -805.00  -806.00  -807.00  -808.00  -809.00  -810.00  -811.00  -812.00  -813.00  -814.00  -815.00  -816.00  -817.00  -818.00  -819.00  -820.00  -821.00  -822.00  -823.00  -824.00  -825.00  -826.00  -827.00  -828.00  -829.00  -830.00  -831.00  -832.00  -833.00  -834.00  -835.00  -836.00  -837.00  -838.00  -839.00  -840.00  -841.00  -842.00  -843.00  -844.00  -845.00  -846.00  -847.00  -848.00  -849.00  -850.00  -851.00  -852.00  -853.00  -854.00  -855.00  -856.00  -857.00  -858.00  -859.00  -860.00 
 -742.00  -741.00  -742.00  -743.00  -744.00  -745.00  -746.00  -747.00  -748.00  -749.00  -750.00  -751.00  -752.00  -753.00  -754.00  -755.00  -756.00  -757.00  -758.00  -759.00  -760.00  -761.00  -762.00  -763.00  -764.00  -765.00  -766.00  -767.00  -768.00  -769.00  -770.00  -771.00  -772.00  -773.00  -774.00  -775.00  -776.00  -777.00  -778.00  -779.00  -780.00  -781.00  -782.00  -783.00  -784.00  -785.00  -786.00  -787.00  -788.00  -789.00  -790.00  -791.00  -792.00  -793.00  -794.00  -795.00  -796.00  -797.00  -798.00  -799.00  -800.00  -801.00  -802.00  -803.00  -804.00  -805.00  -806.00  -807.00  -808.00  -809.00  -810.00  -811.00  -812.00  -813.00  -814.00  -815.00  -816.00  -817.00  -818.00  -819.00  -820.00  -821.00  -822.00  -823.00  -824.00  -825.00  -826.00  -827.00  -828.00  -829.00  -830.00  -831.00  -832.00  -833.00  -834.00  -835.00  -836.00  -837.00  -838.00  -839.00  -840.00  -841.00  -842.00  -843.00  -844.00  -845.00  -846.00  -847.00  -848.00  -849.00  -850.00  -851.00  -852.00  -853.00  -854.00  -855.00  -856.00  -857.00  -858.00  -859.00 
 -741.00  -740.00     0.00     0.00     0.00     0.00     0.00     0.00     0.00     0.00     0.00     0.00     0.00     0.00     0.00     0.00     0.00     0.00     0.00     0.00     0.00     0.00     0.00     0.00     0.00     0.00     0.00     0.00     0.00     0.00     0.00     0.00     0.00     0.00     0.00     0.00     0.00     0.00     0.00     0.00     0.00     0.00     0.00     0.00     0.00     0.00     0.00     0.00     0.00     0.00     0.00     0.00     0.00     0.00     0.00     0.00     0.00     0.00     0.00     0.00     0.00     0.00     0.00     0.00     0.00     0.00     0.00     0.00     0.00     0.00     0.00     0.00     0.00     0.00     0.00     0.00     0.00     0.00     0.00     0.00     0.00     0.00     0.00     0.00     0.00     0.00     0.00     0.00     0.00     0.00     0.00     0.00     0.00     0.00     0.00     0.00     0.00     0.00     0.00     0.00     0.00     0.00     0.00     0.00     0.00     0.00     0.00     0.00     0.00     0.00     0.00     0.00     0.00     0.00     0.00     0.00     0.00     0.00     0.00     0.00 
 -740.00  -739.00  -738.00  -737.00  -736.00  -735.00  -734.00  -733.00  -732.00  -731.00  -730.00  -729.00  -728.00  -727.00  -726.00  -725.00  -724.00  -723.00  -722.00  -721.00  -720.00  -719.00  -718.00  -717.00  -716.00  -715.00  -714.00  -713.00  -712.00  -711.00  -710.00  -709.00  -708.00  -707.00  -706.00  -705.00  -704.00  -703.00  -702.00  -701.00  -700.00  -699.00  -698.00  -697.00  -696.00  -695.00  -694.00  -693.00  -692.00  -691.00  -690.00  -689.00  -688.00  -687.00  -686.00  -685.00  -684.00  -683.00  -682.00  -681.00  -680.00  -679.00  -678.00  -677.00  -676.00  -675.00  -674.00  -673.00  -672.00  -671.00  -670.00  -669.00  -668.00  -667.00  -666.00  -665.00  -664.00  -663.00  -662.00  -661.00  -660.00  -659.00  -658.00  -657.00  -656.00  -655.00  -654.00  -653.00  -652.00  -651.00  -650.00  -649.00  -648.00  -647.00  -646.00  -645.00  -644.00  -643.00  -642.00  -641.00  -640.00  -639.00  -638.00  -637.00  -636.00  -635.00  -634.00  -633.00  -632.00  -631.00  -630.00  -629.00  -628.00  -627.00  -626.00  -625.00  -624.00  -623.00  -622.00  -623.00 
 -739.00  -738.00  -737.00  -736.00  -735.00  -734.00  -733.00  -732.00  -731.00  -730.00  -729.00  -728.00  -727.00  -726.00  -725.00  -724.00  -723.00  -722.00  -721.00  -720.00  -719.00  -718.00  -717.00  -716.00  -715.00  -714.00  -713.00  -712.00  -711.00  -710.00  -709.00  -708.00  -707.00  -706.00  -705.00  -704.00  -703.00  -702.00  -701.00  -700.00  -699.00  -698.00  -697.00  -696.00  -695.00  -694.00  -693.00  -692.00  -691.00  -690.00  -689.00  -688.00  -687.00  -686.00  -685.00  -684.00  -683.00  -682.00  -681.00  -680.00  -679.00  -678.00  -677.00  -676.00  -675.00  -674.00  -673.00  -672.00  -671.00  -670.00  -669.00  -668.00  -667.00  -666.00  -665.00  -664.00  -663.00  -662.00  -661.00  -660.00  -659.00  -658.00  -657.00  -656.00  -655.00  -654.00  -653.00  -652.00  -651.00  -650.00  -649.00  -648.00  -647.00  -646.00  -645.00  -644.00  -643.00  -642.00  -641.00  -640.00  -639.00  -638.00  -637.00  -636.00  -635.00  -634.00  -633.00  -632.00  -631.00  -630.00  -629.00  -628.00  -627.00  -626.00  -625.00  -624.00  -623.00  -622.00  -621.00  -622.00 
    0.00     0.00     0.00     0.00     0.00     0.00     0.00     0.00     0.00     0.00     0.00     0.00     0.00     0.00     0.00     0.00     0.00     0.00     0.00     0.00     0.00     0.00     0.00     0.00     0.00     0.00     0.00     0.00     0.00     0.00     0.00     0.00     0.00     0.00     0.00     0.00     0.00     0.00     0.00     0.00     0.00     0.00     0.00     0.00     0.00     0.00     0.00     0.00     0.00     0.00     0.00     0.00     0.00     0.00     0.00     0.00     0.00     0.00     0.00     0.00     0.00     0.00     0.00     0.00     0.00     0.00     0.00     0.00     0.00     0.00     0.00     0.00     0.00     0.00     0.00     0.00     0.00     0.00     0.00     0.00     0.00     0.00     0.00     0.00     0.00     0.00     0.00     0.00     0.00     0.00     0.00     0.00     0.00     0.00     0.00     0.00     0.00     0.00     0.00     0.00     0.00     0.00     0.00     0.00     0.00     0.00     0.00     0.00     0.00     0.00     0.00     0.00     0.00     0.00     0.00     0.00     0.00     0.00  -620.00  -621.00 
 -503.00  -502.00  -503.00  -504.00  -505.00  -506.00  -507.00  -508.00  -509.00  -510.00  -511.00  -512.00  -513.00  -514.00  -515.00  -516.00  -517.00  -518.00  -519.00  -520.00  -521.00  -522.00  -523.00  -524.00  -525.00  -526.00  -527.00  -528.00  -529.00  -530.00  -531.00  -532.00  -533.00  -534.00  -535.00  -536.00  -537.00  -538.00  -539.00  -540.00  -541.00  -542.00  -543.00  -544.00  -545.00  -546.00  -547.00  -548.00  -549.00  -550.00  -551.00  -552.00  -553.00  -554.00  -555.00  -556.00  -557.00  -558.00  -559.00  -560.00  -561.00  -562.00  -563.00  -564.00  -565.00  -566.00  -567.00  -568.00  -569.00  -570.00  -571.00  -572.00  -573.00  -574.00  -575.00  -576.00  -577.00  -578.00  -579.00  -580.00  -581.00  -582.00  -583.00  -584.00  -585.00  -586.00  -587.00  -588.00  -589.00  -590.00  -591.00  -592.00  -593.00  -594.00  -595.00  -596.00  -597.00  -598.00  -599.00  -600.00  -601.00  -602.00  -603.00  -604.00  -605.00  -606.00  -607.00  -608.00  -609.00  -610.00  -611.00  -612.00  -613.00  -614.00  -615.00  -616.00  -617.00  -618.00  -619.00  -620.00 
 -502.00  -501.00  -502.00  -503.00  -504.00  -505.00  -506.00  -507.00  -508.00  -509.00  -510.00  -511.00  -512.00  -513.00  -514.00  -515.00  -516.00  -517.00  -518.00  -519.00  -520.00  -521.00  -522.00  -523.00  -524.00  -525.00  -526.00  -527.00  -528.00  -529.00  -530.00  -531.00  -532.00  -533.00  -534.00  -535.00  -536.00  -537.00  -538.00  -539.00  -540.00  -541.00  -542.00  -543.00  -544.00  -545.00  -546.00  -547.00  -548.00  -549.00  -550.00  -551.00  -552.00  -553.00  -554.00  -555.00  -556.00  -557.00  -558.00  -559.00  -560.00  -561.00  -562.00  -563.00  -564.00  -565.00  -566.00  -567.00  -568.00  -569.00  -570.00  -571.00  -572.00  -573.00  -574.00  -575.00  -576.00  -577.00  -578.00  -579.00  -580.00  -581.00  -582.00  -583.00  -584.00  -585.00  -586.00  -587.00  -588.00  -589.00  -590.00  -591.00  -592.00  -593.00  -594.00  -595.00  -596.00  -597.00  -598.00  -599.00  -600.00  -601.00  -602.00  -603.00  -604.00  -605.00  -606.00  -607.00  -608.00  -609.00  -610.00  -611.00  -612.00  -613.00  -614.00  -615.00  -616.00  -617.00  -618.00  -619.00 
 -501.00  -500.00     0.00     0.00     0.00     0.00     0.00     0.00     0.00     0.00     0.00     0.00     0.00     0.00     0.00     0.00     0.00     0.00     0.00     0.00     0.00     0.00     0.00     0.00     0.00     0.00     0.00     0.00     0.00     0.00     0.00     0.00     0.00     0.00     0.00     0.00     0.00     0.00     0.00     0.00     0.00     0.00     0.00     0.00     0.00     0.00     0.00     0.00     0.00     0.00     0.00     0.00     0.00     0.00     0.00     0.00     0.00     0.00     0.00     0.00     0.00     0.00     0.00     0.00     0.00     0.00     0.00     0.00     0.00     0.00     0.00     0.00     0.00     0.00     0.00     0.00     0.00     0.00     0.00     0.00     0.00     0.00     0.00     0.00     0.00     0.00     0.00     0.00     0.00     0.00     0.00     0.00     0.00     0.00     0.00     0.00     0.00     0.00     0.00     0.00     0.00     0.00     0.00     0.00     0.00     0.00     0.00     0.00     0.00     0.00     0.00     0.00     0.00     0.00     0.00     0.00     0.00     0.00     0.00     0.00 
 -500.00  -499.00  -498.00  -497.00  -496.00  -495.00  -494.00  -493.00  -492.00  -491.00  -490.00  -489.00  -488.00  -487.00  -486.00  -485.00  -484.00  -483.00  -482.00  -481.00  -480.00  -479.00  -478.00  -477.00  -476.00  -475.00  -474.00  -473.00  -472.00  -471.00  -470.00  -469.00  -468.00  -467.00  -466.00  -465.00  -464.00  -463.00  -462.00  -461.00  -460.00  -459.00  -458.00  -457.00  -456.00  -455.00  -454.00  -453.00  -452.00  -451.00  -450.00  -449.00  -448.00  -447.00  -446.00  -445.00  -444.00  -443.00  -442.00  -441.00  -440.00  -439.00  -438.00  -437.00  -436.00  -435.00  -434.00  -433.00  -432.00  -431.00  -430.00  -429.00  -428.00  -427.00  -426.00  -425.00  -424.00  -423.00  -422.00  -421.00  -420.00  -419.00  -418.00  -417.00  -416.00  -415.00  -414.00  -413.00  -412.00  -411.00  -410.00  -409.00  -408.00  -407.00  -406.00  -405.00  -404.00  -403.00  -402.00  -401.00  -400.00  -399.00  -398.00  -397.00  -396.00  -395.00  -394.00  -393.00  -392.00  -391.00  -390.00  -389.00  -388.00  -387.00  -386.00  -385.00  -384.00  -383.00  -382.00  -383.00 
 -499.00  -498.00  -497.00  -496.00  -495.00  -494.00  -493.00  -492.00  -491.00  -490.00  -489.00  -488.00  -487.00  -486.00  -485.00  -484.00  -483.00  -482.00  -481.00  -480.00  -479.00  -478.00  -477.00  -476.00  -475.00  -474.00  -473.00  -472.00  -471.00  -470.00  -469.00  -468.00  -467.00  -466.00  -465.00  -464.00  -463.00  -462.00  -461.00  -460.00  -459.00  -458.00  -457.00  -456.00  -455.00  -454.00  -453.00  -452.00  -451.00  -450.00  -449.00  -448.00  -447.00  -446.00  -445.00  -444.00  -443.00  -442.00  -441.00  -440.00  -439.00  -438.00  -437.00  -436.00  -435.00  -434.00  -433.00  -432.00  -431.00  -430.00  -429.00  -428.00  -427.00  -426.00  -425.00  -424.00  -423.00  -422.00  -421.00  -420.00  -419.00  -418.00  -417.00  -416.00  -415.00  -414.00  -413.00  -412.00  -411.00  -410.00  -409.00  -408.00  -407.00  -406.00  -405.00  -404.00  -403.00  -402.00  -401.00  -400.00  -399.00  -398.00  -397.00  -396.00  -395.00  -394.00  -393.00  -392.00  -391.00  -390.00  -389.00  -388.00  -387.00  -386.00  -385.00  -384.00  -383.00  -382.00  -381.00  -382.00 
    0.00     0.00     0.00     0.00     0.00     0.00     0.00     0.00     0.00     0.00     0.00     0.00     0.00     0.00     0.00     0.00     0.00     0.00     0.00     0.00     0.00     0.00     0.00     0.00     0.00     0.00     0.00     0.00     0.00     0.00     0.00     0.00     0.00     0.00     0.00     0.00     0.00     0.00     0.00     0.00     0.00     0.00     0.00     0.00     0.00     0.00     0.00     0.00     0.00     0.00     0.00     0.00     0.00     0.00     0.00     0.00     0.00     0.00     0.00     0.00     0.00     0.00     0.00     0.00     0.00     0.00     0.00     0.00     0.00     0.00     0.00     0.00     0.00     0.00     0.00     0.00     0.00     0.00     0.00     0.00     0.00     0.00     0.00     0.00     0.00     0.00     0.00     0.00     0.00     0.00     0.00     0.00     0.00     0.00     0.00     0.00     0.00     0.00     0.00     0.00     0.00     0.00     0.00     0.00     0.00     0.00     0.00     0.00     0.00     0.00     0.00     0.00     0.00     0.00     0.00     0.00     0.00     0.00  -380.00  -381.00 
 -263.00  -262.00  -263.00  -264.00  -265.00  -266.00  -267.00  -268.00  -269.00  -270.00  -271.00  -272.00  -273.00  -274.00  -275.00  -276.00  -277.00  -278.00  -279.00  -280.00  -281.00  -282.00  -283.00  -284.00  -285.00  -286.00  -287.00  -288.00  -289.00  -290.00  -291.00  -292.00  -293.00  -294.00  -295.00  -296.00  -297.00  -298.00  -299.00  -300.00  -301.00  -302.00  -303.00  -304.00  -305.00  -306.00  -307.00  -308.00  -309.00  -310.00  -311.00  -312.00  -313.00  -314.00  -315.00  -316.00  -317.00  -318.00  -319.00  -320.00  -321.00  -322.00  -323.00  -324.00  -325.00  -326.00  -327.00  -328.00  -329.00  -330.00  -331.00  -332.00  -333.00  -334.00  -335.00  -336.00  -337.00  -338.00  -339.00  -340.00  -341.00  -342.00  -343.00  -344.00  -345.00  -346.00  -347.00  -348.00  -349.00  -350.00  -351.00  -352.00  -353.00  -354.00  -355.00  -356.00  -357.00  -358.00  -359.00  -360.00  -361.00  -362.00  -363.00  -364.00  -365.00  -366.00  -367.00  -368.00  -369.00  -370.00  -371.00  -372.00  -373.00  -374.00  -375.00  -376.00  -377.00  -378.00  -379.00  -380.00 
 -262.00  -261.00  -262.00  -263.00  -264.00  -265.00  -266.00  -267.00  -268.00  -269.00  -270.00  -271.00  -272.00  -273.00  -274.00  -275.00  -276.00  -277.00  -278.00  -279.00  -280.00  -281.00  -282.00  -283.00  -284.00  -285.00  -286.00  -287.00  -288.00  -289.00  -290.00  -291.00  -292.00  -293.00  -294.00  -295.00  -296.00  -297.00  -298.00  -299.00  -300.00  -301.00  -302.00  -303.00  -304.00  -305.00  -306.00  -307.00  -308.00  -309.00  -310.00  -311.00  -312.00  -313.00  -314.00  -315.00  -316.00  -317.00  -318.00  -319.00  -320.00  -321.00  -322.00  -323.00  -324.00  -325.00  -326.00  -327.00  -328.00  -329.00  -330.00  -331.00  -332.00  -333.00  -334.00  -335.00  -336.00  -337.00  -338.00  -339.00  -340.00  -341.00  -342.00  -343.00  -344.00  -345.00  -346.00  -347.00  -348.00  -349.00  -350.00  -351.00  -352.00  -353.00  -354.00  -355.00  -356.00  -357.00  -358.00  -359.00  -360.00  -361.00  -362.00  -363.00  -364.00  -365.00  -366.00  -367.00  -368.00  -369.00  -370.00  -371.00  -372.00  -373.00  -374.00  -375.00  -376.00  -377.00  -378.00  -379.00 
 -261.00  -260.00     0.00     0.00     0.00     0.00     0.00     0.00     0.00     0.00     0.00     0.00     0.00     0.00     0.00     0.00     0.00     0.00     0.00     0.00     0.00     0.00     0.00     0.00     0.00     0.00     0.00     0.00     0.00     0.00     0.00     0.00     0.00     0.00     0.00     0.00     0.00     0.00     0.00     0.00     0.00     0.00     0.00     0.00     0.00     0.00     0.00     0.00     0.00     0.00     0.00     0.00     0.00     0.00     0.00     0.00     0.00     0.00     0.00     0.00     0.00     0.00     0.00     0.00     0.00     0.00     0.00     0.00     0.00     0.00     0.00     0.00     0.00     0.00     0.00     0.00     0.00     0.00     0.00     0.00     0.00     0.00     0.00     0.00     0.00     0.00     0.00     0.00     0.00     0.00     0.00     0.00     0.00     0.00     0.00     0.00     0.00     0.00     0.00     0.00     0.00     0.00     0.00     0.00     0.00     0.00     0.00     0.00     0.00     0.00     0.00     0.00     0.00     0.00     0.00     0.00     0.00     0.00     0.00     0.00 
 -260.00  -259.00  -258.00  -257.00  -256.00  -255.00  -254.00  -253.00  -252.00  -251.00  -250.00  -249.00  -248.00  -247.00  -246.00  -245.00  -244.00  -243.00  -242.00  -241.00  -240.00  -239.00  -238.00  -237.00  -236.00  -235.00  -234.00  -233.00  -232.00  -231.00  -230.00  -229.00  -228.00  -227.00  -226.00  -225.00  -224.00  -223.00  -222.00  -221.00  -220.00  -219.00  -218.00  -217.00  -216.00  -215.00  -214.00  -213.00  -212.00  -211.00  -210.00  -209.00  -208.00  -207.00  -206.00  -205.00  -204.00  -203.00  -202.00  -201.00  -200.00  -199.00  -198.00  -197.00  -196.00  -195.00  -194.00  -193.00  -192.00  -191.00  -190.00  -189.00  -188.00  -187.00  -186.00  -185.00  -184.00  -183.00  -182.00  -181.00  -180.00  -179.00  -178.00  -177.00  -176.00  -175.00  -174.00  -173.00  -172.00  -171.00  -170.00  -169.00  -168.00  -167.00  -166.00  -165.00  -164.00  -163.00  -162.00  -161.00  -160.00  -159.00  -158.00  -157.00  -156.00  -155.00  -154.00  -153.00  -152.00  -151.00  -150.00  -149.00  -148.00  -147.00  -146.00  -145.00  -144.00  -143.00  -142.00  -143.00 
 -259.00  -258.00  -257.00  -256.00  -255.00  -254.00  -253.00  -252.00  -251.00  -250.00  -249.00  -248.00  -247.00  -246.00  -245.00  -244.00  -243.00  -242.00  -241.00  -240.00  -239.00  -238.00  -237.00  -236.00  -235.00  -234.00  -233.00  -232.00  -231.00  -230.00  -229.00  -228.00  -227.00  -226.00  -225.00  -224.00  -223.00  -222.00  -221.00  -220.00  -219.00  -218.00  -217.00  -216.00  -215.00  -214.00  -213.00  -212.00  -211.00  -210.00  -209.00  -208.00  -207.00  -206.00  -205.00  -204.00  -203.00  -202.00  -201.00  -200.00  -199.00  -198.00  -197.00  -196.00  -195.00  -194.00  -193.00  -192.00  -191.00  -190.00  -189.00  -188.00  -187.00  -186.00  -185.00  -184.00  -183.00  -182.00  -181.00  -180.00  -179.00  -178.00  -177.00  -176.00  -175.00  -174.00  -173.00  -172.00  -171.00  -170.00  -169.00  -168.00  -167.00  -166.00  -165.00  -164.00  -163.00  -162.00  -161.00  -160.00  -159.00  -158.00  -157.00  -156.00  -155.00  -154.00  -153.00  -152.00  -151.00  -150.00  -149.00  -148.00  -147.00  -146.00  -145.00  -144.00  -143.00  -142.00  -141.00  -142.00 
    0.00     0.00     0.00     0.00     0.00     0.00     0.00     0.00     0.00     0.00     0.00     0.00     0.00     0.00     0.00     0.00     0.00     0.00     0.00     0.00     0.00     0.00     0.00     0.00     0.00     0.00     0.00     0.00     0.00     0.00     0.00     0.00     0.00     0.00     0.00     0.00     0.00     0.00     0.00     0.00     0.00     0.00     0.00     0.00     0.00     0.00     0.00     0.00     0.00     0.00     0.00     0.00     0.00     0.00     0.00     0.00     0.00     0.00     0.00     0.00     0.00     0.00     0.00     0.00     0.00     0.00     0.00     0.00     0.00     0.00     0.00     0.00     0.00     0.00     0.00     0.00     0.00     0.00     0.00     0.00     0.00     0.00     0.00     0.00     0.00     0.00     0.00     0.00     0.00     0.00     0.00     0.00     0.00     0.00     0.00     0.00     0.00     0.00     0.00     0.00     0.00     0.00     0.00     0.00     0.00     0.00     0.00     0.00     0.00     0.00     0.00     0.00     0.00     0.00     0.00     0.00     0.00     0.00  -140.00  -141.00 
  -23.00   -22.00   -23.00   -24.00   -25.00   -26.00   -27.00   -28.00   -29.00   -30.00   -31.00   -32.00   -33.00   -34.00   -35.00   -36.00   -37.00   -38.00   -39.00   -40.00   -41.00   -42.00   -43.00   -44.00   -45.00   -46.00   -47.00   -48.00   -49.00   -50.00   -51.00   -52.00   -53.00   -54.00   -55.00   -56.00   -57.00   -58.00   -59.00   -60.00   -61.00   -62.00   -63.00   -64.00   -65.00   -66.00   -67.00   -68.00   -69.00   -70.00   -71.00   -72.00   -73.00   -74.00   -75.00   -76.00   -77.00   -78.00   -79.00   -80.00   -81.00   -82.00   -83.00   -84.00   -85.00   -86.00   -87.00   -88.00   -89.00   -90.00   -91.00   -92.00   -93.00   -94.00   -95.00   -96.00   -97.00   -98.00   -99.00  -100.00  -101.00  -102.00  -103.00  -104.00  -105.00  -106.00  -107.00  -108.00  -109.00  -110.00  -111.00  -112.00  -113.00  -114.00  -115.00  -116.00  -117.00  -118.00  -119.00  -120.00  -121.00  -122.00  -123.00  -124.00  -125.00  -126.00  -127.00  -128.00  -129.00  -130.00  -131.00  -132.00  -133.00  -134.00  -135.00  -136.00  -137.00  -138.00  -139.00  -140.00 
  -22.00   -21.00   -22.00   -23.00   -24.00   -25.00   -26.00   -27.00   -28.00   -29.00   -30.00   -31.00   -32.00   -33.00   -34.00   -35.00   -36.00   -37.00   -38.00   -39.00   -40.00   -41.00   -42.00   -43.00   -44.00   -45.00   -46.00   -47.00   -48.00   -49.00   -50.00   -51.00   -52.00   -53.00   -54.00   -55.00   -56.00   -57.00   -58.00   -59.00   -60.00   -61.00   -62.00   -63.00   -64.00   -65.00   -66.00   -67.00   -68.00   -69.00   -70.00   -71.00   -72.00   -73.00   -74.00   -75.00   -76.00   -77.00   -78.00   -79.00   -80.00   -81.00   -82.00   -83.00   -84.00   -85.00   -86.00   -87.00   -88.00   -89.00   -90.00   -91.00   -92.00   -93.00   -94.00   -95.00   -96.00   -97.00   -98.00   -99.00  -100.00  -101.00  -102.00  -103.00  -104.00  -105.00  -106.00  -107.00  -108.00  -109.00  -110.00  -111.00  -112.00  -113.00  -114.00  -115.00  -116.00  -117.00  -118.00  -119.00  -120.00  -121.00  -122.00  -123.00  -124.00  -125.00  -126.00  -127.00  -128.00  -129.00  -130.00  -131.00  -132.00  -133.00  -134.00  -135.00  -136.00  -137.00  -138.00  -139.00 
  -21.00   -20.00     0.00     0.00     0.00     0.00     0.00     0.00     0.00     0.00     0.00     0.00     0.00     0.00     0.00     0.00     0.00     0.00     0.00     0.00     0.00     0.00     0.00     0.00     0.00     0.00     0.00     0.00     0.00     0.00     0.00     0.00     0.00     0.00     0.00     0.00     0.00     0.00     0.00     0.00     0.00     0.00     0.00     0.00     0.00     0.00     0.00     0.00     0.00     0.00     0.00     0.00     0.00     0.00     0.00     0.00     0.00     0.00     0.00     0.00     0.00     0.00     0.00     0.00     0.00     0.00     0.00     0.00     0.00     0.00     0.00     0.00     0.00     0.00     0.00     0.00     0.00     0.00     0.00     0.00     0.00     0.00     0.00     0.00     0.00     0.00     0.00     0.00     0.00     0.00     0.00     0.00     0.00     0.00     0.00     0.00     0.00     0.00     0.00     0.00     0.00     0.00     0.00     0.00     0.00     0.00     0.00     0.00     0.00     0.00     0.00     0.00     0.00     0.00     0.00     0.00     0.00     0.00     0.00     0.00 
  -20.00   -19.00   -18.00   -17.00   -16.00   -15.00   -14.00   -13.00   -12.00   -11.00   -10.00    -9.00    -8.00    -7.00    -6.00    -5.00    -4.00    -3.00    -2.00    -1.00     0.00     1.00     2.00     3.00     4.00     5.00     6.00     7.00     8.00     9.00    10.00    11.00    12.00    13.00    14.00    15.00    16.00    17.00    18.00    19.00    20.00    21.00    22.00    23.00    24.00    25.00    26.00    27.00    28.00    29.00    30.00    31.00    32.00    33.00    34.00    35.00    36.00    37.00    38.00    39.00    40.00    41.00    42.00    43.00    44.00    45.00    46.00    47.00    48.00    49.00    50.00    51.00    52.00    53.00    54.00    55.00    56.00    57.00    58.00    59.00    60.00    61.00    62.00    63.00    64.00    65.00    66.00    67.00    68.00    69.00    70.00    71.00    72.00    73.00    74.00    75.00    76.00    77.00    78.00    79.00    80.00    81.00    82.00    83.00    84.00    85.00    86.00    87.00    88.00    89.00    90.00    91.00    92.00    93.00    94.00    95.00    96.00    97.00    98.00    99.00 
  -19.00   -18.00   -17.00   -16.00   -15.00   -14.00   -13.00   -12.00   -11.00   -10.00    -9.00    -8.00    -7.00    -6.00    -5.00    -4.00    -3.00    -2.00    -1.00     0.00     1.00     2.00     3.00     4.00     5.00     6.00     7.00     8.00     9.00    10.00    11.00    12.00    13.00    14.00    15.00    16.00    17.00    18.00    19.00    20.00    21.00    22.00    23.00    24.00    25.00    26.00    27.00    28.00    29.00    30.00    31.00    32.00    33.00    34.00    35.00    36.00    37.00    38.00    39.00    40.00    41.00    42.00    43.00    44.00    45.00    46.00    47.00    48.00    49.00    50.00    51.00    52.00    53.00    54.00    55.00    56.00    57.00    58.00    59.00    60.00    61.00    62.00    63.00    64.00    65.00    66.00    67.00    68.00    69.00    70.00    71.00    72.00    73.00    74.00    75.00    76.00    77.00    78.00    79.00    80.00    81.00    82.00    83.00    84.00    85.00    86.00    87.00    88.00    89.00    90.00    91.00    92.00    93.00    94.00    95.00    96.00    97.00    98.00    99.00   100.00 
  -18.00   -17.00   -16.00   -15.00   -14.00   -13.00   -12.00   -11.00   -10.00    -9.00    -8.00    -7.00    -6.00    -5.00    -4.00    -3.00    -2.00    -1.00     0.00     1.00     2.00     3.00     4.00     5.00     6.00     7.00     8.00     9.00    10.00    11.00    12.00    13.00    14.00    15.00    16.00    17.00    18.00    19.00    20.00    21.00    22.00    23.00    24.00    25.00    26.00    27.00    28.00    29.00    30.00    31.00    32.00    33.00    34.00    35.00    36.00    37.00    38.00    39.00    40.00    41.00    42.00    43.00    44.00    45.00    46.00    47.00    48.00    49.00    50.00    51.00    52.00    53.00    54.00    55.00    56.00    57.00    58.00    59.00    60.00    61.00    62.00    63.00    64.00    65.00    66.00    67.00    68.00    69.00    70.00    71.00    72.00    73.00    74.00    75.00    76.00    77.00    78.00    79.00    80.00    81.00    82.00    83.00    84.00    85.00    86.00    87.00    88.00    89.00    90.00    91.00    92.00    93.00    94.00    95.00    96.00    97.00    98.00    99.00   100.00     0.00 

--- POLITICA OTTIMA pi* ---
  v    v    v    v    v    v    v    v    v    v    v    v    v    v    v    v    v    v    v    v    v    v    v    v    v    v    v    v    v    v    v    v    v    v    v    v    v    v    v    v    v    v    v    v    v    v    v    v    v    v    v    v    v    v    v    v    v    v    v    v    v    v    v    v    v    v    v    v    v    v    v    v    v    v    v    v    v    v    v    v    v    v    v    v    v    v    v    v    v    v    v    v    v    v    v    v    v    v    v    v    v    v    v    v    v    v    v    v    v    v    v    v    v    v    v    v    v    v    v    v  
  v    v    <    <    <    <    <    <    <    <    <    <    <    <    <    <    <    <    <    <    <    <    <    <    <    <    <    <    <    <    <    <    <    <    <    <    <    <    <    <    <    <    <    <    <    <    <    <    <    <    <    <    <    <    <    <    <    <    <    <    <    <    <    <    <    <    <    <    <    <    <    <    <    <    <    <    <    <    <    <    <    <    <    <    <    <    <    <    <    <    <    <    <    <    <    <    <    <    <    <    <    <    <    <    <    <    <    <    <    <    <    <    <    <    <    <    <    <    <    <  
  v    v    .    .    .    .    .    .    .    .    .    .    .    .    .    .    .    .    .    .    .    .    .    .    .    .    .    .    .    .    .    .    .    .    .    .    .    .    .    .    .    .    .    .    .    .    .    .    .    .    .    .    .    .    .    .    .    .    .    .    .    .    .    .    .    .    .    .    .    .    .    .    .    .    .    .    .    .    .    .    .    .    .    .    .    .    .    .    .    .    .    .    .    .    .    .    .    .    .    .    .    .    .    .    .    .    .    .    .    .    .    .    .    .    .    .    .    .    .    .  
  v    v    v    v    v    v    v    v    v    v    v    v    v    v    v    v    v    v    v    v    v    v    v    v    v    v    v    v    v    v    v    v    v    v    v    v    v    v    v    v    v    v    v    v    v    v    v    v    v    v    v    v    v    v    v    v    v    v    v    v    v    v    v    v    v    v    v    v    v    v    v    v    v    v    v    v    v    v    v    v    v    v    v    v    v    v    v    v    v    v    v    v    v    v    v    v    v    v    v    v    v    v    v    v    v    v    v    v    v    v    v    v    v    v    v    v    v    v    v    v  
  >    >    >    >    >    >    >    >    >    >    >    >    >    >    >    >    >    >    >    >    >    >    >    >    >    >    >    >    >    >    >    >    >    >    >    >    >    >    >    >    >    >    >    >    >    >    >    >    >    >    >    >    >    >    >    >    >    >    >    >    >    >    >    >    >    >    >    >    >    >    >    >    >    >    >    >    >    >    >    >    >    >    >    >    >    >    >    >    >    >    >    >    >    >    >    >    >    >    >    >    >    >    >    >    >    >    >    >    >    >    >    >    >    >    >    >    >    >    v    v  
  .    .    .    .    .    .    .    .    .    .    .    .    .    .    .    .    .    .    .    .    .    .    .    .    .    .    .    .    .    .    .    .    .    .    .    .    .    .    .    .    .    .    .    .    .    .    .    .    .    .    .    .    .    .    .    .    .    .    .    .    .    .    .    .    .    .    .    .    .    .    .    .    .    .    .    .    .    .    .    .    .    .    .    .    .    .    .    .    .    .    .    .    .    .    .    .    .    .    .    .    .    .    .    .    .    .    .    .    .    .    .    .    .    .    .    .    .    .    v    v  
  v    v    v    v    v    v    v    v    v    v    v    v    v    v    v    v    v    v    v    v    v    v    v    v    v    v    v    v    v    v    v    v    v    v    v    v    v    v    v    v    v    v    v    v    v    v    v    v    v    v    v    v    v    v    v    v    v    v    v    v    v    v    v    v    v    v    v    v    v    v    v    v    v    v    v    v    v    v    v    v    v    v    v    v    v    v    v    v    v    v    v    v    v    v    v    v    v    v    v    v    v    v    v    v    v    v    v    v    v    v    v    v    v    v    v    v    v    v    v    v  
  v    v    <    <    <    <    <    <    <    <    <    <    <    <    <    <    <    <    <    <    <    <    <    <    <    <    <    <    <    <    <    <    <    <    <    <    <    <    <    <    <    <    <    <    <    <    <    <    <    <    <    <    <    <    <    <    <    <    <    <    <    <    <    <    <    <    <    <    <    <    <    <    <    <    <    <    <    <    <    <    <    <    <    <    <    <    <    <    <    <    <    <    <    <    <    <    <    <    <    <    <    <    <    <    <    <    <    <    <    <    <    <    <    <    <    <    <    <    <    <  
  v    v    .    .    .    .    .    .    .    .    .    .    .    .    .    .    .    .    .    .    .    .    .    .    .    .    .    .    .    .    .    .    .    .    .    .    .    .    .    .    .    .    .    .    .    .    .    .    .    .    .    .    .    .    .    .    .    .    .    .    .    .    .    .    .    .    .    .    .    .    .    .    .    .    .    .    .    .    .    .    .    .    .    .    .    .    .    .    .    .    .    .    .    .    .    .    .    .    .    .    .    .    .    .    .    .    .    .    .    .    .    .    .    .    .    .    .    .    .    .  
  v    v    v    v    v    v    v    v    v    v    v    v    v    v    v    v    v    v    v    v    v    v    v    v    v    v    v    v    v    v    v    v    v    v    v    v    v    v    v    v    v    v    v    v    v    v    v    v    v    v    v    v    v    v    v    v    v    v    v    v    v    v    v    v    v    v    v    v    v    v    v    v    v    v    v    v    v    v    v    v    v    v    v    v    v    v    v    v    v    v    v    v    v    v    v    v    v    v    v    v    v    v    v    v    v    v    v    v    v    v    v    v    v    v    v    v    v    v    v    v  
  >    >    >    >    >    >    >    >    >    >    >    >    >    >    >    >    >    >    >    >    >    >    >    >    >    >    >    >    >    >    >    >    >    >    >    >    >    >    >    >    >    >    >    >    >    >    >    >    >    >    >    >    >    >    >    >    >    >    >    >    >    >    >    >    >    >    >    >    >    >    >    >    >    >    >    >    >    >    >    >    >    >    >    >    >    >    >    >    >    >    >    >    >    >    >    >    >    >    >    >    >    >    >    >    >    >    >    >    >    >    >    >    >    >    >    >    >    >    v    v  
  .    .    .    .    .    .    .    .    .    .    .    .    .    .    .    .    .    .    .    .    .    .    .    .    .    .    .    .    .    .    .    .    .    .    .    .    .    .    .    .    .    .    .    .    .    .    .    .    .    .    .    .    .    .    .    .    .    .    .    .    .    .    .    .    .    .    .    .    .    .    .    .    .    .    .    .    .    .    .    .    .    .    .    .    .    .    .    .    .    .    .    .    .    .    .    .    .    .    .    .    .    .    .    .    .    .    .    .    .    .    .    .    .    .    .    .    .    .    v    v  
  v    v    v    v    v    v    v    v    v    v    v    v    v    v    v    v    v    v    v    v    v    v    v    v    v    v    v    v    v    v    v    v    v    v    v    v    v    v    v    v    v    v    v    v    v    v    v    v    v    v    v    v    v    v    v    v    v    v    v    v    v    v    v    v    v    v    v    v    v    v    v    v    v    v    v    v    v    v    v    v    v    v    v    v    v    v    v    v    v    v    v    v    v    v    v    v    v    v    v    v    v    v    v    v    v    v    v    v    v    v    v    v    v    v    v    v    v    v    v    v  
  v    v    <    <    <    <    <    <    <    <    <    <    <    <    <    <    <    <    <    <    <    <    <    <    <    <    <    <    <    <    <    <    <    <    <    <    <    <    <    <    <    <    <    <    <    <    <    <    <    <    <    <    <    <    <    <    <    <    <    <    <    <    <    <    <    <    <    <    <    <    <    <    <    <    <    <    <    <    <    <    <    <    <    <    <    <    <    <    <    <    <    <    <    <    <    <    <    <    <    <    <    <    <    <    <    <    <    <    <    <    <    <    <    <    <    <    <    <    <    <  
  v    v    .    .    .    .    .    .    .    .    .    .    .    .    .    .    .    .    .    .    .    .    .    .    .    .    .    .    .    .    .    .    .    .    .    .    .    .    .    .    .    .    .    .    .    .    .    .    .    .    .    .    .    .    .    .    .    .    .    .    .    .    .    .    .    .    .    .    .    .    .    .    .    .    .    .    .    .    .    .    .    .    .    .    .    .    .    .    .    .    .    .    .    .    .    .    .    .    .    .    .    .    .    .    .    .    .    .    .    .    .    .    .    .    .    .    .    .    .    .  
  v    v    v    v    v    v    v    v    v    v    v    v    v    v    v    v    v    v    v    v    v    v    v    v    v    v    v    v    v    v    v    v    v    v    v    v    v    v    v    v    v    v    v    v    v    v    v    v    v    v    v    v    v    v    v    v    v    v    v    v    v    v    v    v    v    v    v    v    v    v    v    v    v    v    v    v    v    v    v    v    v    v    v    v    v    v    v    v    v    v    v    v    v    v    v    v    v    v    v    v    v    v    v    v    v    v    v    v    v    v    v    v    v    v    v    v    v    v    v    v  
  >    >    >    >    >    >    >    >    >    >    >    >    >    >    >    >    >    >    >    >    >    >    >    >    >    >    >    >    >    >    >    >    >    >    >    >    >    >    >    >    >    >    >    >    >    >    >    >    >    >    >    >    >    >    >    >    >    >    >    >    >    >    >    >    >    >    >    >    >    >    >    >    >    >    >    >    >    >    >    >    >    >    >    >    >    >    >    >    >    >    >    >    >    >    >    >    >    >    >    >    >    >    >    >    >    >    >    >    >    >    >    >    >    >    >    >    >    >    v    v  
  .    .    .    .    .    .    .    .    .    .    .    .    .    .    .    .    .    .    .    .    .    .    .    .    .    .    .    .    .    .    .    .    .    .    .    .    .    .    .    .    .    .    .    .    .    .    .    .    .    .    .    .    .    .    .    .    .    .    .    .    .    .    .    .    .    .    .    .    .    .    .    .    .    .    .    .    .    .    .    .    .    .    .    .    .    .    .    .    .    .    .    .    .    .    .    .    .    .    .    .    .    .    .    .    .    .    .    .    .    .    .    .    .    .    .    .    .    .    v    v  
  v    v    v    v    v    v    v    v    v    v    v    v    v    v    v    v    v    v    v    v    v    v    v    v    v    v    v    v    v    v    v    v    v    v    v    v    v    v    v    v    v    v    v    v    v    v    v    v    v    v    v    v    v    v    v    v    v    v    v    v    v    v    v    v    v    v    v    v    v    v    v    v    v    v    v    v    v    v    v    v    v    v    v    v    v    v    v    v    v    v    v    v    v    v    v    v    v    v    v    v    v    v    v    v    v    v    v    v    v    v    v    v    v    v    v    v    v    v    v    v  
  v    v    <    <    <    <    <    <    <    <    <    <    <    <    <    <    <    <    <    <    <    <    <    <    <    <    <    <    <    <    <    <    <    <    <    <    <    <    <    <    <    <    <    <    <    <    <    <    <    <    <    <    <    <    <    <    <    <    <    <    <    <    <    <    <    <    <    <    <    <    <    <    <    <    <    <    <    <    <    <    <    <    <    <    <    <    <    <    <    <    <    <    <    <    <    <    <    <    <    <    <    <    <    <    <    <    <    <    <    <    <    <    <    <    <    <    <    <    <    <  
  v    v    .    .    .    .    .    .    .    .    .    .    .    .    .    .    .    .    .    .    .    .    .    .    .    .    .    .    .    .    .    .    .    .    .    .    .    .    .    .    .    .    .    .    .    .    .    .    .    .    .    .    .    .    .    .    .    .    .    .    .    .    .    .    .    .    .    .    .    .    .    .    .    .    .    .    .    .    .    .    .    .    .    .    .    .    .    .    .    .    .    .    .    .    .    .    .    .    .    .    .    .    .    .    .    .    .    .    .    .    .    .    .    .    .    .    .    .    .    .  
  v    v    v    v    v    v    v    v    v    v    v    v    v    v    v    v    v    v    v    v    v    v    v    v    v    v    v    v    v    v    v    v    v    v    v    v    v    v    v    v    v    v    v    v    v    v    v    v    v    v    v    v    v    v    v    v    v    v    v    v    v    v    v    v    v    v    v    v    v    v    v    v    v    v    v    v    v    v    v    v    v    v    v    v    v    v    v    v    v    v    v    v    v    v    v    v    v    v    v    v    v    v    v    v    v    v    v    v    v    v    v    v    v    v    v    v    v    v    v    v  
  >    >    >    >    >    >    >    >    >    >    >    >    >    >    >    >    >    >    >    >    >    >    >    >    >    >    >    >    >    >    >    >    >    >    >    >    >    >    >    >    >    >    >    >    >    >    >    >    >    >    >    >    >    >    >    >    >    >    >    >    >    >    >    >    >    >    >    >    >    >    >    >    >    >    >    >    >    >    >    >    >    >    >    >    >    >    >    >    >    >    >    >    >    >    >    >    >    >    >    >    >    >    >    >    >    >    >    >    >    >    >    >    >    >    >    >    >    >    v    v  
  .    .    .    .    .    .    .    .    .    .    .    .    .    .    .    .    .    .    .    .    .    .    .    .    .    .    .    .    .    .    .    .    .    .    .    .    .    .    .    .    .    .    .    .    .    .    .    .    .    .    .    .    .    .    .    .    .    .    .    .    .    .    .    .    .    .    .    .    .    .    .    .    .    .    .    .    .    .    .    .    .    .    .    .    .    .    .    .    .    .    .    .    .    .    .    .    .    .    .    .    .    .    .    .    .    .    .    .    .    .    .    .    .    .    .    .    .    .    v    v  
  v    v    v    v    v    v    v    v    v    v    v    v    v    v    v    v    v    v    v    v    v    v    v    v    v    v    v    v    v    v    v    v    v    v    v    v    v    v    v    v    v    v    v    v    v    v    v    v    v    v    v    v    v    v    v    v    v    v    v    v    v    v    v    v    v    v    v    v    v    v    v    v    v    v    v    v    v    v    v    v    v    v    v    v    v    v    v    v    v    v    v    v    v    v    v    v    v    v    v    v    v    v    v    v    v    v    v    v    v    v    v    v    v    v    v    v    v    v    v    v  
  v    v    <    <    <    <    <    <    <    <    <    <    <    <    <    <    <    <    <    <    <    <    <    <    <    <    <    <    <    <    <    <    <    <    <    <    <    <    <    <    <    <    <    <    <    <    <    <    <    <    <    <    <    <    <    <    <    <    <    <    <    <    <    <    <    <    <    <    <    <    <    <    <    <    <    <    <    <    <    <    <    <    <    <    <    <    <    <    <    <    <    <    <    <    <    <    <    <    <    <    <    <    <    <    <    <    <    <    <    <    <    <    <    <    <    <    <    <    <    <  
  v    v    .    .    .    .    .    .    .    .    .    .    .    .    .    .    .    .    .    .    .    .    .    .    .    .    .    .    .    .    .    .    .    .    .    .    .    .    .    .    .    .    .    .    .    .    .    .    .    .    .    .    .    .    .    .    .    .    .    .    .    .    .    .    .    .    .    .    .    .    .    .    .    .    .    .    .    .    .    .    .    .    .    .    .    .    .    .    .    .    .    .    .    .    .    .    .    .    .    .    .    .    .    .    .    .    .    .    .    .    .    .    .    .    .    .    .    .    .    .  
  v    v    v    v    v    v    v    v    v    v    v    v    v    v    v    v    v    v    v    v    v    v    v    v    v    v    v    v    v    v    v    v    v    v    v    v    v    v    v    v    v    v    v    v    v    v    v    v    v    v    v    v    v    v    v    v    v    v    v    v    v    v    v    v    v    v    v    v    v    v    v    v    v    v    v    v    v    v    v    v    v    v    v    v    v    v    v    v    v    v    v    v    v    v    v    v    v    v    v    v    v    v    v    v    v    v    v    v    v    v    v    v    v    v    v    v    v    v    v    v  
  >    >    >    >    >    >    >    >    >    >    >    >    >    >    >    >    >    >    >    >    >    >    >    >    >    >    >    >    >    >    >    >    >    >    >    >    >    >    >    >    >    >    >    >    >    >    >    >    >    >    >    >    >    >    >    >    >    >    >    >    >    >    >    >    >    >    >    >    >    >    >    >    >    >    >    >    >    >    >    >    >    >    >    >    >    >    >    >    >    >    >    >    >    >    >    >    >    >    >    >    >    >    >    >    >    >    >    >    >    >    >    >    >    >    >    >    >    >    v    v  
  .    .    .    .    .    .    .    .    .    .    .    .    .    .    .    .    .    .    .    .    .    .    .    .    .    .    .    .    .    .    .    .    .    .    .    .    .    .    .    .    .    .    .    .    .    .    .    .    .    .    .    .    .    .    .    .    .    .    .    .    .    .    .    .    .    .    .    .    .    .    .    .    .    .    .    .    .    .    .    .    .    .    .    .    .    .    .    .    .    .    .    .    .    .    .    .    .    .    .    .    .    .    .    .    .    .    .    .    .    .    .    .    .    .    .    .    .    .    v    v  
  v    v    v    v    v    v    v    v    v    v    v    v    v    v    v    v    v    v    v    v    v    v    v    v    v    v    v    v    v    v    v    v    v    v    v    v    v    v    v    v    v    v    v    v    v    v    v    v    v    v    v    v    v    v    v    v    v    v    v    v    v    v    v    v    v    v    v    v    v    v    v    v    v    v    v    v    v    v    v    v    v    v    v    v    v    v    v    v    v    v    v    v    v    v    v    v    v    v    v    v    v    v    v    v    v    v    v    v    v    v    v    v    v    v    v    v    v    v    v    v  
  v    v    <    <    <    <    <    <    <    <    <    <    <    <    <    <    <    <    <    <    <    <    <    <    <    <    <    <    <    <    <    <    <    <    <    <    <    <    <    <    <    <    <    <    <    <    <    <    <    <    <    <    <    <    <    <    <    <    <    <    <    <    <    <    <    <    <    <    <    <    <    <    <    <    <    <    <    <    <    <    <    <    <    <    <    <    <    <    <    <    <    <    <    <    <    <    <    <    <    <    <    <    <    <    <    <    <    <    <    <    <    <    <    <    <    <    <    <    <    <  
  v    v    .    .    .    .    .    .    .    .    .    .    .    .    .    .    .    .    .    .    .    .    .    .    .    .    .    .    .    .    .    .    .    .    .    .    .    .    .    .    .    .    .    .    .    .    .    .    .    .    .    .    .    .    .    .    .    .    .    .    .    .    .    .    .    .    .    .    .    .    .    .    .    .    .    .    .    .    .    .    .    .    .    .    .    .    .    .    .    .    .    .    .    .    .    .    .    .    .    .    .    .    .    .    .    .    .    .    .    .    .    .    .    .    .    .    .    .    .    .  
  v    v    v    v    v    v    v    v    v    v    v    v    v    v    v    v    v    v    v    v    v    v    v    v    v    v    v    v    v    v    v    v    v    v    v    v    v    v    v    v    v    v    v    v    v    v    v    v    v    v    v    v    v    v    v    v    v    v    v    v    v    v    v    v    v    v    v    v    v    v    v    v    v    v    v    v    v    v    v    v    v    v    v    v    v    v    v    v    v    v    v    v    v    v    v    v    v    v    v    v    v    v    v    v    v    v    v    v    v    v    v    v    v    v    v    v    v    v    v    v  
  >    >    >    >    >    >    >    >    >    >    >    >    >    >    >    >    >    >    >    >    >    >    >    >    >    >    >    >    >    >    >    >    >    >    >    >    >    >    >    >    >    >    >    >    >    >    >    >    >    >    >    >    >    >    >    >    >    >    >    >    >    >    >    >    >    >    >    >    >    >    >    >    >    >    >    >    >    >    >    >    >    >    >    >    >    >    >    >    >    >    >    >    >    >    >    >    >    >    >    >    >    >    >    >    >    >    >    >    >    >    >    >    >    >    >    >    >    >    v    v  
  .    .    .    .    .    .    .    .    .    .    .    .    .    .    .    .    .    .    .    .    .    .    .    .    .    .    .    .    .    .    .    .    .    .    .    .    .    .    .    .    .    .    .    .    .    .    .    .    .    .    .    .    .    .    .    .    .    .    .    .    .    .    .    .    .    .    .    .    .    .    .    .    .    .    .    .    .    .    .    .    .    .    .    .    .    .    .    .    .    .    .    .    .    .    .    .    .    .    .    .    .    .    .    .    .    .    .    .    .    .    .    .    .    .    .    .    .    .    v    v  
  v    v    v    v    v    v    v    v    v    v    v    v    v    v    v    v    v    v    v    v    v    v    v    v    v    v    v    v    v    v    v    v    v    v    v    v    v    v    v    v    v    v    v    v    v    v    v    v    v    v    v    v    v    v    v    v    v    v    v    v    v    v    v    v    v    v    v    v    v    v    v    v    v    v    v    v    v    v    v    v    v    v    v    v    v    v    v    v    v    v    v    v    v    v    v    v    v    v    v    v    v    v    v    v    v    v    v    v    v    v    v    v    v    v    v    v    v    v    v    v  
  v    v    <    <    <    <    <    <    <    <    <    <    <    <    <    <    <    <    <    <    <    <    <    <    <    <    <    <    <    <    <    <    <    <    <    <    <    <    <    <    <    <    <    <    <    <    <    <    <    <    <    <    <    <    <    <    <    <    <    <    <    <    <    <    <    <    <    <    <    <    <    <    <    <    <    <    <    <    <    <    <    <    <    <    <    <    <    <    <    <    <    <    <    <    <    <    <    <    <    <    <    <    <    <    <    <    <    <    <    <    <    <    <    <    <    <    <    <    <    <  
  v    v    .    .    .    .    .    .    .    .    .    .    .    .    .    .    .    .    .    .    .    .    .    .    .    .    .    .    .    .    .    .    .    .    .    .    .    .    .    .    .    .    .    .    .    .    .    .    .    .    .    .    .    .    .    .    .    .    .    .    .    .    .    .    .    .    .    .    .    .    .    .    .    .    .    .    .    .    .    .    .    .    .    .    .    .    .    .    .    .    .    .    .    .    .    .    .    .    .    .    .    .    .    .    .    .    .    .    .    .    .    .    .    .    .    .    .    .    .    .  
  v    v    v    v    v    v    v    v    v    v    v    v    v    v    v    v    v    v    v    v    v    v    v    v    v    v    v    v    v    v    v    v    v    v    v    v    v    v    v    v    v    v    v    v    v    v    v    v    v    v    v    v    v    v    v    v    v    v    v    v    v    v    v    v    v    v    v    v    v    v    v    v    v    v    v    v    v    v    v    v    v    v    v    v    v    v    v    v    v    v    v    v    v    v    v    v    v    v    v    v    v    v    v    v    v    v    v    v    v    v    v    v    v    v    v    v    v    v    v    v  
  >    >    >    >    >    >    >    >    >    >    >    >    >    >    >    >    >    >    >    >    >    >    >    >    >    >    >    >    >    >    >    >    >    >    >    >    >    >    >    >    >    >    >    >    >    >    >    >    >    >    >    >    >    >    >    >    >    >    >    >    >    >    >    >    >    >    >    >    >    >    >    >    >    >    >    >    >    >    >    >    >    >    >    >    >    >    >    >    >    >    >    >    >    >    >    >    >    >    >    >    >    >    >    >    >    >    >    >    >    >    >    >    >    >    >    >    >    >    v    v  
  .    .    .    .    .    .    .    .    .    .    .    .    .    .    .    .    .    .    .    .    .    .    .    .    .    .    .    .    .    .    .    .    .    .    .    .    .    .    .    .    .    .    .    .    .    .    .    .    .    .    .    .    .    .    .    .    .    .    .    .    .    .    .    .    .    .    .    .    .    .    .    .    .    .    .    .    .    .    .    .    .    .    .    .    .    .    .    .    .    .    .    .    .    .    .    .    .    .    .    .    .    .    .    .    .    .    .    .    .    .    .    .    .    .    .    .    .    .    v    v  
  v    v    v    v    v    v    v    v    v    v    v    v    v    v    v    v    v    v    v    v    v    v    v    v    v    v    v    v    v    v    v    v    v    v    v    v    v    v    v    v    v    v    v    v    v    v    v    v    v    v    v    v    v    v    v    v    v    v    v    v    v    v    v    v    v    v    v    v    v    v    v    v    v    v    v    v    v    v    v    v    v    v    v    v    v    v    v    v    v    v    v    v    v    v    v    v    v    v    v    v    v    v    v    v    v    v    v    v    v    v    v    v    v    v    v    v    v    v    v    v  
  v    v    <    <    <    <    <    <    <    <    <    <    <    <    <    <    <    <    <    <    <    <    <    <    <    <    <    <    <    <    <    <    <    <    <    <    <    <    <    <    <    <    <    <    <    <    <    <    <    <    <    <    <    <    <    <    <    <    <    <    <    <    <    <    <    <    <    <    <    <    <    <    <    <    <    <    <    <    <    <    <    <    <    <    <    <    <    <    <    <    <    <    <    <    <    <    <    <    <    <    <    <    <    <    <    <    <    <    <    <    <    <    <    <    <    <    <    <    <    <  
  v    v    .    .    .    .    .    .    .    .    .    .    .    .    .    .    .    .    .    .    .    .    .    .    .    .    .    .    .    .    .    .    .    .    .    .    .    .    .    .    .    .    .    .    .    .    .    .    .    .    .    .    .    .    .    .    .    .    .    .    .    .    .    .    .    .    .    .    .    .    .    .    .    .    .    .    .    .    .    .    .    .    .    .    .    .    .    .    .    .    .    .    .    .    .    .    .    .    .    .    .    .    .    .    .    .    .    .    .    .    .    .    .    .    .    .    .    .    .    .  
  v    v    v    v    v    v    v    v    v    v    v    v    v    v    v    v    v    v    v    v    v    v    v    v    v    v    v    v    v    v    v    v    v    v    v    v    v    v    v    v    v    v    v    v    v    v    v    v    v    v    v    v    v    v    v    v    v    v    v    v    v    v    v    v    v    v    v    v    v    v    v    v    v    v    v    v    v    v    v    v    v    v    v    v    v    v    v    v    v    v    v    v    v    v    v    v    v    v    v    v    v    v    v    v    v    v    v    v    v    v    v    v    v    v    v    v    v    v    v    v  
  >    >    >    >    >    >    >    >    >    >    >    >    >    >    >    >    >    >    >    >    >    >    >    >    >    >    >    >    >    >    >    >    >    >    >    >    >    >    >    >    >    >    >    >    >    >    >    >    >    >    >    >    >    >    >    >    >    >    >    >    >    >    >    >    >    >    >    >    >    >    >    >    >    >    >    >    >    >    >    >    >    >    >    >    >    >    >    >    >    >    >    >    >    >    >    >    >    >    >    >    >    >    >    >    >    >    >    >    >    >    >    >    >    >    >    >    >    >    v    v  
  .    .    .    .    .    .    .    .    .    .    .    .    .    .    .    .    .    .    .    .    .    .    .    .    .    .    .    .    .    .    .    .    .    .    .    .    .    .    .    .    .    .    .    .    .    .    .    .    .    .    .    .    .    .    .    .    .    .    .    .    .    .    .    .    .    .    .    .    .    .    .    .    .    .    .    .    .    .    .    .    .    .    .    .    .    .    .    .    .    .    .    .    .    .    .    .    .    .    .    .    .    .    .    .    .    .    .    .    .    .    .    .    .    .    .    .    .    .    v    v  
  v    v    v    v    v    v    v    v    v    v    v    v    v    v    v    v    v    v    v    v    v    v    v    v    v    v    v    v    v    v    v    v    v    v    v    v    v    v    v    v    v    v    v    v    v    v    v    v    v    v    v    v    v    v    v    v    v    v    v    v    v    v    v    v    v    v    v    v    v    v    v    v    v    v    v    v    v    v    v    v    v    v    v    v    v    v    v    v    v    v    v    v    v    v    v    v    v    v    v    v    v    v    v    v    v    v    v    v    v    v    v    v    v    v    v    v    v    v    v    v  
  v    v    <    <    <    <    <    <    <    <    <    <    <    <    <    <    <    <    <    <    <    <    <    <    <    <    <    <    <    <    <    <    <    <    <    <    <    <    <    <    <    <    <    <    <    <    <    <    <    <    <    <    <    <    <    <    <    <    <    <    <    <    <    <    <    <    <    <    <    <    <    <    <    <    <    <    <    <    <    <    <    <    <    <    <    <    <    <    <    <    <    <    <    <    <    <    <    <    <    <    <    <    <    <    <    <    <    <    <    <    <    <    <    <    <    <    <    <    <    <  
  v    v    .    .    .    .    .    .    .    .    .    .    .    .    .    .    .    .    .    .    .    .    .    .    .    .    .    .    .    .    .    .    .    .    .    .    .    .    .    .    .    .    .    .    .    .    .    .    .    .    .    .    .    .    .    .    .    .    .    .    .    .    .    .    .    .    .    .    .    .    .    .    .    .    .    .    .    .    .    .    .    .    .    .    .    .    .    .    .    .    .    .    .    .    .    .    .    .    .    .    .    .    .    .    .    .    .    .    .    .    .    .    .    .    .    .    .    .    .    .  
  v    v    v    v    v    v    v    v    v    v    v    v    v    v    v    v    v    v    v    v    v    v    v    v    v    v    v    v    v    v    v    v    v    v    v    v    v    v    v    v    v    v    v    v    v    v    v    v    v    v    v    v    v    v    v    v    v    v    v    v    v    v    v    v    v    v    v    v    v    v    v    v    v    v    v    v    v    v    v    v    v    v    v    v    v    v    v    v    v    v    v    v    v    v    v    v    v    v    v    v    v    v    v    v    v    v    v    v    v    v    v    v    v    v    v    v    v    v    v    v  
  >    >    >    >    >    >    >    >    >    >    >    >    >    >    >    >    >    >    >    >    >    >    >    >    >    >    >    >    >    >    >    >    >    >    >    >    >    >    >    >    >    >    >    >    >    >    >    >    >    >    >    >    >    >    >    >    >    >    >    >    >    >    >    >    >    >    >    >    >    >    >    >    >    >    >    >    >    >    >    >    >    >    >    >    >    >    >    >    >    >    >    >    >    >    >    >    >    >    >    >    >    >    >    >    >    >    >    >    >    >    >    >    >    >    >    >    >    >    v    v  
  .    .    .    .    .    .    .    .    .    .    .    .    .    .    .    .    .    .    .    .    .    .    .    .    .    .    .    .    .    .    .    .    .    .    .    .    .    .    .    .    .    .    .    .    .    .    .    .    .    .    .    .    .    .    .    .    .    .    .    .    .    .    .    .    .    .    .    .    .    .    .    .    .    .    .    .    .    .    .    .    .    .    .    .    .    .    .    .    .    .    .    .    .    .    .    .    .    .    .    .    .    .    .    .    .    .    .    .    .    .    .    .    .    .    .    .    .    .    v    v  
  v    v    v    v    v    v    v    v    v    v    v    v    v    v    v    v    v    v    v    v    v    v    v    v    v    v    v    v    v    v    v    v    v    v    v    v    v    v    v    v    v    v    v    v    v    v    v    v    v    v    v    v    v    v    v    v    v    v    v    v    v    v    v    v    v    v    v    v    v    v    v    v    v    v    v    v    v    v    v    v    v    v    v    v    v    v    v    v    v    v    v    v    v    v    v    v    v    v    v    v    v    v    v    v    v    v    v    v    v    v    v    v    v    v    v    v    v    v    v    v  
  v    v    <    <    <    <    <    <    <    <    <    <    <    <    <    <    <    <    <    <    <    <    <    <    <    <    <    <    <    <    <    <    <    <    <    <    <    <    <    <    <    <    <    <    <    <    <    <    <    <    <    <    <    <    <    <    <    <    <    <    <    <    <    <    <    <    <    <    <    <    <    <    <    <    <    <    <    <    <    <    <    <    <    <    <    <    <    <    <    <    <    <    <    <    <    <    <    <    <    <    <    <    <    <    <    <    <    <    <    <    <    <    <    <    <    <    <    <    <    <  
  v    v    .    .    .    .    .    .    .    .    .    .    .    .    .    .    .    .    .    .    .    .    .    .    .    .    .    .    .    .    .    .    .    .    .    .    .    .    .    .    .    .    .    .    .    .    .    .    .    .    .    .    .    .    .    .    .    .    .    .    .    .    .    .    .    .    .    .    .    .    .    .    .    .    .    .    .    .    .    .    .    .    .    .    .    .    .    .    .    .    .    .    .    .    .    .    .    .    .    .    .    .    .    .    .    .    .    .    .    .    .    .    .    .    .    .    .    .    .    .  
  v    v    v    v    v    v    v    v    v    v    v    v    v    v    v    v    v    v    v    v    v    v    v    v    v    v    v    v    v    v    v    v    v    v    v    v    v    v    v    v    v    v    v    v    v    v    v    v    v    v    v    v    v    v    v    v    v    v    v    v    v    v    v    v    v    v    v    v    v    v    v    v    v    v    v    v    v    v    v    v    v    v    v    v    v    v    v    v    v    v    v    v    v    v    v    v    v    v    v    v    v    v    v    v    v    v    v    v    v    v    v    v    v    v    v    v    v    v    v    v  
  >    >    >    >    >    >    >    >    >    >    >    >    >    >    >    >    >    >    >    >    >    >    >    >    >    >    >    >    >    >    >    >    >    >    >    >    >    >    >    >    >    >    >    >    >    >    >    >    >    >    >    >    >    >    >    >    >    >    >    >    >    >    >    >    >    >    >    >    >    >    >    >    >    >    >    >    >    >    >    >    >    >    >    >    >    >    >    >    >    >    >    >    >    >    >    >    >    >    >    >    >    >    >    >    >    >    >    >    >    >    >    >    >    >    >    >    >    >    v    v  
  .    .    .    .    .    .    .    .    .    .    .    .    .    .    .    .    .    .    .    .    .    .    .    .    .    .    .    .    .    .    .    .    .    .    .    .    .    .    .    .    .    .    .    .    .    .    .    .    .    .    .    .    .    .    .    .    .    .    .    .    .    .    .    .    .    .    .    .    .    .    .    .    .    .    .    .    .    .    .    .    .    .    .    .    .    .    .    .    .    .    .    .    .    .    .    .    .    .    .    .    .    .    .    .    .    .    .    .    .    .    .    .    .    .    .    .    .    .    v    v  
  v    v    v    v    v    v    v    v    v    v    v    v    v    v    v    v    v    v    v    v    v    v    v    v    v    v    v    v    v    v    v    v    v    v    v    v    v    v    v    v    v    v    v    v    v    v    v    v    v    v    v    v    v    v    v    v    v    v    v    v    v    v    v    v    v    v    v    v    v    v    v    v    v    v    v    v    v    v    v    v    v    v    v    v    v    v    v    v    v    v    v    v    v    v    v    v    v    v    v    v    v    v    v    v    v    v    v    v    v    v    v    v    v    v    v    v    v    v    v    v  
  v    v    <    <    <    <    <    <    <    <    <    <    <    <    <    <    <    <    <    <    <    <    <    <    <    <    <    <    <    <    <    <    <    <    <    <    <    <    <    <    <    <    <    <    <    <    <    <    <    <    <    <    <    <    <    <    <    <    <    <    <    <    <    <    <    <    <    <    <    <    <    <    <    <    <    <    <    <    <    <    <    <    <    <    <    <    <    <    <    <    <    <    <    <    <    <    <    <    <    <    <    <    <    <    <    <    <    <    <    <    <    <    <    <    <    <    <    <    <    <  
  v    v    .    .    .    .    .    .    .    .    .    .    .    .    .    .    .    .    .    .    .    .    .    .    .    .    .    .    .    .    .    .    .    .    .    .    .    .    .    .    .    .    .    .    .    .    .    .    .    .    .    .    .    .    .    .    .    .    .    .    .    .    .    .    .    .    .    .    .    .    .    .    .    .    .    .    .    .    .    .    .    .    .    .    .    .    .    .    .    .    .    .    .    .    .    .    .    .    .    .    .    .    .    .    .    .    .    .    .    .    .    .    .    .    .    .    .    .    .    .  
  v    v    v    v    v    v    v    v    v    v    v    v    v    v    v    v    v    v    v    v    v    v    v    v    v    v    v    v    v    v    v    v    v    v    v    v    v    v    v    v    v    v    v    v    v    v    v    v    v    v    v    v    v    v    v    v    v    v    v    v    v    v    v    v    v    v    v    v    v    v    v    v    v    v    v    v    v    v    v    v    v    v    v    v    v    v    v    v    v    v    v    v    v    v    v    v    v    v    v    v    v    v    v    v    v    v    v    v    v    v    v    v    v    v    v    v    v    v    v    v  
  >    >    >    >    >    >    >    >    >    >    >    >    >    >    >    >    >    >    >    >    >    >    >    >    >    >    >    >    >    >    >    >    >    >    >    >    >    >    >    >    >    >    >    >    >    >    >    >    >    >    >    >    >    >    >    >    >    >    >    >    >    >    >    >    >    >    >    >    >    >    >    >    >    >    >    >    >    >    >    >    >    >    >    >    >    >    >    >    >    >    >    >    >    >    >    >    >    >    >    >    >    >    >    >    >    >    >    >    >    >    >    >    >    >    >    >    >    >    v    v  
  .    .    .    .    .    .    .    .    .    .    .    .    .    .    .    .    .    .    .    .    .    .    .    .    .    .    .    .    .    .    .    .    .    .    .    .    .    .    .    .    .    .    .    .    .    .    .    .    .    .    .    .    .    .    .    .    .    .    .    .    .    .    .    .    .    .    .    .    .    .    .    .    .    .    .    .    .    .    .    .    .    .    .    .    .    .    .    .    .    .    .    .    .    .    .    .    .    .    .    .    .    .    .    .    .    .    .    .    .    .    .    .    .    .    .    .    .    .    v    v  
  v    v    v    v    v    v    v    v    v    v    v    v    v    v    v    v    v    v    v    v    v    v    v    v    v    v    v    v    v    v    v    v    v    v    v    v    v    v    v    v    v    v    v    v    v    v    v    v    v    v    v    v    v    v    v    v    v    v    v    v    v    v    v    v    v    v    v    v    v    v    v    v    v    v    v    v    v    v    v    v    v    v    v    v    v    v    v    v    v    v    v    v    v    v    v    v    v    v    v    v    v    v    v    v    v    v    v    v    v    v    v    v    v    v    v    v    v    v    v    v  
  v    v    <    <    <    <    <    <    <    <    <    <    <    <    <    <    <    <    <    <    <    <    <    <    <    <    <    <    <    <    <    <    <    <    <    <    <    <    <    <    <    <    <    <    <    <    <    <    <    <    <    <    <    <    <    <    <    <    <    <    <    <    <    <    <    <    <    <    <    <    <    <    <    <    <    <    <    <    <    <    <    <    <    <    <    <    <    <    <    <    <    <    <    <    <    <    <    <    <    <    <    <    <    <    <    <    <    <    <    <    <    <    <    <    <    <    <    <    <    <  
  v    v    .    .    .    .    .    .    .    .    .    .    .    .    .    .    .    .    .    .    .    .    .    .    .    .    .    .    .    .    .    .    .    .    .    .    .    .    .    .    .    .    .    .    .    .    .    .    .    .    .    .    .    .    .    .    .    .    .    .    .    .    .    .    .    .    .    .    .    .    .    .    .    .    .    .    .    .    .    .    .    .    .    .    .    .    .    .    .    .    .    .    .    .    .    .    .    .    .    .    .    .    .    .    .    .    .    .    .    .    .    .    .    .    .    .    .    .    .    .  
  v    v    v    v    v    v    v    v    v    v    v    v    v    v    v    v    v    v    v    v    v    v    v    v    v    v    v    v    v    v    v    v    v    v    v    v    v    v    v    v    v    v    v    v    v    v    v    v    v    v    v    v    v    v    v    v    v    v    v    v    v    v    v    v    v    v    v    v    v    v    v    v    v    v    v    v    v    v    v    v    v    v    v    v    v    v    v    v    v    v    v    v    v    v    v    v    v    v    v    v    v    v    v    v    v    v    v    v    v    v    v    v    v    v    v    v    v    v    v    v  
  >    >    >    >    >    >    >    >    >    >    >    >    >    >    >    >    >    >    >    >    >    >    >    >    >    >    >    >    >    >    >    >    >    >    >    >    >    >    >    >    >    >    >    >    >    >    >    >    >    >    >    >    >    >    >    >    >    >    >    >    >    >    >    >    >    >    >    >    >    >    >    >    >    >    >    >    >    >    >    >    >    >    >    >    >    >    >    >    >    >    >    >    >    >    >    >    >    >    >    >    >    >    >    >    >    >    >    >    >    >    >    >    >    >    >    >    >    >    v    v  
  .    .    .    .    .    .    .    .    .    .    .    .    .    .    .    .    .    .    .    .    .    .    .    .    .    .    .    .    .    .    .    .    .    .    .    .    .    .    .    .    .    .    .    .    .    .    .    .    .    .    .    .    .    .    .    .    .    .    .    .    .    .    .    .    .    .    .    .    .    .    .    .    .    .    .    .    .    .    .    .    .    .    .    .    .    .    .    .    .    .    .    .    .    .    .    .    .    .    .    .    .    .    .    .    .    .    .    .    .    .    .    .    .    .    .    .    .    .    v    v  
  v    v    v    v    v    v    v    v    v    v    v    v    v    v    v    v    v    v    v    v    v    v    v    v    v    v    v    v    v    v    v    v    v    v    v    v    v    v    v    v    v    v    v    v    v    v    v    v    v    v    v    v    v    v    v    v    v    v    v    v    v    v    v    v    v    v    v    v    v    v    v    v    v    v    v    v    v    v    v    v    v    v    v    v    v    v    v    v    v    v    v    v    v    v    v    v    v    v    v    v    v    v    v    v    v    v    v    v    v    v    v    v    v    v    v    v    v    v    v    v  
  v    v    <    <    <    <    <    <    <    <    <    <    <    <    <    <    <    <    <    <    <    <    <    <    <    <    <    <    <    <    <    <    <    <    <    <    <    <    <    <    <    <    <    <    <    <    <    <    <    <    <    <    <    <    <    <    <    <    <    <    <    <    <    <    <    <    <    <    <    <    <    <    <    <    <    <    <    <    <    <    <    <    <    <    <    <    <    <    <    <    <    <    <    <    <    <    <    <    <    <    <    <    <    <    <    <    <    <    <    <    <    <    <    <    <    <    <    <    <    <  
  v    v    .    .    .    .    .    .    .    .    .    .    .    .    .    .    .    .    .    .    .    .    .    .    .    .    .    .    .    .    .    .    .    .    .    .    .    .    .    .    .    .    .    .    .    .    .    .    .    .    .    .    .    .    .    .    .    .    .    .    .    .    .    .    .    .    .    .    .    .    .    .    .    .    .    .    .    .    .    .    .    .    .    .    .    .    .    .    .    .    .    .    .    .    .    .    .    .    .    .    .    .    .    .    .    .    .    .    .    .    .    .    .    .    .    .    .    .    .    .  
  v    v    v    v    v    v    v    v    v    v    v    v    v    v    v    v    v    v    v    v    v    v    v    v    v    v    v    v    v    v    v    v    v    v    v    v    v    v    v    v    v    v    v    v    v    v    v    v    v    v    v    v    v    v    v    v    v    v    v    v    v    v    v    v    v    v    v    v    v    v    v    v    v    v    v    v    v    v    v    v    v    v    v    v    v    v    v    v    v    v    v    v    v    v    v    v    v    v    v    v    v    v    v    v    v    v    v    v    v    v    v    v    v    v    v    v    v    v    v    v  
  >    >    >    >    >    >    >    >    >    >    >    >    >    >    >    >    >    >    >    >    >    >    >    >    >    >    >    >    >    >    >    >    >    >    >    >    >    >    >    >    >    >    >    >    >    >    >    >    >    >    >    >    >    >    >    >    >    >    >    >    >    >    >    >    >    >    >    >    >    >    >    >    >    >    >    >    >    >    >    >    >    >    >    >    >    >    >    >    >    >    >    >    >    >    >    >    >    >    >    >    >    >    >    >    >    >    >    >    >    >    >    >    >    >    >    >    >    >    v    v  
  .    .    .    .    .    .    .    .    .    .    .    .    .    .    .    .    .    .    .    .    .    .    .    .    .    .    .    .    .    .    .    .    .    .    .    .    .    .    .    .    .    .    .    .    .    .    .    .    .    .    .    .    .    .    .    .    .    .    .    .    .    .    .    .    .    .    .    .    .    .    .    .    .    .    .    .    .    .    .    .    .    .    .    .    .    .    .    .    .    .    .    .    .    .    .    .    .    .    .    .    .    .    .    .    .    .    .    .    .    .    .    .    .    .    .    .    .    .    v    v  
  v    v    v    v    v    v    v    v    v    v    v    v    v    v    v    v    v    v    v    v    v    v    v    v    v    v    v    v    v    v    v    v    v    v    v    v    v    v    v    v    v    v    v    v    v    v    v    v    v    v    v    v    v    v    v    v    v    v    v    v    v    v    v    v    v    v    v    v    v    v    v    v    v    v    v    v    v    v    v    v    v    v    v    v    v    v    v    v    v    v    v    v    v    v    v    v    v    v    v    v    v    v    v    v    v    v    v    v    v    v    v    v    v    v    v    v    v    v    v    v  
  v    v    <    <    <    <    <    <    <    <    <    <    <    <    <    <    <    <    <    <    <    <    <    <    <    <    <    <    <    <    <    <    <    <    <    <    <    <    <    <    <    <    <    <    <    <    <    <    <    <    <    <    <    <    <    <    <    <    <    <    <    <    <    <    <    <    <    <    <    <    <    <    <    <    <    <    <    <    <    <    <    <    <    <    <    <    <    <    <    <    <    <    <    <    <    <    <    <    <    <    <    <    <    <    <    <    <    <    <    <    <    <    <    <    <    <    <    <    <    <  
  v    v    .    .    .    .    .    .    .    .    .    .    .    .    .    .    .    .    .    .    .    .    .    .    .    .    .    .    .    .    .    .    .    .    .    .    .    .    .    .    .    .    .    .    .    .    .    .    .    .    .    .    .    .    .    .    .    .    .    .    .    .    .    .    .    .    .    .    .    .    .    .    .    .    .    .    .    .    .    .    .    .    .    .    .    .    .    .    .    .    .    .    .    .    .    .    .    .    .    .    .    .    .    .    .    .    .    .    .    .    .    .    .    .    .    .    .    .    .    .  
  v    v    v    v    v    v    v    v    v    v    v    v    v    v    v    v    v    v    v    v    v    v    v    v    v    v    v    v    v    v    v    v    v    v    v    v    v    v    v    v    v    v    v    v    v    v    v    v    v    v    v    v    v    v    v    v    v    v    v    v    v    v    v    v    v    v    v    v    v    v    v    v    v    v    v    v    v    v    v    v    v    v    v    v    v    v    v    v    v    v    v    v    v    v    v    v    v    v    v    v    v    v    v    v    v    v    v    v    v    v    v    v    v    v    v    v    v    v    v    v  
  >    >    >    >    >    >    >    >    >    >    >    >    >    >    >    >    >    >    >    >    >    >    >    >    >    >    >    >    >    >    >    >    >    >    >    >    >    >    >    >    >    >    >    >    >    >    >    >    >    >    >    >    >    >    >    >    >    >    >    >    >    >    >    >    >    >    >    >    >    >    >    >    >    >    >    >    >    >    >    >    >    >    >    >    >    >    >    >    >    >    >    >    >    >    >    >    >    >    >    >    >    >    >    >    >    >    >    >    >    >    >    >    >    >    >    >    >    >    v    v  
  .    .    .    .    .    .    .    .    .    .    .    .    .    .    .    .    .    .    .    .    .    .    .    .    .    .    .    .    .    .    .    .    .    .    .    .    .    .    .    .    .    .    .    .    .    .    .    .    .    .    .    .    .    .    .    .    .    .    .    .    .    .    .    .    .    .    .    .    .    .    .    .    .    .    .    .    .    .    .    .    .    .    .    .    .    .    .    .    .    .    .    .    .    .    .    .    .    .    .    .    .    .    .    .    .    .    .    .    .    .    .    .    .    .    .    .    .    .    v    v  
  v    v    v    v    v    v    v    v    v    v    v    v    v    v    v    v    v    v    v    v    v    v    v    v    v    v    v    v    v    v    v    v    v    v    v    v    v    v    v    v    v    v    v    v    v    v    v    v    v    v    v    v    v    v    v    v    v    v    v    v    v    v    v    v    v    v    v    v    v    v    v    v    v    v    v    v    v    v    v    v    v    v    v    v    v    v    v    v    v    v    v    v    v    v    v    v    v    v    v    v    v    v    v    v    v    v    v    v    v    v    v    v    v    v    v    v    v    v    v    v  
  v    v    <    <    <    <    <    <    <    <    <    <    <    <    <    <    <    <    <    <    <    <    <    <    <    <    <    <    <    <    <    <    <    <    <    <    <    <    <    <    <    <    <    <    <    <    <    <    <    <    <    <    <    <    <    <    <    <    <    <    <    <    <    <    <    <    <    <    <    <    <    <    <    <    <    <    <    <    <    <    <    <    <    <    <    <    <    <    <    <    <    <    <    <    <    <    <    <    <    <    <    <    <    <    <    <    <    <    <    <    <    <    <    <    <    <    <    <    <    <  
  v    v    .    .    .    .    .    .    .    .    .    .    .    .    .    .    .    .    .    .    .    .    .    .    .    .    .    .    .    .    .    .    .    .    .    .    .    .    .    .    .    .    .    .    .    .    .    .    .    .    .    .    .    .    .    .    .    .    .    .    .    .    .    .    .    .    .    .    .    .    .    .    .    .    .    .    .    .    .    .    .    .    .    .    .    .    .    .    .    .    .    .    .    .    .    .    .    .    .    .    .    .    .    .    .    .    .    .    .    .    .    .    .    .    .    .    .    .    .    .  
  v    v    v    v    v    v    v    v    v    v    v    v    v    v    v    v    v    v    v    v    v    v    v    v    v    v    v    v    v    v    v    v    v    v    v    v    v    v    v    v    v    v    v    v    v    v    v    v    v    v    v    v    v    v    v    v    v    v    v    v    v    v    v    v    v    v    v    v    v    v    v    v    v    v    v    v    v    v    v    v    v    v    v    v    v    v    v    v    v    v    v    v    v    v    v    v    v    v    v    v    v    v    v    v    v    v    v    v    v    v    v    v    v    v    v    v    v    v    v    v  
  >    >    >    >    >    >    >    >    >    >    >    >    >    >    >    >    >    >    >    >    >    >    >    >    >    >    >    >    >    >    >    >    >    >    >    >    >    >    >    >    >    >    >    >    >    >    >    >    >    >    >    >    >    >    >    >    >    >    >    >    >    >    >    >    >    >    >    >    >    >    >    >    >    >    >    >    >    >    >    >    >    >    >    >    >    >    >    >    >    >    >    >    >    >    >    >    >    >    >    >    >    >    >    >    >    >    >    >    >    >    >    >    >    >    >    >    >    >    v    v  
  .    .    .    .    .    .    .    .    .    .    .    .    .    .    .    .    .    .    .    .    .    .    .    .    .    .    .    .    .    .    .    .    .    .    .    .    .    .    .    .    .    .    .    .    .    .    .    .    .    .    .    .    .    .    .    .    .    .    .    .    .    .    .    .    .    .    .    .    .    .    .    .    .    .    .    .    .    .    .    .    .    .    .    .    .    .    .    .    .    .    .    .    .    .    .    .    .    .    .    .    .    .    .    .    .    .    .    .    .    .    .    .    .    .    .    .    .    .    v    v  
  v    v    v    v    v    v    v    v    v    v    v    v    v    v    v    v    v    v    v    v    v    v    v    v    v    v    v    v    v    v    v    v    v    v    v    v    v    v    v    v    v    v    v    v    v    v    v    v    v    v    v    v    v    v    v    v    v    v    v    v    v    v    v    v    v    v    v    v    v    v    v    v    v    v    v    v    v    v    v    v    v    v    v    v    v    v    v    v    v    v    v    v    v    v    v    v    v    v    v    v    v    v    v    v    v    v    v    v    v    v    v    v    v    v    v    v    v    v    v    v  
  v    v    <    <    <    <    <    <    <    <    <    <    <    <    <    <    <    <    <    <    <    <    <    <    <    <    <    <    <    <    <    <    <    <    <    <    <    <    <    <    <    <    <    <    <    <    <    <    <    <    <    <    <    <    <    <    <    <    <    <    <    <    <    <    <    <    <    <    <    <    <    <    <    <    <    <    <    <    <    <    <    <    <    <    <    <    <    <    <    <    <    <    <    <    <    <    <    <    <    <    <    <    <    <    <    <    <    <    <    <    <    <    <    <    <    <    <    <    <    <  
  v    v    .    .    .    .    .    .    .    .    .    .    .    .    .    .    .    .    .    .    .    .    .    .    .    .    .    .    .    .    .    .    .    .    .    .    .    .    .    .    .    .    .    .    .    .    .    .    .    .    .    .    .    .    .    .    .    .    .    .    .    .    .    .    .    .    .    .    .    .    .    .    .    .    .    .    .    .    .    .    .    .    .    .    .    .    .    .    .    .    .    .    .    .    .    .    .    .    .    .    .    .    .    .    .    .    .    .    .    .    .    .    .    .    .    .    .    .    .    .  
  v    v    v    v    v    v    v    v    v    v    v    v    v    v    v    v    v    v    v    v    v    v    v    v    v    v    v    v    v    v    v    v    v    v    v    v    v    v    v    v    v    v    v    v    v    v    v    v    v    v    v    v    v    v    v    v    v    v    v    v    v    v    v    v    v    v    v    v    v    v    v    v    v    v    v    v    v    v    v    v    v    v    v    v    v    v    v    v    v    v    v    v    v    v    v    v    v    v    v    v    v    v    v    v    v    v    v    v    v    v    v    v    v    v    v    v    v    v    v    v  
  >    >    >    >    >    >    >    >    >    >    >    >    >    >    >    >    >    >    >    >    >    >    >    >    >    >    >    >    >    >    >    >    >    >    >    >    >    >    >    >    >    >    >    >    >    >    >    >    >    >    >    >    >    >    >    >    >    >    >    >    >    >    >    >    >    >    >    >    >    >    >    >    >    >    >    >    >    >    >    >    >    >    >    >    >    >    >    >    >    >    >    >    >    >    >    >    >    >    >    >    >    >    >    >    >    >    >    >    >    >    >    >    >    >    >    >    >    >    v    v  
  .    .    .    .    .    .    .    .    .    .    .    .    .    .    .    .    .    .    .    .    .    .    .    .    .    .    .    .    .    .    .    .    .    .    .    .    .    .    .    .    .    .    .    .    .    .    .    .    .    .    .    .    .    .    .    .    .    .    .    .    .    .    .    .    .    .    .    .    .    .    .    .    .    .    .    .    .    .    .    .    .    .    .    .    .    .    .    .    .    .    .    .    .    .    .    .    .    .    .    .    .    .    .    .    .    .    .    .    .    .    .    .    .    .    .    .    .    .    v    v  
  v    v    v    v    v    v    v    v    v    v    v    v    v    v    v    v    v    v    v    v    v    v    v    v    v    v    v    v    v    v    v    v    v    v    v    v    v    v    v    v    v    v    v    v    v    v    v    v    v    v    v    v    v    v    v    v    v    v    v    v    v    v    v    v    v    v    v    v    v    v    v    v    v    v    v    v    v    v    v    v    v    v    v    v    v    v    v    v    v    v    v    v    v    v    v    v    v    v    v    v    v    v    v    v    v    v    v    v    v    v    v    v    v    v    v    v    v    v    v    v  
  v    v    <    <    <    <    <    <    <    <    <    <    <    <    <    <    <    <    <    <    <    <    <    <    <    <    <    <    <    <    <    <    <    <    <    <    <    <    <    <    <    <    <    <    <    <    <    <    <    <    <    <    <    <    <    <    <    <    <    <    <    <    <    <    <    <    <    <    <    <    <    <    <    <    <    <    <    <    <    <    <    <    <    <    <    <    <    <    <    <    <    <    <    <    <    <    <    <    <    <    <    <    <    <    <    <    <    <    <    <    <    <    <    <    <    <    <    <    <    <  
  v    v    .    .    .    .    .    .    .    .    .    .    .    .    .    .    .    .    .    .    .    .    .    .    .    .    .    .    .    .    .    .    .    .    .    .    .    .    .    .    .    .    .    .    .    .    .    .    .    .    .    .    .    .    .    .    .    .    .    .    .    .    .    .    .    .    .    .    .    .    .    .    .    .    .    .    .    .    .    .    .    .    .    .    .    .    .    .    .    .    .    .    .    .    .    .    .    .    .    .    .    .    .    .    .    .    .    .    .    .    .    .    .    .    .    .    .    .    .    .  
  v    v    v    v    v    v    v    v    v    v    v    v    v    v    v    v    v    v    v    v    v    v    v    v    v    v    v    v    v    v    v    v    v    v    v    v    v    v    v    v    v    v    v    v    v    v    v    v    v    v    v    v    v    v    v    v    v    v    v    v    v    v    v    v    v    v    v    v    v    v    v    v    v    v    v    v    v    v    v    v    v    v    v    v    v    v    v    v    v    v    v    v    v    v    v    v    v    v    v    v    v    v    v    v    v    v    v    v    v    v    v    v    v    v    v    v    v    v    v    v  
  >    >    >    >    >    >    >    >    >    >    >    >    >    >    >    >    >    >    >    >    >    >    >    >    >    >    >    >    >    >    >    >    >    >    >    >    >    >    >    >    >    >    >    >    >    >    >    >    >    >    >    >    >    >    >    >    >    >    >    >    >    >    >    >    >    >    >    >    >    >    >    >    >    >    >    >    >    >    >    >    >    >    >    >    >    >    >    >    >    >    >    >    >    >    >    >    >    >    >    >    >    >    >    >    >    >    >    >    >    >    >    >    >    >    >    >    >    >    v    v  
  .    .    .    .    .    .    .    .    .    .    .    .    .    .    .    .    .    .    .    .    .    .    .    .    .    .    .    .    .    .    .    .    .    .    .    .    .    .    .    .    .    .    .    .    .    .    .    .    .    .    .    .    .    .    .    .    .    .    .    .    .    .    .    .    .    .    .    .    .    .    .    .    .    .    .    .    .    .    .    .    .    .    .    .    .    .    .    .    .    .    .    .    .    .    .    .    .    .    .    .    .    .    .    .    .    .    .    .    .    .    .    .    .    .    .    .    .    .    v    v  
  v    v    v    v    v    v    v    v    v    v    v    v    v    v    v    v    v    v    v    v    v    v    v    v    v    v    v    v    v    v    v    v    v    v    v    v    v    v    v    v    v    v    v    v    v    v    v    v    v    v    v    v    v    v    v    v    v    v    v    v    v    v    v    v    v    v    v    v    v    v    v    v    v    v    v    v    v    v    v    v    v    v    v    v    v    v    v    v    v    v    v    v    v    v    v    v    v    v    v    v    v    v    v    v    v    v    v    v    v    v    v    v    v    v    v    v    v    v    v    v  
  v    v    <    <    <    <    <    <    <    <    <    <    <    <    <    <    <    <    <    <    <    <    <    <    <    <    <    <    <    <    <    <    <    <    <    <    <    <    <    <    <    <    <    <    <    <    <    <    <    <    <    <    <    <    <    <    <    <    <    <    <    <    <    <    <    <    <    <    <    <    <    <    <    <    <    <    <    <    <    <    <    <    <    <    <    <    <    <    <    <    <    <    <    <    <    <    <    <    <    <    <    <    <    <    <    <    <    <    <    <    <    <    <    <    <    <    <    <    <    <  
  v    v    .    .    .    .    .    .    .    .    .    .    .    .    .    .    .    .    .    .    .    .    .    .    .    .    .    .    .    .    .    .    .    .    .    .    .    .    .    .    .    .    .    .    .    .    .    .    .    .    .    .    .    .    .    .    .    .    .    .    .    .    .    .    .    .    .    .    .    .    .    .    .    .    .    .    .    .    .    .    .    .    .    .    .    .    .    .    .    .    .    .    .    .    .    .    .    .    .    .    .    .    .    .    .    .    .    .    .    .    .    .    .    .    .    .    .    .    .    .  
  v    v    v    v    v    v    v    v    v    v    v    v    v    v    v    v    v    v    v    v    v    v    v    v    v    v    v    v    v    v    v    v    v    v    v    v    v    v    v    v    v    v    v    v    v    v    v    v    v    v    v    v    v    v    v    v    v    v    v    v    v    v    v    v    v    v    v    v    v    v    v    v    v    v    v    v    v    v    v    v    v    v    v    v    v    v    v    v    v    v    v    v    v    v    v    v    v    v    v    v    v    v    v    v    v    v    v    v    v    v    v    v    v    v    v    v    v    v    v    v  
  >    >    >    >    >    >    >    >    >    >    >    >    >    >    >    >    >    >    >    >    >    >    >    >    >    >    >    >    >    >    >    >    >    >    >    >    >    >    >    >    >    >    >    >    >    >    >    >    >    >    >    >    >    >    >    >    >    >    >    >    >    >    >    >    >    >    >    >    >    >    >    >    >    >    >    >    >    >    >    >    >    >    >    >    >    >    >    >    >    >    >    >    >    >    >    >    >    >    >    >    >    >    >    >    >    >    >    >    >    >    >    >    >    >    >    >    >    >    v    v  
  .    .    .    .    .    .    .    .    .    .    .    .    .    .    .    .    .    .    .    .    .    .    .    .    .    .    .    .    .    .    .    .    .    .    .    .    .    .    .    .    .    .    .    .    .    .    .    .    .    .    .    .    .    .    .    .    .    .    .    .    .    .    .    .    .    .    .    .    .    .    .    .    .    .    .    .    .    .    .    .    .    .    .    .    .    .    .    .    .    .    .    .    .    .    .    .    .    .    .    .    .    .    .    .    .    .    .    .    .    .    .    .    .    .    .    .    .    .    v    v  
  v    v    v    v    v    v    v    v    v    v    v    v    v    v    v    v    v    v    v    v    v    v    v    v    v    v    v    v    v    v    v    v    v    v    v    v    v    v    v    v    v    v    v    v    v    v    v    v    v    v    v    v    v    v    v    v    v    v    v    v    v    v    v    v    v    v    v    v    v    v    v    v    v    v    v    v    v    v    v    v    v    v    v    v    v    v    v    v    v    v    v    v    v    v    v    v    v    v    v    v    v    v    v    v    v    v    v    v    v    v    v    v    v    v    v    v    v    v    v    v  
  v    v    <    <    <    <    <    <    <    <    <    <    <    <    <    <    <    <    <    <    <    <    <    <    <    <    <    <    <    <    <    <    <    <    <    <    <    <    <    <    <    <    <    <    <    <    <    <    <    <    <    <    <    <    <    <    <    <    <    <    <    <    <    <    <    <    <    <    <    <    <    <    <    <    <    <    <    <    <    <    <    <    <    <    <    <    <    <    <    <    <    <    <    <    <    <    <    <    <    <    <    <    <    <    <    <    <    <    <    <    <    <    <    <    <    <    <    <    <    <  
  v    v    .    .    .    .    .    .    .    .    .    .    .    .    .    .    .    .    .    .    .    .    .    .    .    .    .    .    .    .    .    .    .    .    .    .    .    .    .    .    .    .    .    .    .    .    .    .    .    .    .    .    .    .    .    .    .    .    .    .    .    .    .    .    .    .    .    .    .    .    .    .    .    .    .    .    .    .    .    .    .    .    .    .    .    .    .    .    .    .    .    .    .    .    .    .    .    .    .    .    .    .    .    .    .    .    .    .    .    .    .    .    .    .    .    .    .    .    .    .  
  v    v    v    v    v    v    v    v    v    v    v    v    v    v    v    v    v    v    v    v    v    v    v    v    v    v    v    v    v    v    v    v    v    v    v    v    v    v    v    v    v    v    v    v    v    v    v    v    v    v    v    v    v    v    v    v    v    v    v    v    v    v    v    v    v    v    v    v    v    v    v    v    v    v    v    v    v    v    v    v    v    v    v    v    v    v    v    v    v    v    v    v    v    v    v    v    v    v    v    v    v    v    v    v    v    v    v    v    v    v    v    v    v    v    v    v    v    v    v    v  
  >    >    >    >    >    >    >    >    >    >    >    >    >    >    >    >    >    >    >    >    >    >    >    >    >    >    >    >    >    >    >    >    >    >    >    >    >    >    >    >    >    >    >    >    >    >    >    >    >    >    >    >    >    >    >    >    >    >    >    >    >    >    >    >    >    >    >    >    >    >    >    >    >    >    >    >    >    >    >    >    >    >    >    >    >    >    >    >    >    >    >    >    >    >    >    >    >    >    >    >    >    >    >    >    >    >    >    >    >    >    >    >    >    >    >    >    >    >    v    v  
  .    .    .    .    .    .    .    .    .    .    .    .    .    .    .    .    .    .    .    .    .    .    .    .    .    .    .    .    .    .    .    .    .    .    .    .    .    .    .    .    .    .    .    .    .    .    .    .    .    .    .    .    .    .    .    .    .    .    .    .    .    .    .    .    .    .    .    .    .    .    .    .    .    .    .    .    .    .    .    .    .    .    .    .    .    .    .    .    .    .    .    .    .    .    .    .    .    .    .    .    .    .    .    .    .    .    .    .    .    .    .    .    .    .    .    .    .    .    v    v  
  v    v    v    v    v    v    v    v    v    v    v    v    v    v    v    v    v    v    v    v    v    v    v    v    v    v    v    v    v    v    v    v    v    v    v    v    v    v    v    v    v    v    v    v    v    v    v    v    v    v    v    v    v    v    v    v    v    v    v    v    v    v    v    v    v    v    v    v    v    v    v    v    v    v    v    v    v    v    v    v    v    v    v    v    v    v    v    v    v    v    v    v    v    v    v    v    v    v    v    v    v    v    v    v    v    v    v    v    v    v    v    v    v    v    v    v    v    v    v    v  
  v    v    <    <    <    <    <    <    <    <    <    <    <    <    <    <    <    <    <    <    <    <    <    <    <    <    <    <    <    <    <    <    <    <    <    <    <    <    <    <    <    <    <    <    <    <    <    <    <    <    <    <    <    <    <    <    <    <    <    <    <    <    <    <    <    <    <    <    <    <    <    <    <    <    <    <    <    <    <    <    <    <    <    <    <    <    <    <    <    <    <    <    <    <    <    <    <    <    <    <    <    <    <    <    <    <    <    <    <    <    <    <    <    <    <    <    <    <    <    <  
  v    v    .    .    .    .    .    .    .    .    .    .    .    .    .    .    .    .    .    .    .    .    .    .    .    .    .    .    .    .    .    .    .    .    .    .    .    .    .    .    .    .    .    .    .    .    .    .    .    .    .    .    .    .    .    .    .    .    .    .    .    .    .    .    .    .    .    .    .    .    .    .    .    .    .    .    .    .    .    .    .    .    .    .    .    .    .    .    .    .    .    .    .    .    .    .    .    .    .    .    .    .    .    .    .    .    .    .    .    .    .    .    .    .    .    .    .    .    .    .  
  v    v    v    v    v    v    v    v    v    v    v    v    v    v    v    v    v    v    v    v    v    v    v    v    v    v    v    v    v    v    v    v    v    v    v    v    v    v    v    v    v    v    v    v    v    v    v    v    v    v    v    v    v    v    v    v    v    v    v    v    v    v    v    v    v    v    v    v    v    v    v    v    v    v    v    v    v    v    v    v    v    v    v    v    v    v    v    v    v    v    v    v    v    v    v    v    v    v    v    v    v    v    v    v    v    v    v    v    v    v    v    v    v    v    v    v    v    v    v    v  
  v    v    v    v    v    v    v    v    v    v    v    v    v    v    v    v    v    v    v    v    v    v    v    v    v    v    v    v    v    v    v    v    v    v    v    v    v    v    v    v    v    v    v    v    v    v    v    v    v    v    v    v    v    v    v    v    v    v    v    v    v    v    v    v    v    v    v    v    v    v    v    v    v    v    v    v    v    v    v    v    v    v    v    v    v    v    v    v    v    v    v    v    v    v    v    v    v    v    v    v    v    v    v    v    v    v    v    v    v    v    v    v    v    v    v    v    v    v    v    v  
  >    >    >    >    >    >    >    >    >    >    >    >    >    >    >    >    >    >    >    >    >    >    >    >    >    >    >    >    >    >    >    >    >    >    >    >    >    >    >    >    >    >    >    >    >    >    >    >    >    >    >    >    >    >    >    >    >    >    >    >    >    >    >    >    >    >    >    >    >    >    >    >    >    >    >    >    >    >    >    >    >    >    >    >    >    >    >    >    >    >    >    >    >    >    >    >    >    >    >    >    >    >    >    >    >    >    >    >    >    >    >    >    >    >    >    >    >    >    >    .  

--- GRIGLIA CON PERCORSO ROBOT ('S'=Start, 'G'=Goal, '*'=Percorso, '#'=Ostacolo) ---
S . . . . . . . . . . . . . . . . . . . . . . . . . . . . . . . . . . . . . . . . . . . . . . . . . . . . . . . . . . . . . . . . . . . . . . . . . . . . . . . . . . . . . . . . . . . . . . . . . . . . . . . . . . . . . . . . . . . . . . . 
* . . . . . . . . . . . . . . . . . . . . . . . . . . . . . . . . . . . . . . . . . . . . . . . . . . . . . . . . . . . . . . . . . . . . . . . . . . . . . . . . . . . . . . . . . . . . . . . . . . . . . . . . . . . . . . . . . . . . . . . 
* . # # # # # # # # # # # # # # # # # # # # # # # # # # # # # # # # # # # # # # # # # # # # # # # # # # # # # # # # # # # # # # # # # # # # # # # # # # # # # # # # # # # # # # # # # # # # # # # # # # # # # # # # # # # # # # # # # # # # # # 
* . . . . . . . . . . . . . . . . . . . . . . . . . . . . . . . . . . . . . . . . . . . . . . . . . . . . . . . . . . . . . . . . . . . . . . . . . . . . . . . . . . . . . . . . . . . . . . . . . . . . . . . . . . . . . . . . . . . . . . . 
* * * * * * * * * * * * * * * * * * * * * * * * * * * * * * * * * * * * * * * * * * * * * * * * * * * * * * * * * * * * * * * * * * * * * * * * * * * * * * * * * * * * * * * * * * * * * * * * * * * * * * * * * * * * * * * * * * * * * * * . 
# # # # # # # # # # # # # # # # # # # # # # # # # # # # # # # # # # # # # # # # # # # # # # # # # # # # # # # # # # # # # # # # # # # # # # # # # # # # # # # # # # # # # # # # # # # # # # # # # # # # # # # # # # # # # # # # # # # # # # * . 
. . . . . . . . . . . . . . . . . . . . . . . . . . . . . . . . . . . . . . . . . . . . . . . . . . . . . . . . . . . . . . . . . . . . . . . . . . . . . . . . . . . . . . . . . . . . . . . . . . . . . . . . . . . . . . . . . . . . . . * . 
. * * * * * * * * * * * * * * * * * * * * * * * * * * * * * * * * * * * * * * * * * * * * * * * * * * * * * * * * * * * * * * * * * * * * * * * * * * * * * * * * * * * * * * * * * * * * * * * * * * * * * * * * * * * * * * * * * * * * * * . 
. * # # # # # # # # # # # # # # # # # # # # # # # # # # # # # # # # # # # # # # # # # # # # # # # # # # # # # # # # # # # # # # # # # # # # # # # # # # # # # # # # # # # # # # # # # # # # # # # # # # # # # # # # # # # # # # # # # # # # # # 
. * . . . . . . . . . . . . . . . . . . . . . . . . . . . . . . . . . . . . . . . . . . . . . . . . . . . . . . . . . . . . . . . . . . . . . . . . . . . . . . . . . . . . . . . . . . . . . . . . . . . . . . . . . . . . . . . . . . . . . . 
. * * * * * * * * * * * * * * * * * * * * * * * * * * * * * * * * * * * * * * * * * * * * * * * * * * * * * * * * * * * * * * * * * * * * * * * * * * * * * * * * * * * * * * * * * * * * * * * * * * * * * * * * * * * * * * * * * * * * * * . 
# # # # # # # # # # # # # # # # # # # # # # # # # # # # # # # # # # # # # # # # # # # # # # # # # # # # # # # # # # # # # # # # # # # # # # # # # # # # # # # # # # # # # # # # # # # # # # # # # # # # # # # # # # # # # # # # # # # # # # * . 
. . . . . . . . . . . . . . . . . . . . . . . . . . . . . . . . . . . . . . . . . . . . . . . . . . . . . . . . . . . . . . . . . . . . . . . . . . . . . . . . . . . . . . . . . . . . . . . . . . . . . . . . . . . . . . . . . . . . . . * . 
. * * * * * * * * * * * * * * * * * * * * * * * * * * * * * * * * * * * * * * * * * * * * * * * * * * * * * * * * * * * * * * * * * * * * * * * * * * * * * * * * * * * * * * * * * * * * * * * * * * * * * * * * * * * * * * * * * * * * * * . 
. * # # # # # # # # # # # # # # # # # # # # # # # # # # # # # # # # # # # # # # # # # # # # # # # # # # # # # # # # # # # # # # # # # # # # # # # # # # # # # # # # # # # # # # # # # # # # # # # # # # # # # # # # # # # # # # # # # # # # # # 
. * . . . . . . . . . . . . . . . . . . . . . . . . . . . . . . . . . . . . . . . . . . . . . . . . . . . . . . . . . . . . . . . . . . . . . . . . . . . . . . . . . . . . . . . . . . . . . . . . . . . . . . . . . . . . . . . . . . . . . . 
. * * * * * * * * * * * * * * * * * * * * * * * * * * * * * * * * * * * * * * * * * * * * * * * * * * * * * * * * * * * * * * * * * * * * * * * * * * * * * * * * * * * * * * * * * * * * * * * * * * * * * * * * * * * * * * * * * * * * * * . 
# # # # # # # # # # # # # # # # # # # # # # # # # # # # # # # # # # # # # # # # # # # # # # # # # # # # # # # # # # # # # # # # # # # # # # # # # # # # # # # # # # # # # # # # # # # # # # # # # # # # # # # # # # # # # # # # # # # # # # * . 
. . . . . . . . . . . . . . . . . . . . . . . . . . . . . . . . . . . . . . . . . . . . . . . . . . . . . . . . . . . . . . . . . . . . . . . . . . . . . . . . . . . . . . . . . . . . . . . . . . . . . . . . . . . . . . . . . . . . . . * . 
. * * * * * * * * * * * * * * * * * * * * * * * * * * * * * * * * * * * * * * * * * * * * * * * * * * * * * * * * * * * * * * * * * * * * * * * * * * * * * * * * * * * * * * * * * * * * * * * * * * * * * * * * * * * * * * * * * * * * * * . 
. * # # # # # # # # # # # # # # # # # # # # # # # # # # # # # # # # # # # # # # # # # # # # # # # # # # # # # # # # # # # # # # # # # # # # # # # # # # # # # # # # # # # # # # # # # # # # # # # # # # # # # # # # # # # # # # # # # # # # # # 
. * . . . . . . . . . . . . . . . . . . . . . . . . . . . . . . . . . . . . . . . . . . . . . . . . . . . . . . . . . . . . . . . . . . . . . . . . . . . . . . . . . . . . . . . . . . . . . . . . . . . . . . . . . . . . . . . . . . . . . . 
. * * * * * * * * * * * * * * * * * * * * * * * * * * * * * * * * * * * * * * * * * * * * * * * * * * * * * * * * * * * * * * * * * * * * * * * * * * * * * * * * * * * * * * * * * * * * * * * * * * * * * * * * * * * * * * * * * * * * * * . 
# # # # # # # # # # # # # # # # # # # # # # # # # # # # # # # # # # # # # # # # # # # # # # # # # # # # # # # # # # # # # # # # # # # # # # # # # # # # # # # # # # # # # # # # # # # # # # # # # # # # # # # # # # # # # # # # # # # # # # * . 
. . . . . . . . . . . . . . . . . . . . . . . . . . . . . . . . . . . . . . . . . . . . . . . . . . . . . . . . . . . . . . . . . . . . . . . . . . . . . . . . . . . . . . . . . . . . . . . . . . . . . . . . . . . . . . . . . . . . . . * . 
. * * * * * * * * * * * * * * * * * * * * * * * * * * * * * * * * * * * * * * * * * * * * * * * * * * * * * * * * * * * * * * * * * * * * * * * * * * * * * * * * * * * * * * * * * * * * * * * * * * * * * * * * * * * * * * * * * * * * * * . 
. * # # # # # # # # # # # # # # # # # # # # # # # # # # # # # # # # # # # # # # # # # # # # # # # # # # # # # # # # # # # # # # # # # # # # # # # # # # # # # # # # # # # # # # # # # # # # # # # # # # # # # # # # # # # # # # # # # # # # # # 
. * . . . . . . . . . . . . . . . . . . . . . . . . . . . . . . . . . . . . . . . . . . . . . . . . . . . . . . . . . . . . . . . . . . . . . . . . . . . . . . . . . . . . . . . . . . . . . . . . . . . . . . . . . . . . . . . . . . . . . . 
. * * * * * * * * * * * * * * * * * * * * * * * * * * * * * * * * * * * * * * * * * * * * * * * * * * * * * * * * * * * * * * * * * * * * * * * * * * * * * * * * * * * * * * * * * * * * * * * * * * * * * * * * * * * * * * * * * * * * * * . 
# # # # # # # # # # # # # # # # # # # # # # # # # # # # # # # # # # # # # # # # # # # # # # # # # # # # # # # # # # # # # # # # # # # # # # # # # # # # # # # # # # # # # # # # # # # # # # # # # # # # # # # # # # # # # # # # # # # # # # * . 
. . . . . . . . . . . . . . . . . . . . . . . . . . . . . . . . . . . . . . . . . . . . . . . . . . . . . . . . . . . . . . . . . . . . . . . . . . . . . . . . . . . . . . . . . . . . . . . . . . . . . . . . . . . . . . . . . . . . . . * . 
. * * * * * * * * * * * * * * * * * * * * * * * * * * * * * * * * * * * * * * * * * * * * * * * * * * * * * * * * * * * * * * * * * * * * * * * * * * * * * * * * * * * * * * * * * * * * * * * * * * * * * * * * * * * * * * * * * * * * * * . 
. * # # # # # # # # # # # # # # # # # # # # # # # # # # # # # # # # # # # # # # # # # # # # # # # # # # # # # # # # # # # # # # # # # # # # # # # # # # # # # # # # # # # # # # # # # # # # # # # # # # # # # # # # # # # # # # # # # # # # # # 
. * . . . . . . . . . . . . . . . . . . . . . . . . . . . . . . . . . . . . . . . . . . . . . . . . . . . . . . . . . . . . . . . . . . . . . . . . . . . . . . . . . . . . . . . . . . . . . . . . . . . . . . . . . . . . . . . . . . . . . . 
. * * * * * * * * * * * * * * * * * * * * * * * * * * * * * * * * * * * * * * * * * * * * * * * * * * * * * * * * * * * * * * * * * * * * * * * * * * * * * * * * * * * * * * * * * * * * * * * * * * * * * * * * * * * * * * * * * * * * * * . 
# # # # # # # # # # # # # # # # # # # # # # # # # # # # # # # # # # # # # # # # # # # # # # # # # # # # # # # # # # # # # # # # # # # # # # # # # # # # # # # # # # # # # # # # # # # # # # # # # # # # # # # # # # # # # # # # # # # # # # * . 
. . . . . . . . . . . . . . . . . . . . . . . . . . . . . . . . . . . . . . . . . . . . . . . . . . . . . . . . . . . . . . . . . . . . . . . . . . . . . . . . . . . . . . . . . . . . . . . . . . . . . . . . . . . . . . . . . . . . . . * . 
. * * * * * * * * * * * * * * * * * * * * * * * * * * * * * * * * * * * * * * * * * * * * * * * * * * * * * * * * * * * * * * * * * * * * * * * * * * * * * * * * * * * * * * * * * * * * * * * * * * * * * * * * * * * * * * * * * * * * * * . 
. * # # # # # # # # # # # # # # # # # # # # # # # # # # # # # # # # # # # # # # # # # # # # # # # # # # # # # # # # # # # # # # # # # # # # # # # # # # # # # # # # # # # # # # # # # # # # # # # # # # # # # # # # # # # # # # # # # # # # # # 
. * . . . . . . . . . . . . . . . . . . . . . . . . . . . . . . . . . . . . . . . . . . . . . . . . . . . . . . . . . . . . . . . . . . . . . . . . . . . . . . . . . . . . . . . . . . . . . . . . . . . . . . . . . . . . . . . . . . . . . . 
. * * * * * * * * * * * * * * * * * * * * * * * * * * * * * * * * * * * * * * * * * * * * * * * * * * * * * * * * * * * * * * * * * * * * * * * * * * * * * * * * * * * * * * * * * * * * * * * * * * * * * * * * * * * * * * * * * * * * * * . 
# # # # # # # # # # # # # # # # # # # # # # # # # # # # # # # # # # # # # # # # # # # # # # # # # # # # # # # # # # # # # # # # # # # # # # # # # # # # # # # # # # # # # # # # # # # # # # # # # # # # # # # # # # # # # # # # # # # # # # * . 
. . . . . . . . . . . . . . . . . . . . . . . . . . . . . . . . . . . . . . . . . . . . . . . . . . . . . . . . . . . . . . . . . . . . . . . . . . . . . . . . . . . . . . . . . . . . . . . . . . . . . . . . . . . . . . . . . . . . . . * . 
. * * * * * * * * * * * * * * * * * * * * * * * * * * * * * * * * * * * * * * * * * * * * * * * * * * * * * * * * * * * * * * * * * * * * * * * * * * * * * * * * * * * * * * * * * * * * * * * * * * * * * * * * * * * * * * * * * * * * * * . 
. * # # # # # # # # # # # # # # # # # # # # # # # # # # # # # # # # # # # # # # # # # # # # # # # # # # # # # # # # # # # # # # # # # # # # # # # # # # # # # # # # # # # # # # # # # # # # # # # # # # # # # # # # # # # # # # # # # # # # # # 
. * . . . . . . . . . . . . . . . . . . . . . . . . . . . . . . . . . . . . . . . . . . . . . . . . . . . . . . . . . . . . . . . . . . . . . . . . . . . . . . . . . . . . . . . . . . . . . . . . . . . . . . . . . . . . . . . . . . . . . . 
. * * * * * * * * * * * * * * * * * * * * * * * * * * * * * * * * * * * * * * * * * * * * * * * * * * * * * * * * * * * * * * * * * * * * * * * * * * * * * * * * * * * * * * * * * * * * * * * * * * * * * * * * * * * * * * * * * * * * * * . 
# # # # # # # # # # # # # # # # # # # # # # # # # # # # # # # # # # # # # # # # # # # # # # # # # # # # # # # # # # # # # # # # # # # # # # # # # # # # # # # # # # # # # # # # # # # # # # # # # # # # # # # # # # # # # # # # # # # # # # * . 
. . . . . . . . . . . . . . . . . . . . . . . . . . . . . . . . . . . . . . . . . . . . . . . . . . . . . . . . . . . . . . . . . . . . . . . . . . . . . . . . . . . . . . . . . . . . . . . . . . . . . . . . . . . . . . . . . . . . . . * . 
. * * * * * * * * * * * * * * * * * * * * * * * * * * * * * * * * * * * * * * * * * * * * * * * * * * * * * * * * * * * * * * * * * * * * * * * * * * * * * * * * * * * * * * * * * * * * * * * * * * * * * * * * * * * * * * * * * * * * * * . 
. * # # # # # # # # # # # # # # # # # # # # # # # # # # # # # # # # # # # # # # # # # # # # # # # # # # # # # # # # # # # # # # # # # # # # # # # # # # # # # # # # # # # # # # # # # # # # # # # # # # # # # # # # # # # # # # # # # # # # # # 
. * . . . . . . . . . . . . . . . . . . . . . . . . . . . . . . . . . . . . . . . . . . . . . . . . . . . . . . . . . . . . . . . . . . . . . . . . . . . . . . . . . . . . . . . . . . . . . . . . . . . . . . . . . . . . . . . . . . . . . . 
. * * * * * * * * * * * * * * * * * * * * * * * * * * * * * * * * * * * * * * * * * * * * * * * * * * * * * * * * * * * * * * * * * * * * * * * * * * * * * * * * * * * * * * * * * * * * * * * * * * * * * * * * * * * * * * * * * * * * * * . 
# # # # # # # # # # # # # # # # # # # # # # # # # # # # # # # # # # # # # # # # # # # # # # # # # # # # # # # # # # # # # # # # # # # # # # # # # # # # # # # # # # # # # # # # # # # # # # # # # # # # # # # # # # # # # # # # # # # # # # * . 
. . . . . . . . . . . . . . . . . . . . . . . . . . . . . . . . . . . . . . . . . . . . . . . . . . . . . . . . . . . . . . . . . . . . . . . . . . . . . . . . . . . . . . . . . . . . . . . . . . . . . . . . . . . . . . . . . . . . . . * . 
. * * * * * * * * * * * * * * * * * * * * * * * * * * * * * * * * * * * * * * * * * * * * * * * * * * * * * * * * * * * * * * * * * * * * * * * * * * * * * * * * * * * * * * * * * * * * * * * * * * * * * * * * * * * * * * * * * * * * * * . 
. * # # # # # # # # # # # # # # # # # # # # # # # # # # # # # # # # # # # # # # # # # # # # # # # # # # # # # # # # # # # # # # # # # # # # # # # # # # # # # # # # # # # # # # # # # # # # # # # # # # # # # # # # # # # # # # # # # # # # # # 
. * . . . . . . . . . . . . . . . . . . . . . . . . . . . . . . . . . . . . . . . . . . . . . . . . . . . . . . . . . . . . . . . . . . . . . . . . . . . . . . . . . . . . . . . . . . . . . . . . . . . . . . . . . . . . . . . . . . . . . . 
. * * * * * * * * * * * * * * * * * * * * * * * * * * * * * * * * * * * * * * * * * * * * * * * * * * * * * * * * * * * * * * * * * * * * * * * * * * * * * * * * * * * * * * * * * * * * * * * * * * * * * * * * * * * * * * * * * * * * * * . 
# # # # # # # # # # # # # # # # # # # # # # # # # # # # # # # # # # # # # # # # # # # # # # # # # # # # # # # # # # # # # # # # # # # # # # # # # # # # # # # # # # # # # # # # # # # # # # # # # # # # # # # # # # # # # # # # # # # # # # * . 
. . . . . . . . . . . . . . . . . . . . . . . . . . . . . . . . . . . . . . . . . . . . . . . . . . . . . . . . . . . . . . . . . . . . . . . . . . . . . . . . . . . . . . . . . . . . . . . . . . . . . . . . . . . . . . . . . . . . . . * . 
. * * * * * * * * * * * * * * * * * * * * * * * * * * * * * * * * * * * * * * * * * * * * * * * * * * * * * * * * * * * * * * * * * * * * * * * * * * * * * * * * * * * * * * * * * * * * * * * * * * * * * * * * * * * * * * * * * * * * * * . 
. * # # # # # # # # # # # # # # # # # # # # # # # # # # # # # # # # # # # # # # # # # # # # # # # # # # # # # # # # # # # # # # # # # # # # # # # # # # # # # # # # # # # # # # # # # # # # # # # # # # # # # # # # # # # # # # # # # # # # # # 
. * . . . . . . . . . . . . . . . . . . . . . . . . . . . . . . . . . . . . . . . . . . . . . . . . . . . . . . . . . . . . . . . . . . . . . . . . . . . . . . . . . . . . . . . . . . . . . . . . . . . . . . . . . . . . . . . . . . . . . . 
. * * * * * * * * * * * * * * * * * * * * * * * * * * * * * * * * * * * * * * * * * * * * * * * * * * * * * * * * * * * * * * * * * * * * * * * * * * * * * * * * * * * * * * * * * * * * * * * * * * * * * * * * * * * * * * * * * * * * * * . 
# # # # # # # # # # # # # # # # # # # # # # # # # # # # # # # # # # # # # # # # # # # # # # # # # # # # # # # # # # # # # # # # # # # # # # # # # # # # # # # # # # # # # # # # # # # # # # # # # # # # # # # # # # # # # # # # # # # # # # * . 
. . . . . . . . . . . . . . . . . . . . . . . . . . . . . . . . . . . . . . . . . . . . . . . . . . . . . . . . . . . . . . . . . . . . . . . . . . . . . . . . . . . . . . . . . . . . . . . . . . . . . . . . . . . . . . . . . . . . . . * . 
. * * * * * * * * * * * * * * * * * * * * * * * * * * * * * * * * * * * * * * * * * * * * * * * * * * * * * * * * * * * * * * * * * * * * * * * * * * * * * * * * * * * * * * * * * * * * * * * * * * * * * * * * * * * * * * * * * * * * * * . 
. * # # # # # # # # # # # # # # # # # # # # # # # # # # # # # # # # # # # # # # # # # # # # # # # # # # # # # # # # # # # # # # # # # # # # # # # # # # # # # # # # # # # # # # # # # # # # # # # # # # # # # # # # # # # # # # # # # # # # # # 
. * . . . . . . . . . . . . . . . . . . . . . . . . . . . . . . . . . . . . . . . . . . . . . . . . . . . . . . . . . . . . . . . . . . . . . . . . . . . . . . . . . . . . . . . . . . . . . . . . . . . . . . . . . . . . . . . . . . . . . . 
. * * * * * * * * * * * * * * * * * * * * * * * * * * * * * * * * * * * * * * * * * * * * * * * * * * * * * * * * * * * * * * * * * * * * * * * * * * * * * * * * * * * * * * * * * * * * * * * * * * * * * * * * * * * * * * * * * * * * * * . 
# # # # # # # # # # # # # # # # # # # # # # # # # # # # # # # # # # # # # # # # # # # # # # # # # # # # # # # # # # # # # # # # # # # # # # # # # # # # # # # # # # # # # # # # # # # # # # # # # # # # # # # # # # # # # # # # # # # # # # * . 
. . . . . . . . . . . . . . . . . . . . . . . . . . . . . . . . . . . . . . . . . . . . . . . . . . . . . . . . . . . . . . . . . . . . . . . . . . . . . . . . . . . . . . . . . . . . . . . . . . . . . . . . . . . . . . . . . . . . . . * . 
. * * * * * * * * * * * * * * * * * * * * * * * * * * * * * * * * * * * * * * * * * * * * * * * * * * * * * * * * * * * * * * * * * * * * * * * * * * * * * * * * * * * * * * * * * * * * * * * * * * * * * * * * * * * * * * * * * * * * * * . 
. * # # # # # # # # # # # # # # # # # # # # # # # # # # # # # # # # # # # # # # # # # # # # # # # # # # # # # # # # # # # # # # # # # # # # # # # # # # # # # # # # # # # # # # # # # # # # # # # # # # # # # # # # # # # # # # # # # # # # # # 
. * . . . . . . . . . . . . . . . . . . . . . . . . . . . . . . . . . . . . . . . . . . . . . . . . . . . . . . . . . . . . . . . . . . . . . . . . . . . . . . . . . . . . . . . . . . . . . . . . . . . . . . . . . . . . . . . . . . . . . . 
. * * * * * * * * * * * * * * * * * * * * * * * * * * * * * * * * * * * * * * * * * * * * * * * * * * * * * * * * * * * * * * * * * * * * * * * * * * * * * * * * * * * * * * * * * * * * * * * * * * * * * * * * * * * * * * * * * * * * * * . 
# # # # # # # # # # # # # # # # # # # # # # # # # # # # # # # # # # # # # # # # # # # # # # # # # # # # # # # # # # # # # # # # # # # # # # # # # # # # # # # # # # # # # # # # # # # # # # # # # # # # # # # # # # # # # # # # # # # # # # * . 
. . . . . . . . . . . . . . . . . . . . . . . . . . . . . . . . . . . . . . . . . . . . . . . . . . . . . . . . . . . . . . . . . . . . . . . . . . . . . . . . . . . . . . . . . . . . . . . . . . . . . . . . . . . . . . . . . . . . . . * . 
. * * * * * * * * * * * * * * * * * * * * * * * * * * * * * * * * * * * * * * * * * * * * * * * * * * * * * * * * * * * * * * * * * * * * * * * * * * * * * * * * * * * * * * * * * * * * * * * * * * * * * * * * * * * * * * * * * * * * * * . 
. * # # # # # # # # # # # # # # # # # # # # # # # # # # # # # # # # # # # # # # # # # # # # # # # # # # # # # # # # # # # # # # # # # # # # # # # # # # # # # # # # # # # # # # # # # # # # # # # # # # # # # # # # # # # # # # # # # # # # # # 
. * . . . . . . . . . . . . . . . . . . . . . . . . . . . . . . . . . . . . . . . . . . . . . . . . . . . . . . . . . . . . . . . . . . . . . . . . . . . . . . . . . . . . . . . . . . . . . . . . . . . . . . . . . . . . . . . . . . . . . . 
. * * * * * * * * * * * * * * * * * * * * * * * * * * * * * * * * * * * * * * * * * * * * * * * * * * * * * * * * * * * * * * * * * * * * * * * * * * * * * * * * * * * * * * * * * * * * * * * * * * * * * * * * * * * * * * * * * * * * * * . 
# # # # # # # # # # # # # # # # # # # # # # # # # # # # # # # # # # # # # # # # # # # # # # # # # # # # # # # # # # # # # # # # # # # # # # # # # # # # # # # # # # # # # # # # # # # # # # # # # # # # # # # # # # # # # # # # # # # # # # * . 
. . . . . . . . . . . . . . . . . . . . . . . . . . . . . . . . . . . . . . . . . . . . . . . . . . . . . . . . . . . . . . . . . . . . . . . . . . . . . . . . . . . . . . . . . . . . . . . . . . . . . . . . . . . . . . . . . . . . . . * . 
. * * * * * * * * * * * * * * * * * * * * * * * * * * * * * * * * * * * * * * * * * * * * * * * * * * * * * * * * * * * * * * * * * * * * * * * * * * * * * * * * * * * * * * * * * * * * * * * * * * * * * * * * * * * * * * * * * * * * * * . 
. * # # # # # # # # # # # # # # # # # # # # # # # # # # # # # # # # # # # # # # # # # # # # # # # # # # # # # # # # # # # # # # # # # # # # # # # # # # # # # # # # # # # # # # # # # # # # # # # # # # # # # # # # # # # # # # # # # # # # # # 
. * . . . . . . . . . . . . . . . . . . . . . . . . . . . . . . . . . . . . . . . . . . . . . . . . . . . . . . . . . . . . . . . . . . . . . . . . . . . . . . . . . . . . . . . . . . . . . . . . . . . . . . . . . . . . . . . . . . . . . . 
. * * * * * * * * * * * * * * * * * * * * * * * * * * * * * * * * * * * * * * * * * * * * * * * * * * * * * * * * * * * * * * * * * * * * * * * * * * * * * * * * * * * * * * * * * * * * * * * * * * * * * * * * * * * * * * * * * * * * * * . 
# # # # # # # # # # # # # # # # # # # # # # # # # # # # # # # # # # # # # # # # # # # # # # # # # # # # # # # # # # # # # # # # # # # # # # # # # # # # # # # # # # # # # # # # # # # # # # # # # # # # # # # # # # # # # # # # # # # # # # * . 
. . . . . . . . . . . . . . . . . . . . . . . . . . . . . . . . . . . . . . . . . . . . . . . . . . . . . . . . . . . . . . . . . . . . . . . . . . . . . . . . . . . . . . . . . . . . . . . . . . . . . . . . . . . . . . . . . . . . . . * . 
. * * * * * * * * * * * * * * * * * * * * * * * * * * * * * * * * * * * * * * * * * * * * * * * * * * * * * * * * * * * * * * * * * * * * * * * * * * * * * * * * * * * * * * * * * * * * * * * * * * * * * * * * * * * * * * * * * * * * * * . 
. * # # # # # # # # # # # # # # # # # # # # # # # # # # # # # # # # # # # # # # # # # # # # # # # # # # # # # # # # # # # # # # # # # # # # # # # # # # # # # # # # # # # # # # # # # # # # # # # # # # # # # # # # # # # # # # # # # # # # # # 
. * . . . . . . . . . . . . . . . . . . . . . . . . . . . . . . . . . . . . . . . . . . . . . . . . . . . . . . . . . . . . . . . . . . . . . . . . . . . . . . . . . . . . . . . . . . . . . . . . . . . . . . . . . . . . . . . . . . . . . . 
. * * * * * * * * * * * * * * * * * * * * * * * * * * * * * * * * * * * * * * * * * * * * * * * * * * * * * * * * * * * * * * * * * * * * * * * * * * * * * * * * * * * * * * * * * * * * * * * * * * * * * * * * * * * * * * * * * * * * * * . 
# # # # # # # # # # # # # # # # # # # # # # # # # # # # # # # # # # # # # # # # # # # # # # # # # # # # # # # # # # # # # # # # # # # # # # # # # # # # # # # # # # # # # # # # # # # # # # # # # # # # # # # # # # # # # # # # # # # # # # * . 
. . . . . . . . . . . . . . . . . . . . . . . . . . . . . . . . . . . . . . . . . . . . . . . . . . . . . . . . . . . . . . . . . . . . . . . . . . . . . . . . . . . . . . . . . . . . . . . . . . . . . . . . . . . . . . . . . . . . . . * . 
. * * * * * * * * * * * * * * * * * * * * * * * * * * * * * * * * * * * * * * * * * * * * * * * * * * * * * * * * * * * * * * * * * * * * * * * * * * * * * * * * * * * * * * * * * * * * * * * * * * * * * * * * * * * * * * * * * * * * * * . 
. * # # # # # # # # # # # # # # # # # # # # # # # # # # # # # # # # # # # # # # # # # # # # # # # # # # # # # # # # # # # # # # # # # # # # # # # # # # # # # # # # # # # # # # # # # # # # # # # # # # # # # # # # # # # # # # # # # # # # # # 
. * . . . . . . . . . . . . . . . . . . . . . . . . . . . . . . . . . . . . . . . . . . . . . . . . . . . . . . . . . . . . . . . . . . . . . . . . . . . . . . . . . . . . . . . . . . . . . . . . . . . . . . . . . . . . . . . . . . . . . . 
. * * * * * * * * * * * * * * * * * * * * * * * * * * * * * * * * * * * * * * * * * * * * * * * * * * * * * * * * * * * * * * * * * * * * * * * * * * * * * * * * * * * * * * * * * * * * * * * * * * * * * * * * * * * * * * * * * * * * * * . 
# # # # # # # # # # # # # # # # # # # # # # # # # # # # # # # # # # # # # # # # # # # # # # # # # # # # # # # # # # # # # # # # # # # # # # # # # # # # # # # # # # # # # # # # # # # # # # # # # # # # # # # # # # # # # # # # # # # # # # * . 
. . . . . . . . . . . . . . . . . . . . . . . . . . . . . . . . . . . . . . . . . . . . . . . . . . . . . . . . . . . . . . . . . . . . . . . . . . . . . . . . . . . . . . . . . . . . . . . . . . . . . . . . . . . . . . . . . . . . . . * . 
. * * * * * * * * * * * * * * * * * * * * * * * * * * * * * * * * * * * * * * * * * * * * * * * * * * * * * * * * * * * * * * * * * * * * * * * * * * * * * * * * * * * * * * * * * * * * * * * * * * * * * * * * * * * * * * * * * * * * * * . 
. * # # # # # # # # # # # # # # # # # # # # # # # # # # # # # # # # # # # # # # # # # # # # # # # # # # # # # # # # # # # # # # # # # # # # # # # # # # # # # # # # # # # # # # # # # # # # # # # # # # # # # # # # # # # # # # # # # # # # # # 
. * . . . . . . . . . . . . . . . . . . . . . . . . . . . . . . . . . . . . . . . . . . . . . . . . . . . . . . . . . . . . . . . . . . . . . . . . . . . . . . . . . . . . . . . . . . . . . . . . . . . . . . . . . . . . . . . . . . . . . . 
. * * * * * * * * * * * * * * * * * * * * * * * * * * * * * * * * * * * * * * * * * * * * * * * * * * * * * * * * * * * * * * * * * * * * * * * * * * * * * * * * * * * * * * * * * * * * * * * * * * * * * * * * * * * * * * * * * * * * * * . 
# # # # # # # # # # # # # # # # # # # # # # # # # # # # # # # # # # # # # # # # # # # # # # # # # # # # # # # # # # # # # # # # # # # # # # # # # # # # # # # # # # # # # # # # # # # # # # # # # # # # # # # # # # # # # # # # # # # # # # * . 
. . . . . . . . . . . . . . . . . . . . . . . . . . . . . . . . . . . . . . . . . . . . . . . . . . . . . . . . . . . . . . . . . . . . . . . . . . . . . . . . . . . . . . . . . . . . . . . . . . . . . . . . . . . . . . . . . . . . . . * . 
. * * * * * * * * * * * * * * * * * * * * * * * * * * * * * * * * * * * * * * * * * * * * * * * * * * * * * * * * * * * * * * * * * * * * * * * * * * * * * * * * * * * * * * * * * * * * * * * * * * * * * * * * * * * * * * * * * * * * * * . 
. * # # # # # # # # # # # # # # # # # # # # # # # # # # # # # # # # # # # # # # # # # # # # # # # # # # # # # # # # # # # # # # # # # # # # # # # # # # # # # # # # # # # # # # # # # # # # # # # # # # # # # # # # # # # # # # # # # # # # # # 
. * . . . . . . . . . . . . . . . . . . . . . . . . . . . . . . . . . . . . . . . . . . . . . . . . . . . . . . . . . . . . . . . . . . . . . . . . . . . . . . . . . . . . . . . . . . . . . . . . . . . . . . . . . . . . . . . . . . . . . . 
. * * * * * * * * * * * * * * * * * * * * * * * * * * * * * * * * * * * * * * * * * * * * * * * * * * * * * * * * * * * * * * * * * * * * * * * * * * * * * * * * * * * * * * * * * * * * * * * * * * * * * * * * * * * * * * * * * * * * * * . 
# # # # # # # # # # # # # # # # # # # # # # # # # # # # # # # # # # # # # # # # # # # # # # # # # # # # # # # # # # # # # # # # # # # # # # # # # # # # # # # # # # # # # # # # # # # # # # # # # # # # # # # # # # # # # # # # # # # # # # * . 
. . . . . . . . . . . . . . . . . . . . . . . . . . . . . . . . . . . . . . . . . . . . . . . . . . . . . . . . . . . . . . . . . . . . . . . . . . . . . . . . . . . . . . . . . . . . . . . . . . . . . . . . . . . . . . . . . . . . . . * . 
. * * * * * * * * * * * * * * * * * * * * * * * * * * * * * * * * * * * * * * * * * * * * * * * * * * * * * * * * * * * * * * * * * * * * * * * * * * * * * * * * * * * * * * * * * * * * * * * * * * * * * * * * * * * * * * * * * * * * * * . 
. * # # # # # # # # # # # # # # # # # # # # # # # # # # # # # # # # # # # # # # # # # # # # # # # # # # # # # # # # # # # # # # # # # # # # # # # # # # # # # # # # # # # # # # # # # # # # # # # # # # # # # # # # # # # # # # # # # # # # # # 
. * . . . . . . . . . . . . . . . . . . . . . . . . . . . . . . . . . . . . . . . . . . . . . . . . . . . . . . . . . . . . . . . . . . . . . . . . . . . . . . . . . . . . . . . . . . . . . . . . . . . . . . . . . . . . . . . . . . . . . . 
. * . . . . . . . . . . . . . . . . . . . . . . . . . . . . . . . . . . . . . . . . . . . . . . . . . . . . . . . . . . . . . . . . . . . . . . . . . . . . . . . . . . . . . . . . . . . . . . . . . . . . . . . . . . . . . . . . . . . . . . 
. * * * * * * * * * * * * * * * * * * * * * * * * * * * * * * * * * * * * * * * * * * * * * * * * * * * * * * * * * * * * * * * * * * * * * * * * * * * * * * * * * * * * * * * * * * * * * * * * * * * * * * * * * * * * * * * * * * * * * * G 

--- SEQUENZA COORDINATE DEL PERCORSO (N = 120) ---
(0,0) -> (1,0) -> (2,0) -> (3,0) -> (4,0) -> (4,1) -> (4,2) -> (4,3) -> (4,4) -> (4,5) -> 
(4,6) -> (4,7) -> (4,8) -> (4,9) -> (4,10) -> (4,11) -> (4,12) -> (4,13) -> (4,14) -> (4,15) -> 
(4,16) -> (4,17) -> (4,18) -> (4,19) -> (4,20) -> (4,21) -> (4,22) -> (4,23) -> (4,24) -> (4,25) -> 
(4,26) -> (4,27) -> (4,28) -> (4,29) -> (4,30) -> (4,31) -> (4,32) -> (4,33) -> (4,34) -> (4,35) -> 
(4,36) -> (4,37) -> (4,38) -> (4,39) -> (4,40) -> (4,41) -> (4,42) -> (4,43) -> (4,44) -> (4,45) -> 
(4,46) -> (4,47) -> (4,48) -> (4,49) -> (4,50) -> (4,51) -> (4,52) -> (4,53) -> (4,54) -> (4,55) -> 
(4,56) -> (4,57) -> (4,58) -> (4,59) -> (4,60) -> (4,61) -> (4,62) -> (4,63) -> (4,64) -> (4,65) -> 
(4,66) -> (4,67) -> (4,68) -> (4,69) -> (4,70) -> (4,71) -> (4,72) -> (4,73) -> (4,74) -> (4,75) -> 
(4,76) -> (4,77) -> (4,78) -> (4,79) -> (4,80) -> (4,81) -> (4,82) -> (4,83) -> (4,84) -> (4,85) -> 
(4,86) -> (4,87) -> (4,88) -> (4,89) -> (4,90) -> (4,91) -> (4,92) -> (4,93) -> (4,94) -> (4,95) -> 
(4,96) -> (4,97) -> (4,98) -> (4,99) -> (4,100) -> (4,101) -> (4,102) -> (4,103) -> (4,104) -> (4,105) -> 
(4,106) -> (4,107) -> (4,108) -> (4,109) -> (4,110) -> (4,111) -> (4,112) -> (4,113) -> (4,114) -> (4,115) -> 
(4,116) -> (4,117) -> (4,118) -> (5,118) -> (6,118) -> (7,118) -> (7,117) -> (7,116) -> (7,115) -> (7,114) -> 
(7,113) -> (7,112) -> (7,111) -> (7,110) -> (7,109) -> (7,108) -> (7,107) -> (7,106) -> (7,105) -> (7,104) -> 
(7,103) -> (7,102) -> (7,101) -> (7,100) -> (7,99) -> (7,98) -> (7,97) -> (7,96) -> (7,95) -> (7,94) -> 
(7,93) -> (7,92) -> (7,91) -> (7,90) -> (7,89) -> (7,88) -> (7,87) -> (7,86) -> (7,85) -> (7,84) -> 
(7,83) -> (7,82) -> (7,81) -> (7,80) -> (7,79) -> (7,78) -> (7,77) -> (7,76) -> (7,75) -> (7,74) -> 
(7,73) -> (7,72) -> (7,71) -> (7,70) -> (7,69) -> (7,68) -> (7,67) -> (7,66) -> (7,65) -> (7,64) -> 
(7,63) -> (7,62) -> (7,61) -> (7,60) -> (7,59) -> (7,58) -> (7,57) -> (7,56) -> (7,55) -> (7,54) -> 
(7,53) -> (7,52) -> (7,51) -> (7,50) -> (7,49) -> (7,48) -> (7,47) -> (7,46) -> (7,45) -> (7,44) -> 
(7,43) -> (7,42) -> (7,41) -> (7,40) -> (7,39) -> (7,38) -> (7,37) -> (7,36) -> (7,35) -> (7,34) -> 
(7,33) -> (7,32) -> (7,31) -> (7,30) -> (7,29) -> (7,28) -> (7,27) -> (7,26) -> (7,25) -> (7,24) -> 
(7,23) -> (7,22) -> (7,21) -> (7,20) -> (7,19) -> (7,18) -> (7,17) -> (7,16) -> (7,15) -> (7,14) -> 
(7,13) -> (7,12) -> (7,11) -> (7,10) -> (7,9) -> (7,8) -> (7,7) -> (7,6) -> (7,5) -> (7,4) -> 
(7,3) -> (7,2) -> (7,1) -> (8,1) -> (9,1) -> (10,1) -> (10,2) -> (10,3) -> (10,4) -> (10,5) -> 
(10,6) -> (10,7) -> (10,8) -> (10,9) -> (10,10) -> (10,11) -> (10,12) -> (10,13) -> (10,14) -> (10,15) -> 
(10,16) -> (10,17) -> (10,18) -> (10,19) -> (10,20) -> (10,21) -> (10,22) -> (10,23) -> (10,24) -> (10,25) -> 
(10,26) -> (10,27) -> (10,28) -> (10,29) -> (10,30) -> (10,31) -> (10,32) -> (10,33) -> (10,34) -> (10,35) -> 
(10,36) -> (10,37) -> (10,38) -> (10,39) -> (10,40) -> (10,41) -> (10,42) -> (10,43) -> (10,44) -> (10,45) -> 
(10,46) -> (10,47) -> (10,48) -> (10,49) -> (10,50) -> (10,51) -> (10,52) -> (10,53) -> (10,54) -> (10,55) -> 
(10,56) -> (10,57) -> (10,58) -> (10,59) -> (10,60) -> (10,61) -> (10,62) -> (10,63) -> (10,64) -> (10,65) -> 
(10,66) -> (10,67) -> (10,68) -> (10,69) -> (10,70) -> (10,71) -> (10,72) -> (10,73) -> (10,74) -> (10,75) -> 
(10,76) -> (10,77) -> (10,78) -> (10,79) -> (10,80) -> (10,81) -> (10,82) -> (10,83) -> (10,84) -> (10,85) -> 
(10,86) -> (10,87) -> (10,88) -> (10,89) -> (10,90) -> (10,91) -> (10,92) -> (10,93) -> (10,94) -> (10,95) -> 
(10,96) -> (10,97) -> (10,98) -> (10,99) -> (10,100) -> (10,101) -> (10,102) -> (10,103) -> (10,104) -> (10,105) -> 
(10,106) -> (10,107) -> (10,108) -> (10,109) -> (10,110) -> (10,111) -> (10,112) -> (10,113) -> (10,114) -> (10,115) -> 
(10,116) -> (10,117) -> (10,118) -> (11,118) -> (12,118) -> (13,118) -> (13,117) -> (13,116) -> (13,115) -> (13,114) -> 
(13,113) -> (13,112) -> (13,111) -> (13,110) -> (13,109) -> (13,108) -> (13,107) -> (13,106) -> (13,105) -> (13,104) -> 
(13,103) -> (13,102) -> (13,101) -> (13,100) -> (13,99) -> (13,98) -> (13,97) -> (13,96) -> (13,95) -> (13,94) -> 
(13,93) -> (13,92) -> (13,91) -> (13,90) -> (13,89) -> (13,88) -> (13,87) -> (13,86) -> (13,85) -> (13,84) -> 
(13,83) -> (13,82) -> (13,81) -> (13,80) -> (13,79) -> (13,78) -> (13,77) -> (13,76) -> (13,75) -> (13,74) -> 
(13,73) -> (13,72) -> (13,71) -> (13,70) -> (13,69) -> (13,68) -> (13,67) -> (13,66) -> (13,65) -> (13,64) -> 
(13,63) -> (13,62) -> (13,61) -> (13,60) -> (13,59) -> (13,58) -> (13,57) -> (13,56) -> (13,55) -> (13,54) -> 
(13,53) -> (13,52) -> (13,51) -> (13,50) -> (13,49) -> (13,48) -> (13,47) -> (13,46) -> (13,45) -> (13,44) -> 
(13,43) -> (13,42) -> (13,41) -> (13,40) -> (13,39) -> (13,38) -> (13,37) -> (13,36) -> (13,35) -> (13,34) -> 
(13,33) -> (13,32) -> (13,31) -> (13,30) -> (13,29) -> (13,28) -> (13,27) -> (13,26) -> (13,25) -> (13,24) -> 
(13,23) -> (13,22) -> (13,21) -> (13,20) -> (13,19) -> (13,18) -> (13,17) -> (13,16) -> (13,15) -> (13,14) -> 
(13,13) -> (13,12) -> (13,11) -> (13,10) -> (13,9) -> (13,8) -> (13,7) -> (13,6) -> (13,5) -> (13,4) -> 
(13,3) -> (13,2) -> (13,1) -> (14,1) -> (15,1) -> (16,1) -> (16,2) -> (16,3) -> (16,4) -> (16,5) -> 
(16,6) -> (16,7) -> (16,8) -> (16,9) -> (16,10) -> (16,11) -> (16,12) -> (16,13) -> (16,14) -> (16,15) -> 
(16,16) -> (16,17) -> (16,18) -> (16,19) -> (16,20) -> (16,21) -> (16,22) -> (16,23) -> (16,24) -> (16,25) -> 
(16,26) -> (16,27) -> (16,28) -> (16,29) -> (16,30) -> (16,31) -> (16,32) -> (16,33) -> (16,34) -> (16,35) -> 
(16,36) -> (16,37) -> (16,38) -> (16,39) -> (16,40) -> (16,41) -> (16,42) -> (16,43) -> (16,44) -> (16,45) -> 
(16,46) -> (16,47) -> (16,48) -> (16,49) -> (16,50) -> (16,51) -> (16,52) -> (16,53) -> (16,54) -> (16,55) -> 
(16,56) -> (16,57) -> (16,58) -> (16,59) -> (16,60) -> (16,61) -> (16,62) -> (16,63) -> (16,64) -> (16,65) -> 
(16,66) -> (16,67) -> (16,68) -> (16,69) -> (16,70) -> (16,71) -> (16,72) -> (16,73) -> (16,74) -> (16,75) -> 
(16,76) -> (16,77) -> (16,78) -> (16,79) -> (16,80) -> (16,81) -> (16,82) -> (16,83) -> (16,84) -> (16,85) -> 
(16,86) -> (16,87) -> (16,88) -> (16,89) -> (16,90) -> (16,91) -> (16,92) -> (16,93) -> (16,94) -> (16,95) -> 
(16,96) -> (16,97) -> (16,98) -> (16,99) -> (16,100) -> (16,101) -> (16,102) -> (16,103) -> (16,104) -> (16,105) -> 
(16,106) -> (16,107) -> (16,108) -> (16,109) -> (16,110) -> (16,111) -> (16,112) -> (16,113) -> (16,114) -> (16,115) -> 
(16,116) -> (16,117) -> (16,118) -> (17,118) -> (18,118) -> (19,118) -> (19,117) -> (19,116) -> (19,115) -> (19,114) -> 
(19,113) -> (19,112) -> (19,111) -> (19,110) -> (19,109) -> (19,108) -> (19,107) -> (19,106) -> (19,105) -> (19,104) -> 
(19,103) -> (19,102) -> (19,101) -> (19,100) -> (19,99) -> (19,98) -> (19,97) -> (19,96) -> (19,95) -> (19,94) -> 
(19,93) -> (19,92) -> (19,91) -> (19,90) -> (19,89) -> (19,88) -> (19,87) -> (19,86) -> (19,85) -> (19,84) -> 
(19,83) -> (19,82) -> (19,81) -> (19,80) -> (19,79) -> (19,78) -> (19,77) -> (19,76) -> (19,75) -> (19,74) -> 
(19,73) -> (19,72) -> (19,71) -> (19,70) -> (19,69) -> (19,68) -> (19,67) -> (19,66) -> (19,65) -> (19,64) -> 
(19,63) -> (19,62) -> (19,61) -> (19,60) -> (19,59) -> (19,58) -> (19,57) -> (19,56) -> (19,55) -> (19,54) -> 
(19,53) -> (19,52) -> (19,51) -> (19,50) -> (19,49) -> (19,48) -> (19,47) -> (19,46) -> (19,45) -> (19,44) -> 
(19,43) -> (19,42) -> (19,41) -> (19,40) -> (19,39) -> (19,38) -> (19,37) -> (19,36) -> (19,35) -> (19,34) -> 
(19,33) -> (19,32) -> (19,31) -> (19,30) -> (19,29) -> (19,28) -> (19,27) -> (19,26) -> (19,25) -> (19,24) -> 
(19,23) -> (19,22) -> (19,21) -> (19,20) -> (19,19) -> (19,18) -> (19,17) -> (19,16) -> (19,15) -> (19,14) -> 
(19,13) -> (19,12) -> (19,11) -> (19,10) -> (19,9) -> (19,8) -> (19,7) -> (19,6) -> (19,5) -> (19,4) -> 
(19,3) -> (19,2) -> (19,1) -> (20,1) -> (21,1) -> (22,1) -> (22,2) -> (22,3) -> (22,4) -> (22,5) -> 
(22,6) -> (22,7) -> (22,8) -> (22,9) -> (22,10) -> (22,11) -> (22,12) -> (22,13) -> (22,14) -> (22,15) -> 
(22,16) -> (22,17) -> (22,18) -> (22,19) -> (22,20) -> (22,21) -> (22,22) -> (22,23) -> (22,24) -> (22,25) -> 
(22,26) -> (22,27) -> (22,28) -> (22,29) -> (22,30) -> (22,31) -> (22,32) -> (22,33) -> (22,34) -> (22,35) -> 
(22,36) -> (22,37) -> (22,38) -> (22,39) -> (22,40) -> (22,41) -> (22,42) -> (22,43) -> (22,44) -> (22,45) -> 
(22,46) -> (22,47) -> (22,48) -> (22,49) -> (22,50) -> (22,51) -> (22,52) -> (22,53) -> (22,54) -> (22,55) -> 
(22,56) -> (22,57) -> (22,58) -> (22,59) -> (22,60) -> (22,61) -> (22,62) -> (22,63) -> (22,64) -> (22,65) -> 
(22,66) -> (22,67) -> (22,68) -> (22,69) -> (22,70) -> (22,71) -> (22,72) -> (22,73) -> (22,74) -> (22,75) -> 
(22,76) -> (22,77) -> (22,78) -> (22,79) -> (22,80) -> (22,81) -> (22,82) -> (22,83) -> (22,84) -> (22,85) -> 
(22,86) -> (22,87) -> (22,88) -> (22,89) -> (22,90) -> (22,91) -> (22,92) -> (22,93) -> (22,94) -> (22,95) -> 
(22,96) -> (22,97) -> (22,98) -> (22,99) -> (22,100) -> (22,101) -> (22,102) -> (22,103) -> (22,104) -> (22,105) -> 
(22,106) -> (22,107) -> (22,108) -> (22,109) -> (22,110) -> (22,111) -> (22,112) -> (22,113) -> (22,114) -> (22,115) -> 
(22,116) -> (22,117) -> (22,118) -> (23,118) -> (24,118) -> (25,118) -> (25,117) -> (25,116) -> (25,115) -> (25,114) -> 
(25,113) -> (25,112) -> (25,111) -> (25,110) -> (25,109) -> (25,108) -> (25,107) -> (25,106) -> (25,105) -> (25,104) -> 
(25,103) -> (25,102) -> (25,101) -> (25,100) -> (25,99) -> (25,98) -> (25,97) -> (25,96) -> (25,95) -> (25,94) -> 
(25,93) -> (25,92) -> (25,91) -> (25,90) -> (25,89) -> (25,88) -> (25,87) -> (25,86) -> (25,85) -> (25,84) -> 
(25,83) -> (25,82) -> (25,81) -> (25,80) -> (25,79) -> (25,78) -> (25,77) -> (25,76) -> (25,75) -> (25,74) -> 
(25,73) -> (25,72) -> (25,71) -> (25,70) -> (25,69) -> (25,68) -> (25,67) -> (25,66) -> (25,65) -> (25,64) -> 
(25,63) -> (25,62) -> (25,61) -> (25,60) -> (25,59) -> (25,58) -> (25,57) -> (25,56) -> (25,55) -> (25,54) -> 
(25,53) -> (25,52) -> (25,51) -> (25,50) -> (25,49) -> (25,48) -> (25,47) -> (25,46) -> (25,45) -> (25,44) -> 
(25,43) -> (25,42) -> (25,41) -> (25,40) -> (25,39) -> (25,38) -> (25,37) -> (25,36) -> (25,35) -> (25,34) -> 
(25,33) -> (25,32) -> (25,31) -> (25,30) -> (25,29) -> (25,28) -> (25,27) -> (25,26) -> (25,25) -> (25,24) -> 
(25,23) -> (25,22) -> (25,21) -> (25,20) -> (25,19) -> (25,18) -> (25,17) -> (25,16) -> (25,15) -> (25,14) -> 
(25,13) -> (25,12) -> (25,11) -> (25,10) -> (25,9) -> (25,8) -> (25,7) -> (25,6) -> (25,5) -> (25,4) -> 
(25,3) -> (25,2) -> (25,1) -> (26,1) -> (27,1) -> (28,1) -> (28,2) -> (28,3) -> (28,4) -> (28,5) -> 
(28,6) -> (28,7) -> (28,8) -> (28,9) -> (28,10) -> (28,11) -> (28,12) -> (28,13) -> (28,14) -> (28,15) -> 
(28,16) -> (28,17) -> (28,18) -> (28,19) -> (28,20) -> (28,21) -> (28,22) -> (28,23) -> (28,24) -> (28,25) -> 
(28,26) -> (28,27) -> (28,28) -> (28,29) -> (28,30) -> (28,31) -> (28,32) -> (28,33) -> (28,34) -> (28,35) -> 
(28,36) -> (28,37) -> (28,38) -> (28,39) -> (28,40) -> (28,41) -> (28,42) -> (28,43) -> (28,44) -> (28,45) -> 
(28,46) -> (28,47) -> (28,48) -> (28,49) -> (28,50) -> (28,51) -> (28,52) -> (28,53) -> (28,54) -> (28,55) -> 
(28,56) -> (28,57) -> (28,58) -> (28,59) -> (28,60) -> (28,61) -> (28,62) -> (28,63) -> (28,64) -> (28,65) -> 
(28,66) -> (28,67) -> (28,68) -> (28,69) -> (28,70) -> (28,71) -> (28,72) -> (28,73) -> (28,74) -> (28,75) -> 
(28,76) -> (28,77) -> (28,78) -> (28,79) -> (28,80) -> (28,81) -> (28,82) -> (28,83) -> (28,84) -> (28,85) -> 
(28,86) -> (28,87) -> (28,88) -> (28,89) -> (28,90) -> (28,91) -> (28,92) -> (28,93) -> (28,94) -> (28,95) -> 
(28,96) -> (28,97) -> (28,98) -> (28,99) -> (28,100) -> (28,101) -> (28,102) -> (28,103) -> (28,104) -> (28,105) -> 
(28,106) -> (28,107) -> (28,108) -> (28,109) -> (28,110) -> (28,111) -> (28,112) -> (28,113) -> (28,114) -> (28,115) -> 
(28,116) -> (28,117) -> (28,118) -> (29,118) -> (30,118) -> (31,118) -> (31,117) -> (31,116) -> (31,115) -> (31,114) -> 
(31,113) -> (31,112) -> (31,111) -> (31,110) -> (31,109) -> (31,108) -> (31,107) -> (31,106) -> (31,105) -> (31,104) -> 
(31,103) -> (31,102) -> (31,101) -> (31,100) -> (31,99) -> (31,98) -> (31,97) -> (31,96) -> (31,95) -> (31,94) -> 
(31,93) -> (31,92) -> (31,91) -> (31,90) -> (31,89) -> (31,88) -> (31,87) -> (31,86) -> (31,85) -> (31,84) -> 
(31,83) -> (31,82) -> (31,81) -> (31,80) -> (31,79) -> (31,78) -> (31,77) -> (31,76) -> (31,75) -> (31,74) -> 
(31,73) -> (31,72) -> (31,71) -> (31,70) -> (31,69) -> (31,68) -> (31,67) -> (31,66) -> (31,65) -> (31,64) -> 
(31,63) -> (31,62) -> (31,61) -> (31,60) -> (31,59) -> (31,58) -> (31,57) -> (31,56) -> (31,55) -> (31,54) -> 
(31,53) -> (31,52) -> (31,51) -> (31,50) -> (31,49) -> (31,48) -> (31,47) -> (31,46) -> (31,45) -> (31,44) -> 
(31,43) -> (31,42) -> (31,41) -> (31,40) -> (31,39) -> (31,38) -> (31,37) -> (31,36) -> (31,35) -> (31,34) -> 
(31,33) -> (31,32) -> (31,31) -> (31,30) -> (31,29) -> (31,28) -> (31,27) -> (31,26) -> (31,25) -> (31,24) -> 
(31,23) -> (31,22) -> (31,21) -> (31,20) -> (31,19) -> (31,18) -> (31,17) -> (31,16) -> (31,15) -> (31,14) -> 
(31,13) -> (31,12) -> (31,11) -> (31,10) -> (31,9) -> (31,8) -> (31,7) -> (31,6) -> (31,5) -> (31,4) -> 
(31,3) -> (31,2) -> (31,1) -> (32,1) -> (33,1) -> (34,1) -> (34,2) -> (34,3) -> (34,4) -> (34,5) -> 
(34,6) -> (34,7) -> (34,8) -> (34,9) -> (34,10) -> (34,11) -> (34,12) -> (34,13) -> (34,14) -> (34,15) -> 
(34,16) -> (34,17) -> (34,18) -> (34,19) -> (34,20) -> (34,21) -> (34,22) -> (34,23) -> (34,24) -> (34,25) -> 
(34,26) -> (34,27) -> (34,28) -> (34,29) -> (34,30) -> (34,31) -> (34,32) -> (34,33) -> (34,34) -> (34,35) -> 
(34,36) -> (34,37) -> (34,38) -> (34,39) -> (34,40) -> (34,41) -> (34,42) -> (34,43) -> (34,44) -> (34,45) -> 
(34,46) -> (34,47) -> (34,48) -> (34,49) -> (34,50) -> (34,51) -> (34,52) -> (34,53) -> (34,54) -> (34,55) -> 
(34,56) -> (34,57) -> (34,58) -> (34,59) -> (34,60) -> (34,61) -> (34,62) -> (34,63) -> (34,64) -> (34,65) -> 
(34,66) -> (34,67) -> (34,68) -> (34,69) -> (34,70) -> (34,71) -> (34,72) -> (34,73) -> (34,74) -> (34,75) -> 
(34,76) -> (34,77) -> (34,78) -> (34,79) -> (34,80) -> (34,81) -> (34,82) -> (34,83) -> (34,84) -> (34,85) -> 
(34,86) -> (34,87) -> (34,88) -> (34,89) -> (34,90) -> (34,91) -> (34,92) -> (34,93) -> (34,94) -> (34,95) -> 
(34,96) -> (34,97) -> (34,98) -> (34,99) -> (34,100) -> (34,101) -> (34,102) -> (34,103) -> (34,104) -> (34,105) -> 
(34,106) -> (34,107) -> (34,108) -> (34,109) -> (34,110) -> (34,111) -> (34,112) -> (34,113) -> (34,114) -> (34,115) -> 
(34,116) -> (34,117) -> (34,118) -> (35,118) -> (36,118) -> (37,118) -> (37,117) -> (37,116) -> (37,115) -> (37,114) -> 
(37,113) -> (37,112) -> (37,111) -> (37,110) -> (37,109) -> (37,108) -> (37,107) -> (37,106) -> (37,105) -> (37,104) -> 
(37,103) -> (37,102) -> (37,101) -> (37,100) -> (37,99) -> (37,98) -> (37,97) -> (37,96) -> (37,95) -> (37,94) -> 
(37,93) -> (37,92) -> (37,91) -> (37,90) -> (37,89) -> (37,88) -> (37,87) -> (37,86) -> (37,85) -> (37,84) -> 
(37,83) -> (37,82) -> (37,81) -> (37,80) -> (37,79) -> (37,78) -> (37,77) -> (37,76) -> (37,75) -> (37,74) -> 
(37,73) -> (37,72) -> (37,71) -> (37,70) -> (37,69) -> (37,68) -> (37,67) -> (37,66) -> (37,65) -> (37,64) -> 
(37,63) -> (37,62) -> (37,61) -> (37,60) -> (37,59) -> (37,58) -> (37,57) -> (37,56) -> (37,55) -> (37,54) -> 
(37,53) -> (37,52) -> (37,51) -> (37,50) -> (37,49) -> (37,48) -> (37,47) -> (37,46) -> (37,45) -> (37,44) -> 
(37,43) -> (37,42) -> (37,41) -> (37,40) -> (37,39) -> (37,38) -> (37,37) -> (37,36) -> (37,35) -> (37,34) -> 
(37,33) -> (37,32) -> (37,31) -> (37,30) -> (37,29) -> (37,28) -> (37,27) -> (37,26) -> (37,25) -> (37,24) -> 
(37,23) -> (37,22) -> (37,21) -> (37,20) -> (37,19) -> (37,18) -> (37,17) -> (37,16) -> (37,15) -> (37,14) -> 
(37,13) -> (37,12) -> (37,11) -> (37,10) -> (37,9) -> (37,8) -> (37,7) -> (37,6) -> (37,5) -> (37,4) -> 
(37,3) -> (37,2) -> (37,1) -> (38,1) -> (39,1) -> (40,1) -> (40,2) -> (40,3) -> (40,4) -> (40,5) -> 
(40,6) -> (40,7) -> (40,8) -> (40,9) -> (40,10) -> (40,11) -> (40,12) -> (40,13) -> (40,14) -> (40,15) -> 
(40,16) -> (40,17) -> (40,18) -> (40,19) -> (40,20) -> (40,21) -> (40,22) -> (40,23) -> (40,24) -> (40,25) -> 
(40,26) -> (40,27) -> (40,28) -> (40,29) -> (40,30) -> (40,31) -> (40,32) -> (40,33) -> (40,34) -> (40,35) -> 
(40,36) -> (40,37) -> (40,38) -> (40,39) -> (40,40) -> (40,41) -> (40,42) -> (40,43) -> (40,44) -> (40,45) -> 
(40,46) -> (40,47) -> (40,48) -> (40,49) -> (40,50) -> (40,51) -> (40,52) -> (40,53) -> (40,54) -> (40,55) -> 
(40,56) -> (40,57) -> (40,58) -> (40,59) -> (40,60) -> (40,61) -> (40,62) -> (40,63) -> (40,64) -> (40,65) -> 
(40,66) -> (40,67) -> (40,68) -> (40,69) -> (40,70) -> (40,71) -> (40,72) -> (40,73) -> (40,74) -> (40,75) -> 
(40,76) -> (40,77) -> (40,78) -> (40,79) -> (40,80) -> (40,81) -> (40,82) -> (40,83) -> (40,84) -> (40,85) -> 
(40,86) -> (40,87) -> (40,88) -> (40,89) -> (40,90) -> (40,91) -> (40,92) -> (40,93) -> (40,94) -> (40,95) -> 
(40,96) -> (40,97) -> (40,98) -> (40,99) -> (40,100) -> (40,101) -> (40,102) -> (40,103) -> (40,104) -> (40,105) -> 
(40,106) -> (40,107) -> (40,108) -> (40,109) -> (40,110) -> (40,111) -> (40,112) -> (40,113) -> (40,114) -> (40,115) -> 
(40,116) -> (40,117) -> (40,118) -> (41,118) -> (42,118) -> (43,118) -> (43,117) -> (43,116) -> (43,115) -> (43,114) -> 
(43,113) -> (43,112) -> (43,111) -> (43,110) -> (43,109) -> (43,108) -> (43,107) -> (43,106) -> (43,105) -> (43,104) -> 
(43,103) -> (43,102) -> (43,101) -> (43,100) -> (43,99) -> (43,98) -> (43,97) -> (43,96) -> (43,95) -> (43,94) -> 
(43,93) -> (43,92) -> (43,91) -> (43,90) -> (43,89) -> (43,88) -> (43,87) -> (43,86) -> (43,85) -> (43,84) -> 
(43,83) -> (43,82) -> (43,81) -> (43,80) -> (43,79) -> (43,78) -> (43,77) -> (43,76) -> (43,75) -> (43,74) -> 
(43,73) -> (43,72) -> (43,71) -> (43,70) -> (43,69) -> (43,68) -> (43,67) -> (43,66) -> (43,65) -> (43,64) -> 
(43,63) -> (43,62) -> (43,61) -> (43,60) -> (43,59) -> (43,58) -> (43,57) -> (43,56) -> (43,55) -> (43,54) -> 
(43,53) -> (43,52) -> (43,51) -> (43,50) -> (43,49) -> (43,48) -> (43,47) -> (43,46) -> (43,45) -> (43,44) -> 
(43,43) -> (43,42) -> (43,41) -> (43,40) -> (43,39) -> (43,38) -> (43,37) -> (43,36) -> (43,35) -> (43,34) -> 
(43,33) -> (43,32) -> (43,31) -> (43,30) -> (43,29) -> (43,28) -> (43,27) -> (43,26) -> (43,25) -> (43,24) -> 
(43,23) -> (43,22) -> (43,21) -> (43,20) -> (43,19) -> (43,18) -> (43,17) -> (43,16) -> (43,15) -> (43,14) -> 
(43,13) -> (43,12) -> (43,11) -> (43,10) -> (43,9) -> (43,8) -> (43,7) -> (43,6) -> (43,5) -> (43,4) -> 
(43,3) -> (43,2) -> (43,1) -> (44,1) -> (45,1) -> (46,1) -> (46,2) -> (46,3) -> (46,4) -> (46,5) -> 
(46,6) -> (46,7) -> (46,8) -> (46,9) -> (46,10) -> (46,11) -> (46,12) -> (46,13) -> (46,14) -> (46,15) -> 
(46,16) -> (46,17) -> (46,18) -> (46,19) -> (46,20) -> (46,21) -> (46,22) -> (46,23) -> (46,24) -> (46,25) -> 
(46,26) -> (46,27) -> (46,28) -> (46,29) -> (46,30) -> (46,31) -> (46,32) -> (46,33) -> (46,34) -> (46,35) -> 
(46,36) -> (46,37) -> (46,38) -> (46,39) -> (46,40) -> (46,41) -> (46,42) -> (46,43) -> (46,44) -> (46,45) -> 
(46,46) -> (46,47) -> (46,48) -> (46,49) -> (46,50) -> (46,51) -> (46,52) -> (46,53) -> (46,54) -> (46,55) -> 
(46,56) -> (46,57) -> (46,58) -> (46,59) -> (46,60) -> (46,61) -> (46,62) -> (46,63) -> (46,64) -> (46,65) -> 
(46,66) -> (46,67) -> (46,68) -> (46,69) -> (46,70) -> (46,71) -> (46,72) -> (46,73) -> (46,74) -> (46,75) -> 
(46,76) -> (46,77) -> (46,78) -> (46,79) -> (46,80) -> (46,81) -> (46,82) -> (46,83) -> (46,84) -> (46,85) -> 
(46,86) -> (46,87) -> (46,88) -> (46,89) -> (46,90) -> (46,91) -> (46,92) -> (46,93) -> (46,94) -> (46,95) -> 
(46,96) -> (46,97) -> (46,98) -> (46,99) -> (46,100) -> (46,101) -> (46,102) -> (46,103) -> (46,104) -> (46,105) -> 
(46,106) -> (46,107) -> (46,108) -> (46,109) -> (46,110) -> (46,111) -> (46,112) -> (46,113) -> (46,114) -> (46,115) -> 
(46,116) -> (46,117) -> (46,118) -> (47,118) -> (48,118) -> (49,118) -> (49,117) -> (49,116) -> (49,115) -> (49,114) -> 
(49,113) -> (49,112) -> (49,111) -> (49,110) -> (49,109) -> (49,108) -> (49,107) -> (49,106) -> (49,105) -> (49,104) -> 
(49,103) -> (49,102) -> (49,101) -> (49,100) -> (49,99) -> (49,98) -> (49,97) -> (49,96) -> (49,95) -> (49,94) -> 
(49,93) -> (49,92) -> (49,91) -> (49,90) -> (49,89) -> (49,88) -> (49,87) -> (49,86) -> (49,85) -> (49,84) -> 
(49,83) -> (49,82) -> (49,81) -> (49,80) -> (49,79) -> (49,78) -> (49,77) -> (49,76) -> (49,75) -> (49,74) -> 
(49,73) -> (49,72) -> (49,71) -> (49,70) -> (49,69) -> (49,68) -> (49,67) -> (49,66) -> (49,65) -> (49,64) -> 
(49,63) -> (49,62) -> (49,61) -> (49,60) -> (49,59) -> (49,58) -> (49,57) -> (49,56) -> (49,55) -> (49,54) -> 
(49,53) -> (49,52) -> (49,51) -> (49,50) -> (49,49) -> (49,48) -> (49,47) -> (49,46) -> (49,45) -> (49,44) -> 
(49,43) -> (49,42) -> (49,41) -> (49,40) -> (49,39) -> (49,38) -> (49,37) -> (49,36) -> (49,35) -> (49,34) -> 
(49,33) -> (49,32) -> (49,31) -> (49,30) -> (49,29) -> (49,28) -> (49,27) -> (49,26) -> (49,25) -> (49,24) -> 
(49,23) -> (49,22) -> (49,21) -> (49,20) -> (49,19) -> (49,18) -> (49,17) -> (49,16) -> (49,15) -> (49,14) -> 
(49,13) -> (49,12) -> (49,11) -> (49,10) -> (49,9) -> (49,8) -> (49,7) -> (49,6) -> (49,5) -> (49,4) -> 
(49,3) -> (49,2) -> (49,1) -> (50,1) -> (51,1) -> (52,1) -> (52,2) -> (52,3) -> (52,4) -> (52,5) -> 
(52,6) -> (52,7) -> (52,8) -> (52,9) -> (52,10) -> (52,11) -> (52,12) -> (52,13) -> (52,14) -> (52,15) -> 
(52,16) -> (52,17) -> (52,18) -> (52,19) -> (52,20) -> (52,21) -> (52,22) -> (52,23) -> (52,24) -> (52,25) -> 
(52,26) -> (52,27) -> (52,28) -> (52,29) -> (52,30) -> (52,31) -> (52,32) -> (52,33) -> (52,34) -> (52,35) -> 
(52,36) -> (52,37) -> (52,38) -> (52,39) -> (52,40) -> (52,41) -> (52,42) -> (52,43) -> (52,44) -> (52,45) -> 
(52,46) -> (52,47) -> (52,48) -> (52,49) -> (52,50) -> (52,51) -> (52,52) -> (52,53) -> (52,54) -> (52,55) -> 
(52,56) -> (52,57) -> (52,58) -> (52,59) -> (52,60) -> (52,61) -> (52,62) -> (52,63) -> (52,64) -> (52,65) -> 
(52,66) -> (52,67) -> (52,68) -> (52,69) -> (52,70) -> (52,71) -> (52,72) -> (52,73) -> (52,74) -> (52,75) -> 
(52,76) -> (52,77) -> (52,78) -> (52,79) -> (52,80) -> (52,81) -> (52,82) -> (52,83) -> (52,84) -> (52,85) -> 
(52,86) -> (52,87) -> (52,88) -> (52,89) -> (52,90) -> (52,91) -> (52,92) -> (52,93) -> (52,94) -> (52,95) -> 
(52,96) -> (52,97) -> (52,98) -> (52,99) -> (52,100) -> (52,101) -> (52,102) -> (52,103) -> (52,104) -> (52,105) -> 
(52,106) -> (52,107) -> (52,108) -> (52,109) -> (52,110) -> (52,111) -> (52,112) -> (52,113) -> (52,114) -> (52,115) -> 
(52,116) -> (52,117) -> (52,118) -> (53,118) -> (54,118) -> (55,118) -> (55,117) -> (55,116) -> (55,115) -> (55,114) -> 
(55,113) -> (55,112) -> (55,111) -> (55,110) -> (55,109) -> (55,108) -> (55,107) -> (55,106) -> (55,105) -> (55,104) -> 
(55,103) -> (55,102) -> (55,101) -> (55,100) -> (55,99) -> (55,98) -> (55,97) -> (55,96) -> (55,95) -> (55,94) -> 
(55,93) -> (55,92) -> (55,91) -> (55,90) -> (55,89) -> (55,88) -> (55,87) -> (55,86) -> (55,85) -> (55,84) -> 
(55,83) -> (55,82) -> (55,81) -> (55,80) -> (55,79) -> (55,78) -> (55,77) -> (55,76) -> (55,75) -> (55,74) -> 
(55,73) -> (55,72) -> (55,71) -> (55,70) -> (55,69) -> (55,68) -> (55,67) -> (55,66) -> (55,65) -> (55,64) -> 
(55,63) -> (55,62) -> (55,61) -> (55,60) -> (55,59) -> (55,58) -> (55,57) -> (55,56) -> (55,55) -> (55,54) -> 
(55,53) -> (55,52) -> (55,51) -> (55,50) -> (55,49) -> (55,48) -> (55,47) -> (55,46) -> (55,45) -> (55,44) -> 
(55,43) -> (55,42) -> (55,41) -> (55,40) -> (55,39) -> (55,38) -> (55,37) -> (55,36) -> (55,35) -> (55,34) -> 
(55,33) -> (55,32) -> (55,31) -> (55,30) -> (55,29) -> (55,28) -> (55,27) -> (55,26) -> (55,25) -> (55,24) -> 
(55,23) -> (55,22) -> (55,21) -> (55,20) -> (55,19) -> (55,18) -> (55,17) -> (55,16) -> (55,15) -> (55,14) -> 
(55,13) -> (55,12) -> (55,11) -> (55,10) -> (55,9) -> (55,8) -> (55,7) -> (55,6) -> (55,5) -> (55,4) -> 
(55,3) -> (55,2) -> (55,1) -> (56,1) -> (57,1) -> (58,1) -> (58,2) -> (58,3) -> (58,4) -> (58,5) -> 
(58,6) -> (58,7) -> (58,8) -> (58,9) -> (58,10) -> (58,11) -> (58,12) -> (58,13) -> (58,14) -> (58,15) -> 
(58,16) -> (58,17) -> (58,18) -> (58,19) -> (58,20) -> (58,21) -> (58,22) -> (58,23) -> (58,24) -> (58,25) -> 
(58,26) -> (58,27) -> (58,28) -> (58,29) -> (58,30) -> (58,31) -> (58,32) -> (58,33) -> (58,34) -> (58,35) -> 
(58,36) -> (58,37) -> (58,38) -> (58,39) -> (58,40) -> (58,41) -> (58,42) -> (58,43) -> (58,44) -> (58,45) -> 
(58,46) -> (58,47) -> (58,48) -> (58,49) -> (58,50) -> (58,51) -> (58,52) -> (58,53) -> (58,54) -> (58,55) -> 
(58,56) -> (58,57) -> (58,58) -> (58,59) -> (58,60) -> (58,61) -> (58,62) -> (58,63) -> (58,64) -> (58,65) -> 
(58,66) -> (58,67) -> (58,68) -> (58,69) -> (58,70) -> (58,71) -> (58,72) -> (58,73) -> (58,74) -> (58,75) -> 
(58,76) -> (58,77) -> (58,78) -> (58,79) -> (58,80) -> (58,81) -> (58,82) -> (58,83) -> (58,84) -> (58,85) -> 
(58,86) -> (58,87) -> (58,88) -> (58,89) -> (58,90) -> (58,91) -> (58,92) -> (58,93) -> (58,94) -> (58,95) -> 
(58,96) -> (58,97) -> (58,98) -> (58,99) -> (58,100) -> (58,101) -> (58,102) -> (58,103) -> (58,104) -> (58,105) -> 
(58,106) -> (58,107) -> (58,108) -> (58,109) -> (58,110) -> (58,111) -> (58,112) -> (58,113) -> (58,114) -> (58,115) -> 
(58,116) -> (58,117) -> (58,118) -> (59,118) -> (60,118) -> (61,118) -> (61,117) -> (61,116) -> (61,115) -> (61,114) -> 
(61,113) -> (61,112) -> (61,111) -> (61,110) -> (61,109) -> (61,108) -> (61,107) -> (61,106) -> (61,105) -> (61,104) -> 
(61,103) -> (61,102) -> (61,101) -> (61,100) -> (61,99) -> (61,98) -> (61,97) -> (61,96) -> (61,95) -> (61,94) -> 
(61,93) -> (61,92) -> (61,91) -> (61,90) -> (61,89) -> (61,88) -> (61,87) -> (61,86) -> (61,85) -> (61,84) -> 
(61,83) -> (61,82) -> (61,81) -> (61,80) -> (61,79) -> (61,78) -> (61,77) -> (61,76) -> (61,75) -> (61,74) -> 
(61,73) -> (61,72) -> (61,71) -> (61,70) -> (61,69) -> (61,68) -> (61,67) -> (61,66) -> (61,65) -> (61,64) -> 
(61,63) -> (61,62) -> (61,61) -> (61,60) -> (61,59) -> (61,58) -> (61,57) -> (61,56) -> (61,55) -> (61,54) -> 
(61,53) -> (61,52) -> (61,51) -> (61,50) -> (61,49) -> (61,48) -> (61,47) -> (61,46) -> (61,45) -> (61,44) -> 
(61,43) -> (61,42) -> (61,41) -> (61,40) -> (61,39) -> (61,38) -> (61,37) -> (61,36) -> (61,35) -> (61,34) -> 
(61,33) -> (61,32) -> (61,31) -> (61,30) -> (61,29) -> (61,28) -> (61,27) -> (61,26) -> (61,25) -> (61,24) -> 
(61,23) -> (61,22) -> (61,21) -> (61,20) -> (61,19) -> (61,18) -> (61,17) -> (61,16) -> (61,15) -> (61,14) -> 
(61,13) -> (61,12) -> (61,11) -> (61,10) -> (61,9) -> (61,8) -> (61,7) -> (61,6) -> (61,5) -> (61,4) -> 
(61,3) -> (61,2) -> (61,1) -> (62,1) -> (63,1) -> (64,1) -> (64,2) -> (64,3) -> (64,4) -> (64,5) -> 
(64,6) -> (64,7) -> (64,8) -> (64,9) -> (64,10) -> (64,11) -> (64,12) -> (64,13) -> (64,14) -> (64,15) -> 
(64,16) -> (64,17) -> (64,18) -> (64,19) -> (64,20) -> (64,21) -> (64,22) -> (64,23) -> (64,24) -> (64,25) -> 
(64,26) -> (64,27) -> (64,28) -> (64,29) -> (64,30) -> (64,31) -> (64,32) -> (64,33) -> (64,34) -> (64,35) -> 
(64,36) -> (64,37) -> (64,38) -> (64,39) -> (64,40) -> (64,41) -> (64,42) -> (64,43) -> (64,44) -> (64,45) -> 
(64,46) -> (64,47) -> (64,48) -> (64,49) -> (64,50) -> (64,51) -> (64,52) -> (64,53) -> (64,54) -> (64,55) -> 
(64,56) -> (64,57) -> (64,58) -> (64,59) -> (64,60) -> (64,61) -> (64,62) -> (64,63) -> (64,64) -> (64,65) -> 
(64,66) -> (64,67) -> (64,68) -> (64,69) -> (64,70) -> (64,71) -> (64,72) -> (64,73) -> (64,74) -> (64,75) -> 
(64,76) -> (64,77) -> (64,78) -> (64,79) -> (64,80) -> (64,81) -> (64,82) -> (64,83) -> (64,84) -> (64,85) -> 
(64,86) -> (64,87) -> (64,88) -> (64,89) -> (64,90) -> (64,91) -> (64,92) -> (64,93) -> (64,94) -> (64,95) -> 
(64,96) -> (64,97) -> (64,98) -> (64,99) -> (64,100) -> (64,101) -> (64,102) -> (64,103) -> (64,104) -> (64,105) -> 
(64,106) -> (64,107) -> (64,108) -> (64,109) -> (64,110) -> (64,111) -> (64,112) -> (64,113) -> (64,114) -> (64,115) -> 
(64,116) -> (64,117) -> (64,118) -> (65,118) -> (66,118) -> (67,118) -> (67,117) -> (67,116) -> (67,115) -> (67,114) -> 
(67,113) -> (67,112) -> (67,111) -> (67,110) -> (67,109) -> (67,108) -> (67,107) -> (67,106) -> (67,105) -> (67,104) -> 
(67,103) -> (67,102) -> (67,101) -> (67,100) -> (67,99) -> (67,98) -> (67,97) -> (67,96) -> (67,95) -> (67,94) -> 
(67,93) -> (67,92) -> (67,91) -> (67,90) -> (67,89) -> (67,88) -> (67,87) -> (67,86) -> (67,85) -> (67,84) -> 
(67,83) -> (67,82) -> (67,81) -> (67,80) -> (67,79) -> (67,78) -> (67,77) -> (67,76) -> (67,75) -> (67,74) -> 
(67,73) -> (67,72) -> (67,71) -> (67,70) -> (67,69) -> (67,68) -> (67,67) -> (67,66) -> (67,65) -> (67,64) -> 
(67,63) -> (67,62) -> (67,61) -> (67,60) -> (67,59) -> (67,58) -> (67,57) -> (67,56) -> (67,55) -> (67,54) -> 
(67,53) -> (67,52) -> (67,51) -> (67,50) -> (67,49) -> (67,48) -> (67,47) -> (67,46) -> (67,45) -> (67,44) -> 
(67,43) -> (67,42) -> (67,41) -> (67,40) -> (67,39) -> (67,38) -> (67,37) -> (67,36) -> (67,35) -> (67,34) -> 
(67,33) -> (67,32) -> (67,31) -> (67,30) -> (67,29) -> (67,28) -> (67,27) -> (67,26) -> (67,25) -> (67,24) -> 
(67,23) -> (67,22) -> (67,21) -> (67,20) -> (67,19) -> (67,18) -> (67,17) -> (67,16) -> (67,15) -> (67,14) -> 
(67,13) -> (67,12) -> (67,11) -> (67,10) -> (67,9) -> (67,8) -> (67,7) -> (67,6) -> (67,5) -> (67,4) -> 
(67,3) -> (67,2) -> (67,1) -> (68,1) -> (69,1) -> (70,1) -> (70,2) -> (70,3) -> (70,4) -> (70,5) -> 
(70,6) -> (70,7) -> (70,8) -> (70,9) -> (70,10) -> (70,11) -> (70,12) -> (70,13) -> (70,14) -> (70,15) -> 
(70,16) -> (70,17) -> (70,18) -> (70,19) -> (70,20) -> (70,21) -> (70,22) -> (70,23) -> (70,24) -> (70,25) -> 
(70,26) -> (70,27) -> (70,28) -> (70,29) -> (70,30) -> (70,31) -> (70,32) -> (70,33) -> (70,34) -> (70,35) -> 
(70,36) -> (70,37) -> (70,38) -> (70,39) -> (70,40) -> (70,41) -> (70,42) -> (70,43) -> (70,44) -> (70,45) -> 
(70,46) -> (70,47) -> (70,48) -> (70,49) -> (70,50) -> (70,51) -> (70,52) -> (70,53) -> (70,54) -> (70,55) -> 
(70,56) -> (70,57) -> (70,58) -> (70,59) -> (70,60) -> (70,61) -> (70,62) -> (70,63) -> (70,64) -> (70,65) -> 
(70,66) -> (70,67) -> (70,68) -> (70,69) -> (70,70) -> (70,71) -> (70,72) -> (70,73) -> (70,74) -> (70,75) -> 
(70,76) -> (70,77) -> (70,78) -> (70,79) -> (70,80) -> (70,81) -> (70,82) -> (70,83) -> (70,84) -> (70,85) -> 
(70,86) -> (70,87) -> (70,88) -> (70,89) -> (70,90) -> (70,91) -> (70,92) -> (70,93) -> (70,94) -> (70,95) -> 
(70,96) -> (70,97) -> (70,98) -> (70,99) -> (70,100) -> (70,101) -> (70,102) -> (70,103) -> (70,104) -> (70,105) -> 
(70,106) -> (70,107) -> (70,108) -> (70,109) -> (70,110) -> (70,111) -> (70,112) -> (70,113) -> (70,114) -> (70,115) -> 
(70,116) -> (70,117) -> (70,118) -> (71,118) -> (72,118) -> (73,118) -> (73,117) -> (73,116) -> (73,115) -> (73,114) -> 
(73,113) -> (73,112) -> (73,111) -> (73,110) -> (73,109) -> (73,108) -> (73,107) -> (73,106) -> (73,105) -> (73,104) -> 
(73,103) -> (73,102) -> (73,101) -> (73,100) -> (73,99) -> (73,98) -> (73,97) -> (73,96) -> (73,95) -> (73,94) -> 
(73,93) -> (73,92) -> (73,91) -> (73,90) -> (73,89) -> (73,88) -> (73,87) -> (73,86) -> (73,85) -> (73,84) -> 
(73,83) -> (73,82) -> (73,81) -> (73,80) -> (73,79) -> (73,78) -> (73,77) -> (73,76) -> (73,75) -> (73,74) -> 
(73,73) -> (73,72) -> (73,71) -> (73,70) -> (73,69) -> (73,68) -> (73,67) -> (73,66) -> (73,65) -> (73,64) -> 
(73,63) -> (73,62) -> (73,61) -> (73,60) -> (73,59) -> (73,58) -> (73,57) -> (73,56) -> (73,55) -> (73,54) -> 
(73,53) -> (73,52) -> (73,51) -> (73,50) -> (73,49) -> (73,48) -> (73,47) -> (73,46) -> (73,45) -> (73,44) -> 
(73,43) -> (73,42) -> (73,41) -> (73,40) -> (73,39) -> (73,38) -> (73,37) -> (73,36) -> (73,35) -> (73,34) -> 
(73,33) -> (73,32) -> (73,31) -> (73,30) -> (73,29) -> (73,28) -> (73,27) -> (73,26) -> (73,25) -> (73,24) -> 
(73,23) -> (73,22) -> (73,21) -> (73,20) -> (73,19) -> (73,18) -> (73,17) -> (73,16) -> (73,15) -> (73,14) -> 
(73,13) -> (73,12) -> (73,11) -> (73,10) -> (73,9) -> (73,8) -> (73,7) -> (73,6) -> (73,5) -> (73,4) -> 
(73,3) -> (73,2) -> (73,1) -> (74,1) -> (75,1) -> (76,1) -> (76,2) -> (76,3) -> (76,4) -> (76,5) -> 
(76,6) -> (76,7) -> (76,8) -> (76,9) -> (76,10) -> (76,11) -> (76,12) -> (76,13) -> (76,14) -> (76,15) -> 
(76,16) -> (76,17) -> (76,18) -> (76,19) -> (76,20) -> (76,21) -> (76,22) -> (76,23) -> (76,24) -> (76,25) -> 
(76,26) -> (76,27) -> (76,28) -> (76,29) -> (76,30) -> (76,31) -> (76,32) -> (76,33) -> (76,34) -> (76,35) -> 
(76,36) -> (76,37) -> (76,38) -> (76,39) -> (76,40) -> (76,41) -> (76,42) -> (76,43) -> (76,44) -> (76,45) -> 
(76,46) -> (76,47) -> (76,48) -> (76,49) -> (76,50) -> (76,51) -> (76,52) -> (76,53) -> (76,54) -> (76,55) -> 
(76,56) -> (76,57) -> (76,58) -> (76,59) -> (76,60) -> (76,61) -> (76,62) -> (76,63) -> (76,64) -> (76,65) -> 
(76,66) -> (76,67) -> (76,68) -> (76,69) -> (76,70) -> (76,71) -> (76,72) -> (76,73) -> (76,74) -> (76,75) -> 
(76,76) -> (76,77) -> (76,78) -> (76,79) -> (76,80) -> (76,81) -> (76,82) -> (76,83) -> (76,84) -> (76,85) -> 
(76,86) -> (76,87) -> (76,88) -> (76,89) -> (76,90) -> (76,91) -> (76,92) -> (76,93) -> (76,94) -> (76,95) -> 
(76,96) -> (76,97) -> (76,98) -> (76,99) -> (76,100) -> (76,101) -> (76,102) -> (76,103) -> (76,104) -> (76,105) -> 
(76,106) -> (76,107) -> (76,108) -> (76,109) -> (76,110) -> (76,111) -> (76,112) -> (76,113) -> (76,114) -> (76,115) -> 
(76,116) -> (76,117) -> (76,118) -> (77,118) -> (78,118) -> (79,118) -> (79,117) -> (79,116) -> (79,115) -> (79,114) -> 
(79,113) -> (79,112) -> (79,111) -> (79,110) -> (79,109) -> (79,108) -> (79,107) -> (79,106) -> (79,105) -> (79,104) -> 
(79,103) -> (79,102) -> (79,101) -> (79,100) -> (79,99) -> (79,98) -> (79,97) -> (79,96) -> (79,95) -> (79,94) -> 
(79,93) -> (79,92) -> (79,91) -> (79,90) -> (79,89) -> (79,88) -> (79,87) -> (79,86) -> (79,85) -> (79,84) -> 
(79,83) -> (79,82) -> (79,81) -> (79,80) -> (79,79) -> (79,78) -> (79,77) -> (79,76) -> (79,75) -> (79,74) -> 
(79,73) -> (79,72) -> (79,71) -> (79,70) -> (79,69) -> (79,68) -> (79,67) -> (79,66) -> (79,65) -> (79,64) -> 
(79,63) -> (79,62) -> (79,61) -> (79,60) -> (79,59) -> (79,58) -> (79,57) -> (79,56) -> (79,55) -> (79,54) -> 
(79,53) -> (79,52) -> (79,51) -> (79,50) -> (79,49) -> (79,48) -> (79,47) -> (79,46) -> (79,45) -> (79,44) -> 
(79,43) -> (79,42) -> (79,41) -> (79,40) -> (79,39) -> (79,38) -> (79,37) -> (79,36) -> (79,35) -> (79,34) -> 
(79,33) -> (79,32) -> (79,31) -> (79,30) -> (79,29) -> (79,28) -> (79,27) -> (79,26) -> (79,25) -> (79,24) -> 
(79,23) -> (79,22) -> (79,21) -> (79,20) -> (79,19) -> (79,18) -> (79,17) -> (79,16) -> (79,15) -> (79,14) -> 
(79,13) -> (79,12) -> (79,11) -> (79,10) -> (79,9) -> (79,8) -> (79,7) -> (79,6) -> (79,5) -> (79,4) -> 
(79,3) -> (79,2) -> (79,1) -> (80,1) -> (81,1) -> (82,1) -> (82,2) -> (82,3) -> (82,4) -> (82,5) -> 
(82,6) -> (82,7) -> (82,8) -> (82,9) -> (82,10) -> (82,11) -> (82,12) -> (82,13) -> (82,14) -> (82,15) -> 
(82,16) -> (82,17) -> (82,18) -> (82,19) -> (82,20) -> (82,21) -> (82,22) -> (82,23) -> (82,24) -> (82,25) -> 
(82,26) -> (82,27) -> (82,28) -> (82,29) -> (82,30) -> (82,31) -> (82,32) -> (82,33) -> (82,34) -> (82,35) -> 
(82,36) -> (82,37) -> (82,38) -> (82,39) -> (82,40) -> (82,41) -> (82,42) -> (82,43) -> (82,44) -> (82,45) -> 
(82,46) -> (82,47) -> (82,48) -> (82,49) -> (82,50) -> (82,51) -> (82,52) -> (82,53) -> (82,54) -> (82,55) -> 
(82,56) -> (82,57) -> (82,58) -> (82,59) -> (82,60) -> (82,61) -> (82,62) -> (82,63) -> (82,64) -> (82,65) -> 
(82,66) -> (82,67) -> (82,68) -> (82,69) -> (82,70) -> (82,71) -> (82,72) -> (82,73) -> (82,74) -> (82,75) -> 
(82,76) -> (82,77) -> (82,78) -> (82,79) -> (82,80) -> (82,81) -> (82,82) -> (82,83) -> (82,84) -> (82,85) -> 
(82,86) -> (82,87) -> (82,88) -> (82,89) -> (82,90) -> (82,91) -> (82,92) -> (82,93) -> (82,94) -> (82,95) -> 
(82,96) -> (82,97) -> (82,98) -> (82,99) -> (82,100) -> (82,101) -> (82,102) -> (82,103) -> (82,104) -> (82,105) -> 
(82,106) -> (82,107) -> (82,108) -> (82,109) -> (82,110) -> (82,111) -> (82,112) -> (82,113) -> (82,114) -> (82,115) -> 
(82,116) -> (82,117) -> (82,118) -> (83,118) -> (84,118) -> (85,118) -> (85,117) -> (85,116) -> (85,115) -> (85,114) -> 
(85,113) -> (85,112) -> (85,111) -> (85,110) -> (85,109) -> (85,108) -> (85,107) -> (85,106) -> (85,105) -> (85,104) -> 
(85,103) -> (85,102) -> (85,101) -> (85,100) -> (85,99) -> (85,98) -> (85,97) -> (85,96) -> (85,95) -> (85,94) -> 
(85,93) -> (85,92) -> (85,91) -> (85,90) -> (85,89) -> (85,88) -> (85,87) -> (85,86) -> (85,85) -> (85,84) -> 
(85,83) -> (85,82) -> (85,81) -> (85,80) -> (85,79) -> (85,78) -> (85,77) -> (85,76) -> (85,75) -> (85,74) -> 
(85,73) -> (85,72) -> (85,71) -> (85,70) -> (85,69) -> (85,68) -> (85,67) -> (85,66) -> (85,65) -> (85,64) -> 
(85,63) -> (85,62) -> (85,61) -> (85,60) -> (85,59) -> (85,58) -> (85,57) -> (85,56) -> (85,55) -> (85,54) -> 
(85,53) -> (85,52) -> (85,51) -> (85,50) -> (85,49) -> (85,48) -> (85,47) -> (85,46) -> (85,45) -> (85,44) -> 
(85,43) -> (85,42) -> (85,41) -> (85,40) -> (85,39) -> (85,38) -> (85,37) -> (85,36) -> (85,35) -> (85,34) -> 
(85,33) -> (85,32) -> (85,31) -> (85,30) -> (85,29) -> (85,28) -> (85,27) -> (85,26) -> (85,25) -> (85,24) -> 
(85,23) -> (85,22) -> (85,21) -> (85,20) -> (85,19) -> (85,18) -> (85,17) -> (85,16) -> (85,15) -> (85,14) -> 
(85,13) -> (85,12) -> (85,11) -> (85,10) -> (85,9) -> (85,8) -> (85,7) -> (85,6) -> (85,5) -> (85,4) -> 
(85,3) -> (85,2) -> (85,1) -> (86,1) -> (87,1) -> (88,1) -> (88,2) -> (88,3) -> (88,4) -> (88,5) -> 
(88,6) -> (88,7) -> (88,8) -> (88,9) -> (88,10) -> (88,11) -> (88,12) -> (88,13) -> (88,14) -> (88,15) -> 
(88,16) -> (88,17) -> (88,18) -> (88,19) -> (88,20) -> (88,21) -> (88,22) -> (88,23) -> (88,24) -> (88,25) -> 
(88,26) -> (88,27) -> (88,28) -> (88,29) -> (88,30) -> (88,31) -> (88,32) -> (88,33) -> (88,34) -> (88,35) -> 
(88,36) -> (88,37) -> (88,38) -> (88,39) -> (88,40) -> (88,41) -> (88,42) -> (88,43) -> (88,44) -> (88,45) -> 
(88,46) -> (88,47) -> (88,48) -> (88,49) -> (88,50) -> (88,51) -> (88,52) -> (88,53) -> (88,54) -> (88,55) -> 
(88,56) -> (88,57) -> (88,58) -> (88,59) -> (88,60) -> (88,61) -> (88,62) -> (88,63) -> (88,64) -> (88,65) -> 
(88,66) -> (88,67) -> (88,68) -> (88,69) -> (88,70) -> (88,71) -> (88,72) -> (88,73) -> (88,74) -> (88,75) -> 
(88,76) -> (88,77) -> (88,78) -> (88,79) -> (88,80) -> (88,81) -> (88,82) -> (88,83) -> (88,84) -> (88,85) -> 
(88,86) -> (88,87) -> (88,88) -> (88,89) -> (88,90) -> (88,91) -> (88,92) -> (88,93) -> (88,94) -> (88,95) -> 
(88,96) -> (88,97) -> (88,98) -> (88,99) -> (88,100) -> (88,101) -> (88,102) -> (88,103) -> (88,104) -> (88,105) -> 
(88,106) -> (88,107) -> (88,108) -> (88,109) -> (88,110) -> (88,111) -> (88,112) -> (88,113) -> (88,114) -> (88,115) -> 
(88,116) -> (88,117) -> (88,118) -> (89,118) -> (90,118) -> (91,118) -> (91,117) -> (91,116) -> (91,115) -> (91,114) -> 
(91,113) -> (91,112) -> (91,111) -> (91,110) -> (91,109) -> (91,108) -> (91,107) -> (91,106) -> (91,105) -> (91,104) -> 
(91,103) -> (91,102) -> (91,101) -> (91,100) -> (91,99) -> (91,98) -> (91,97) -> (91,96) -> (91,95) -> (91,94) -> 
(91,93) -> (91,92) -> (91,91) -> (91,90) -> (91,89) -> (91,88) -> (91,87) -> (91,86) -> (91,85) -> (91,84) -> 
(91,83) -> (91,82) -> (91,81) -> (91,80) -> (91,79) -> (91,78) -> (91,77) -> (91,76) -> (91,75) -> (91,74) -> 
(91,73) -> (91,72) -> (91,71) -> (91,70) -> (91,69) -> (91,68) -> (91,67) -> (91,66) -> (91,65) -> (91,64) -> 
(91,63) -> (91,62) -> (91,61) -> (91,60) -> (91,59) -> (91,58) -> (91,57) -> (91,56) -> (91,55) -> (91,54) -> 
(91,53) -> (91,52) -> (91,51) -> (91,50) -> (91,49) -> (91,48) -> (91,47) -> (91,46) -> (91,45) -> (91,44) -> 
(91,43) -> (91,42) -> (91,41) -> (91,40) -> (91,39) -> (91,38) -> (91,37) -> (91,36) -> (91,35) -> (91,34) -> 
(91,33) -> (91,32) -> (91,31) -> (91,30) -> (91,29) -> (91,28) -> (91,27) -> (91,26) -> (91,25) -> (91,24) -> 
(91,23) -> (91,22) -> (91,21) -> (91,20) -> (91,19) -> (91,18) -> (91,17) -> (91,16) -> (91,15) -> (91,14) -> 
(91,13) -> (91,12) -> (91,11) -> (91,10) -> (91,9) -> (91,8) -> (91,7) -> (91,6) -> (91,5) -> (91,4) -> 
(91,3) -> (91,2) -> (91,1) -> (92,1) -> (93,1) -> (94,1) -> (94,2) -> (94,3) -> (94,4) -> (94,5) -> 
(94,6) -> (94,7) -> (94,8) -> (94,9) -> (94,10) -> (94,11) -> (94,12) -> (94,13) -> (94,14) -> (94,15) -> 
(94,16) -> (94,17) -> (94,18) -> (94,19) -> (94,20) -> (94,21) -> (94,22) -> (94,23) -> (94,24) -> (94,25) -> 
(94,26) -> (94,27) -> (94,28) -> (94,29) -> (94,30) -> (94,31) -> (94,32) -> (94,33) -> (94,34) -> (94,35) -> 
(94,36) -> (94,37) -> (94,38) -> (94,39) -> (94,40) -> (94,41) -> (94,42) -> (94,43) -> (94,44) -> (94,45) -> 
(94,46) -> (94,47) -> (94,48) -> (94,49) -> (94,50) -> (94,51) -> (94,52) -> (94,53) -> (94,54) -> (94,55) -> 
(94,56) -> (94,57) -> (94,58) -> (94,59) -> (94,60) -> (94,61) -> (94,62) -> (94,63) -> (94,64) -> (94,65) -> 
(94,66) -> (94,67) -> (94,68) -> (94,69) -> (94,70) -> (94,71) -> (94,72) -> (94,73) -> (94,74) -> (94,75) -> 
(94,76) -> (94,77) -> (94,78) -> (94,79) -> (94,80) -> (94,81) -> (94,82) -> (94,83) -> (94,84) -> (94,85) -> 
(94,86) -> (94,87) -> (94,88) -> (94,89) -> (94,90) -> (94,91) -> (94,92) -> (94,93) -> (94,94) -> (94,95) -> 
(94,96) -> (94,97) -> (94,98) -> (94,99) -> (94,100) -> (94,101) -> (94,102) -> (94,103) -> (94,104) -> (94,105) -> 
(94,106) -> (94,107) -> (94,108) -> (94,109) -> (94,110) -> (94,111) -> (94,112) -> (94,113) -> (94,114) -> (94,115) -> 
(94,116) -> (94,117) -> (94,118) -> (95,118) -> (96,118) -> (97,118) -> (97,117) -> (97,116) -> (97,115) -> (97,114) -> 
(97,113) -> (97,112) -> (97,111) -> (97,110) -> (97,109) -> (97,108) -> (97,107) -> (97,106) -> (97,105) -> (97,104) -> 
(97,103) -> (97,102) -> (97,101) -> (97,100) -> (97,99) -> (97,98) -> (97,97) -> (97,96) -> (97,95) -> (97,94) -> 
(97,93) -> (97,92) -> (97,91) -> (97,90) -> (97,89) -> (97,88) -> (97,87) -> (97,86) -> (97,85) -> (97,84) -> 
(97,83) -> (97,82) -> (97,81) -> (97,80) -> (97,79) -> (97,78) -> (97,77) -> (97,76) -> (97,75) -> (97,74) -> 
(97,73) -> (97,72) -> (97,71) -> (97,70) -> (97,69) -> (97,68) -> (97,67) -> (97,66) -> (97,65) -> (97,64) -> 
(97,63) -> (97,62) -> (97,61) -> (97,60) -> (97,59) -> (97,58) -> (97,57) -> (97,56) -> (97,55) -> (97,54) -> 
(97,53) -> (97,52) -> (97,51) -> (97,50) -> (97,49) -> (97,48) -> (97,47) -> (97,46) -> (97,45) -> (97,44) -> 
(97,43) -> (97,42) -> (97,41) -> (97,40) -> (97,39) -> (97,38) -> (97,37) -> (97,36) -> (97,35) -> (97,34) -> 
(97,33) -> (97,32) -> (97,31) -> (97,30) -> (97,29) -> (97,28) -> (97,27) -> (97,26) -> (97,25) -> (97,24) -> 
(97,23) -> (97,22) -> (97,21) -> (97,20) -> (97,19) -> (97,18) -> (97,17) -> (97,16) -> (97,15) -> (97,14) -> 
(97,13) -> (97,12) -> (97,11) -> (97,10) -> (97,9) -> (97,8) -> (97,7) -> (97,6) -> (97,5) -> (97,4) -> 
(97,3) -> (97,2) -> (97,1) -> (98,1) -> (99,1) -> (100,1) -> (100,2) -> (100,3) -> (100,4) -> (100,5) -> 
(100,6) -> (100,7) -> (100,8) -> (100,9) -> (100,10) -> (100,11) -> (100,12) -> (100,13) -> (100,14) -> (100,15) -> 
(100,16) -> (100,17) -> (100,18) -> (100,19) -> (100,20) -> (100,21) -> (100,22) -> (100,23) -> (100,24) -> (100,25) -> 
(100,26) -> (100,27) -> (100,28) -> (100,29) -> (100,30) -> (100,31) -> (100,32) -> (100,33) -> (100,34) -> (100,35) -> 
(100,36) -> (100,37) -> (100,38) -> (100,39) -> (100,40) -> (100,41) -> (100,42) -> (100,43) -> (100,44) -> (100,45) -> 
(100,46) -> (100,47) -> (100,48) -> (100,49) -> (100,50) -> (100,51) -> (100,52) -> (100,53) -> (100,54) -> (100,55) -> 
(100,56) -> (100,57) -> (100,58) -> (100,59) -> (100,60) -> (100,61) -> (100,62) -> (100,63) -> (100,64) -> (100,65) -> 
(100,66) -> (100,67) -> (100,68) -> (100,69) -> (100,70) -> (100,71) -> (100,72) -> (100,73) -> (100,74) -> (100,75) -> 
(100,76) -> (100,77) -> (100,78) -> (100,79) -> (100,80) -> (100,81) -> (100,82) -> (100,83) -> (100,84) -> (100,85) -> 
(100,86) -> (100,87) -> (100,88) -> (100,89) -> (100,90) -> (100,91) -> (100,92) -> (100,93) -> (100,94) -> (100,95) -> 
(100,96) -> (100,97) -> (100,98) -> (100,99) -> (100,100) -> (100,101) -> (100,102) -> (100,103) -> (100,104) -> (100,105) -> 
(100,106) -> (100,107) -> (100,108) -> (100,109) -> (100,110) -> (100,111) -> (100,112) -> (100,113) -> (100,114) -> (100,115) -> 
(100,116) -> (100,117) -> (100,118) -> (101,118) -> (102,118) -> (103,118) -> (103,117) -> (103,116) -> (103,115) -> (103,114) -> 
(103,113) -> (103,112) -> (103,111) -> (103,110) -> (103,109) -> (103,108) -> (103,107) -> (103,106) -> (103,105) -> (103,104) -> 
(103,103) -> (103,102) -> (103,101) -> (103,100) -> (103,99) -> (103,98) -> (103,97) -> (103,96) -> (103,95) -> (103,94) -> 
(103,93) -> (103,92) -> (103,91) -> (103,90) -> (103,89) -> (103,88) -> (103,87) -> (103,86) -> (103,85) -> (103,84) -> 
(103,83) -> (103,82) -> (103,81) -> (103,80) -> (103,79) -> (103,78) -> (103,77) -> (103,76) -> (103,75) -> (103,74) -> 
(103,73) -> (103,72) -> (103,71) -> (103,70) -> (103,69) -> (103,68) -> (103,67) -> (103,66) -> (103,65) -> (103,64) -> 
(103,63) -> (103,62) -> (103,61) -> (103,60) -> (103,59) -> (103,58) -> (103,57) -> (103,56) -> (103,55) -> (103,54) -> 
(103,53) -> (103,52) -> (103,51) -> (103,50) -> (103,49) -> (103,48) -> (103,47) -> (103,46) -> (103,45) -> (103,44) -> 
(103,43) -> (103,42) -> (103,41) -> (103,40) -> (103,39) -> (103,38) -> (103,37) -> (103,36) -> (103,35) -> (103,34) -> 
(103,33) -> (103,32) -> (103,31) -> (103,30) -> (103,29) -> (103,28) -> (103,27) -> (103,26) -> (103,25) -> (103,24) -> 
(103,23) -> (103,22) -> (103,21) -> (103,20) -> (103,19) -> (103,18) -> (103,17) -> (103,16) -> (103,15) -> (103,14) -> 
(103,13) -> (103,12) -> (103,11) -> (103,10) -> (103,9) -> (103,8) -> (103,7) -> (103,6) -> (103,5) -> (103,4) -> 
(103,3) -> (103,2) -> (103,1) -> (104,1) -> (105,1) -> (106,1) -> (106,2) -> (106,3) -> (106,4) -> (106,5) -> 
(106,6) -> (106,7) -> (106,8) -> (106,9) -> (106,10) -> (106,11) -> (106,12) -> (106,13) -> (106,14) -> (106,15) -> 
(106,16) -> (106,17) -> (106,18) -> (106,19) -> (106,20) -> (106,21) -> (106,22) -> (106,23) -> (106,24) -> (106,25) -> 
(106,26) -> (106,27) -> (106,28) -> (106,29) -> (106,30) -> (106,31) -> (106,32) -> (106,33) -> (106,34) -> (106,35) -> 
(106,36) -> (106,37) -> (106,38) -> (106,39) -> (106,40) -> (106,41) -> (106,42) -> (106,43) -> (106,44) -> (106,45) -> 
(106,46) -> (106,47) -> (106,48) -> (106,49) -> (106,50) -> (106,51) -> (106,52) -> (106,53) -> (106,54) -> (106,55) -> 
(106,56) -> (106,57) -> (106,58) -> (106,59) -> (106,60) -> (106,61) -> (106,62) -> (106,63) -> (106,64) -> (106,65) -> 
(106,66) -> (106,67) -> (106,68) -> (106,69) -> (106,70) -> (106,71) -> (106,72) -> (106,73) -> (106,74) -> (106,75) -> 
(106,76) -> (106,77) -> (106,78) -> (106,79) -> (106,80) -> (106,81) -> (106,82) -> (106,83) -> (106,84) -> (106,85) -> 
(106,86) -> (106,87) -> (106,88) -> (106,89) -> (106,90) -> (106,91) -> (106,92) -> (106,93) -> (106,94) -> (106,95) -> 
(106,96) -> (106,97) -> (106,98) -> (106,99) -> (106,100) -> (106,101) -> (106,102) -> (106,103) -> (106,104) -> (106,105) -> 
(106,106) -> (106,107) -> (106,108) -> (106,109) -> (106,110) -> (106,111) -> (106,112) -> (106,113) -> (106,114) -> (106,115) -> 
(106,116) -> (106,117) -> (106,118) -> (107,118) -> (108,118) -> (109,118) -> (109,117) -> (109,116) -> (109,115) -> (109,114) -> 
(109,113) -> (109,112) -> (109,111) -> (109,110) -> (109,109) -> (109,108) -> (109,107) -> (109,106) -> (109,105) -> (109,104) -> 
(109,103) -> (109,102) -> (109,101) -> (109,100) -> (109,99) -> (109,98) -> (109,97) -> (109,96) -> (109,95) -> (109,94) -> 
(109,93) -> (109,92) -> (109,91) -> (109,90) -> (109,89) -> (109,88) -> (109,87) -> (109,86) -> (109,85) -> (109,84) -> 
(109,83) -> (109,82) -> (109,81) -> (109,80) -> (109,79) -> (109,78) -> (109,77) -> (109,76) -> (109,75) -> (109,74) -> 
(109,73) -> (109,72) -> (109,71) -> (109,70) -> (109,69) -> (109,68) -> (109,67) -> (109,66) -> (109,65) -> (109,64) -> 
(109,63) -> (109,62) -> (109,61) -> (109,60) -> (109,59) -> (109,58) -> (109,57) -> (109,56) -> (109,55) -> (109,54) -> 
(109,53) -> (109,52) -> (109,51) -> (109,50) -> (109,49) -> (109,48) -> (109,47) -> (109,46) -> (109,45) -> (109,44) -> 
(109,43) -> (109,42) -> (109,41) -> (109,40) -> (109,39) -> (109,38) -> (109,37) -> (109,36) -> (109,35) -> (109,34) -> 
(109,33) -> (109,32) -> (109,31) -> (109,30) -> (109,29) -> (109,28) -> (109,27) -> (109,26) -> (109,25) -> (109,24) -> 
(109,23) -> (109,22) -> (109,21) -> (109,20) -> (109,19) -> (109,18) -> (109,17) -> (109,16) -> (109,15) -> (109,14) -> 
(109,13) -> (109,12) -> (109,11) -> (109,10) -> (109,9) -> (109,8) -> (109,7) -> (109,6) -> (109,5) -> (109,4) -> 
(109,3) -> (109,2) -> (109,1) -> (110,1) -> (111,1) -> (112,1) -> (112,2) -> (112,3) -> (112,4) -> (112,5) -> 
(112,6) -> (112,7) -> (112,8) -> (112,9) -> (112,10) -> (112,11) -> (112,12) -> (112,13) -> (112,14) -> (112,15) -> 
(112,16) -> (112,17) -> (112,18) -> (112,19) -> (112,20) -> (112,21) -> (112,22) -> (112,23) -> (112,24) -> (112,25) -> 
(112,26) -> (112,27) -> (112,28) -> (112,29) -> (112,30) -> (112,31) -> (112,32) -> (112,33) -> (112,34) -> (112,35) -> 
(112,36) -> (112,37) -> (112,38) -> (112,39) -> (112,40) -> (112,41) -> (112,42) -> (112,43) -> (112,44) -> (112,45) -> 
(112,46) -> (112,47) -> (112,48) -> (112,49) -> (112,50) -> (112,51) -> (112,52) -> (112,53) -> (112,54) -> (112,55) -> 
(112,56) -> (112,57) -> (112,58) -> (112,59) -> (112,60) -> (112,61) -> (112,62) -> (112,63) -> (112,64) -> (112,65) -> 
(112,66) -> (112,67) -> (112,68) -> (112,69) -> (112,70) -> (112,71) -> (112,72) -> (112,73) -> (112,74) -> (112,75) -> 
(112,76) -> (112,77) -> (112,78) -> (112,79) -> (112,80) -> (112,81) -> (112,82) -> (112,83) -> (112,84) -> (112,85) -> 
(112,86) -> (112,87) -> (112,88) -> (112,89) -> (112,90) -> (112,91) -> (112,92) -> (112,93) -> (112,94) -> (112,95) -> 
(112,96) -> (112,97) -> (112,98) -> (112,99) -> (112,100) -> (112,101) -> (112,102) -> (112,103) -> (112,104) -> (112,105) -> 
(112,106) -> (112,107) -> (112,108) -> (112,109) -> (112,110) -> (112,111) -> (112,112) -> (112,113) -> (112,114) -> (112,115) -> 
(112,116) -> (112,117) -> (112,118) -> (113,118) -> (114,118) -> (115,118) -> (115,117) -> (115,116) -> (115,115) -> (115,114) -> 
(115,113) -> (115,112) -> (115,111) -> (115,110) -> (115,109) -> (115,108) -> (115,107) -> (115,106) -> (115,105) -> (115,104) -> 
(115,103) -> (115,102) -> (115,101) -> (115,100) -> (115,99) -> (115,98) -> (115,97) -> (115,96) -> (115,95) -> (115,94) -> 
(115,93) -> (115,92) -> (115,91) -> (115,90) -> (115,89) -> (115,88) -> (115,87) -> (115,86) -> (115,85) -> (115,84) -> 
(115,83) -> (115,82) -> (115,81) -> (115,80) -> (115,79) -> (115,78) -> (115,77) -> (115,76) -> (115,75) -> (115,74) -> 
(115,73) -> (115,72) -> (115,71) -> (115,70) -> (115,69) -> (115,68) -> (115,67) -> (115,66) -> (115,65) -> (115,64) -> 
(115,63) -> (115,62) -> (115,61) -> (115,60) -> (115,59) -> (115,58) -> (115,57) -> (115,56) -> (115,55) -> (115,54) -> 
(115,53) -> (115,52) -> (115,51) -> (115,50) -> (115,49) -> (115,48) -> (115,47) -> (115,46) -> (115,45) -> (115,44) -> 
(115,43) -> (115,42) -> (115,41) -> (115,40) -> (115,39) -> (115,38) -> (115,37) -> (115,36) -> (115,35) -> (115,34) -> 
(115,33) -> (115,32) -> (115,31) -> (115,30) -> (115,29) -> (115,28) -> (115,27) -> (115,26) -> (115,25) -> (115,24) -> 
(115,23) -> (115,22) -> (115,21) -> (115,20) -> (115,19) -> (115,18) -> (115,17) -> (115,16) -> (115,15) -> (115,14) -> 
(115,13) -> (115,12) -> (115,11) -> (115,10) -> (115,9) -> (115,8) -> (115,7) -> (115,6) -> (115,5) -> (115,4) -> 
(115,3) -> (115,2) -> (115,1) -> (116,1) -> (117,1) -> (118,1) -> (119,1) -> (119,2) -> (119,3) -> (119,4) -> 
(119,5) -> (119,6) -> (119,7) -> (119,8) -> (119,9) -> (119,10) -> (119,11) -> (119,12) -> (119,13) -> (119,14) -> 
(119,15) -> (119,16) -> (119,17) -> (119,18) -> (119,19) -> (119,20) -> (119,21) -> (119,22) -> (119,23) -> (119,24) -> 
(119,25) -> (119,26) -> (119,27) -> (119,28) -> (119,29) -> (119,30) -> (119,31) -> (119,32) -> (119,33) -> (119,34) -> 
(119,35) -> (119,36) -> (119,37) -> (119,38) -> (119,39) -> (119,40) -> (119,41) -> (119,42) -> (119,43) -> (119,44) -> 
(119,45) -> (119,46) -> (119,47) -> (119,48) -> (119,49) -> (119,50) -> (119,51) -> (119,52) -> (119,53) -> (119,54) -> 
(119,55) -> (119,56) -> (119,57) -> (119,58) -> (119,59) -> (119,60) -> (119,61) -> (119,62) -> (119,63) -> (119,64) -> 
(119,65) -> (119,66) -> (119,67) -> (119,68) -> (119,69) -> (119,70) -> (119,71) -> (119,72) -> (119,73) -> (119,74) -> 
(119,75) -> (119,76) -> (119,77) -> (119,78) -> (119,79) -> (119,80) -> (119,81) -> (119,82) -> (119,83) -> (119,84) -> 
(119,85) -> (119,86) -> (119,87) -> (119,88) -> (119,89) -> (119,90) -> (119,91) -> (119,92) -> (119,93) -> (119,94) -> 
(119,95) -> (119,96) -> (119,97) -> (119,98) -> (119,99) -> (119,100) -> (119,101) -> (119,102) -> (119,103) -> (119,104) -> 
(119,105) -> (119,106) -> (119,107) -> (119,108) -> (119,109) -> (119,110) -> (119,111) -> (119,112) -> (119,113) -> (119,114) -> 
(119,115) -> (119,116) -> (119,117) -> (119,118) -> (119,119)
