========================================================================================
   RISOLUZIONE MDP E CAMMINATA OTTIMA: soluzioni/soluzione_grid_8.txt
   Dimensioni Griglia: 80x80 | Start: (0,0) | Goal: (79,79)
========================================================================================

--- MATRICE DEI VALORI V* ---
  -19.96   -19.96   -19.96   -19.96   -19.95   -19.95   -19.95   -19.95   -19.94   -19.94   -19.94   -19.93   -19.93   -19.93   -19.92   -19.92   -19.91   -19.91   -19.90   -19.90   -19.89   -19.89   -19.88   -19.88   -19.87   -19.86   -19.86   -19.85   -19.84   -19.83   -19.82   -19.81   -19.80   -19.79   -19.78   -19.77   -19.76   -19.75   -19.73   -19.72   -19.70   -19.69   -19.67   -19.65   -19.64   -19.62   -19.60   -19.57   -19.55   -19.53   -19.50   -19.48   -19.45   -19.42   -19.39   -19.36   -19.33   -19.29   -19.25   -19.21   -19.17   -19.13   -19.08   -19.03   -18.98   -18.93   -18.87   -18.81   -18.75   -18.69   -18.62   -18.54   -18.47   -18.39   -18.30   -18.21   -18.12   -18.02   -17.91   -17.80 
  -19.96   -19.96   -19.96   -19.95   -19.95   -19.95   -19.95   -19.94   -19.94   -19.94   -19.93   -19.93   -19.93   -19.92   -19.92   -19.91   -19.91   -19.90   -19.90   -19.89   -19.89   -19.88   -19.88   -19.87   -19.86   -19.86   -19.85   -19.84   -19.83   -19.82   -19.81   -19.80   -19.79   -19.78   -19.77   -19.76   -19.75   -19.73   -19.72   -19.70   -19.69   -19.67   -19.65   -19.64   -19.62   -19.60   -19.57   -19.55   -19.53   -19.50   -19.48   -19.45   -19.42   -19.39   -19.36   -19.33   -19.29   -19.25   -19.21   -19.17   -19.13   -19.08   -19.03   -18.98   -18.93   -18.87   -18.81   -18.75   -18.69   -18.62   -18.54   -18.47   -18.39   -18.30   -18.21   -18.12   -18.02   -17.91   -17.80   -17.69 
  -19.96   -19.96   -19.95   -19.95   -19.95   -19.95   -19.94   -19.94   -19.94   -19.93   -19.93   -19.93   -19.92   -19.92   -19.91   -19.91   -19.90   -19.90   -19.89   -19.89   -19.88   -19.88   -19.87   -19.86   -19.86   -19.85   -19.84   -19.83   -19.82   -19.81   -19.80   -19.79   -19.78   -19.77   -19.76   -19.75   -19.73   -19.72   -19.70   -19.69   -19.67   -19.65   -19.64   -19.62   -19.60   -19.57   -19.55   -19.53   -19.50   -19.48   -19.45   -19.42   -19.39   -19.36   -19.33   -19.29   -19.25   -19.21   -19.17   -19.13   -19.08   -19.03   -18.98   -18.93   -18.87   -18.81   -18.75   -18.69   -18.62   -18.54   -18.47   -18.39   -18.30   -18.21   -18.12   -18.02   -17.91   -17.80   -17.69   -17.57 
  -19.96   -19.95   -19.95   -19.95   -19.95   -19.94   -19.94   -19.94   -19.93   -19.93   -19.93   -19.92   -19.92   -19.91   -19.91   -19.90   -19.90   -19.89   -19.89   -19.88   -19.88   -19.87   -19.86   -19.86   -19.85   -19.84   -19.83   -19.82   -19.81   -19.80   -19.79   -19.78   -19.77   -19.76   -19.75   -19.73   -19.72   -19.70   -19.69   -19.67   -19.65   -19.64   -19.62   -19.60   -19.57   -19.55   -19.53   -19.50   -19.48   -19.45   -19.42   -19.39   -19.36   -19.33   -19.29   -19.25   -19.21   -19.17   -19.13   -19.08   -19.03   -18.98   -18.93   -18.87   -18.81   -18.75   -18.69   -18.62   -18.54   -18.47   -18.39   -18.30   -18.21   -18.12   -18.02   -17.91   -17.80   -17.69   -17.57   -17.44 
  -19.95   -19.95   -19.95   -19.95     0.00   -19.95   -19.94   -19.94     0.00   -19.93   -19.92   -19.92     0.00   -19.92   -19.91   -19.91     0.00   -19.89   -19.88   -19.88     0.00   -19.88   -19.87   -19.86     0.00   -19.83   -19.82   -19.81     0.00   -19.81   -19.80   -19.79     0.00   -19.75   -19.73   -19.72     0.00   -19.72   -19.70   -19.69     0.00   -19.62   -19.60   -19.57     0.00   -19.57   -19.55   -19.53     0.00   -19.42   -19.39   -19.36     0.00   -19.36   -19.33   -19.29     0.00   -19.13   -19.08   -19.03     0.00   -19.03   -18.98   -18.93     0.00   -18.69   -18.62   -18.54     0.00   -18.54   -18.47   -18.39     0.00   -18.02   -17.91   -17.80   -17.69   -17.57   -17.44   -17.30 
  -19.95   -19.95   -19.95   -19.94     0.00   -19.95   -19.95   -19.94     0.00   -19.92   -19.92   -19.91     0.00   -19.92   -19.92   -19.91     0.00   -19.88   -19.88   -19.87     0.00   -19.88   -19.88   -19.87     0.00   -19.82   -19.81   -19.80     0.00   -19.82   -19.81   -19.80     0.00   -19.73   -19.72   -19.70     0.00   -19.73   -19.72   -19.70     0.00   -19.60   -19.57   -19.55     0.00   -19.60   -19.57   -19.55     0.00   -19.39   -19.36   -19.33     0.00   -19.39   -19.36   -19.33     0.00   -19.08   -19.03   -18.98     0.00   -19.08   -19.03   -18.98     0.00   -18.62   -18.54   -18.47     0.00   -18.62   -18.54   -18.47     0.00   -17.91   -17.80   -17.69   -17.57   -17.44   -17.30   -17.16 
  -19.95   -19.95   -19.94   -19.94     0.00   -19.95   -19.95   -19.95     0.00   -19.92   -19.91   -19.91     0.00   -19.93   -19.92   -19.92     0.00   -19.88   -19.87   -19.86     0.00   -19.89   -19.88   -19.88     0.00   -19.81   -19.80   -19.79     0.00   -19.83   -19.82   -19.81     0.00   -19.72   -19.70   -19.69     0.00   -19.75   -19.73   -19.72     0.00   -19.57   -19.55   -19.53     0.00   -19.62   -19.60   -19.57     0.00   -19.36   -19.33   -19.29     0.00   -19.42   -19.39   -19.36     0.00   -19.03   -18.98   -18.93     0.00   -19.13   -19.08   -19.03     0.00   -18.54   -18.47   -18.39     0.00   -18.69   -18.62   -18.54     0.00   -17.80   -17.69   -17.57   -17.44   -17.30   -17.16   -17.01 
  -19.95   -19.94   -19.94   -19.94     0.00   -19.95   -19.95   -19.95     0.00   -19.91   -19.91   -19.90     0.00   -19.93   -19.93   -19.92     0.00   -19.87   -19.86   -19.86     0.00   -19.89   -19.89   -19.88     0.00   -19.80   -19.79   -19.78     0.00   -19.84   -19.83   -19.82     0.00   -19.70   -19.69   -19.67     0.00   -19.76   -19.75   -19.73     0.00   -19.55   -19.53   -19.50     0.00   -19.64   -19.62   -19.60     0.00   -19.33   -19.29   -19.25     0.00   -19.45   -19.42   -19.39     0.00   -18.98   -18.93   -18.87     0.00   -19.17   -19.13   -19.08     0.00   -18.47   -18.39   -18.30     0.00   -18.75   -18.69   -18.62     0.00   -17.69   -17.57   -17.44   -17.30   -17.16   -17.01   -16.86 
  -19.94   -19.94   -19.94   -19.93     0.00     0.00     0.00     0.00     0.00   -19.91   -19.90   -19.90     0.00     0.00     0.00     0.00     0.00   -19.86   -19.86   -19.85     0.00     0.00     0.00     0.00     0.00   -19.79   -19.78   -19.77     0.00     0.00     0.00     0.00     0.00   -19.69   -19.67   -19.65     0.00     0.00     0.00     0.00     0.00   -19.53   -19.50   -19.48     0.00     0.00     0.00     0.00     0.00   -19.29   -19.25   -19.21     0.00     0.00     0.00     0.00     0.00   -18.93   -18.87   -18.81     0.00     0.00     0.00     0.00     0.00   -18.39   -18.30   -18.21     0.00     0.00     0.00     0.00     0.00   -17.57   -17.44   -17.30   -17.16   -17.01   -16.86   -16.69 
  -19.94   -19.94   -19.93   -19.93   -19.93   -19.92   -19.92   -19.91   -19.91   -19.90   -19.90   -19.89   -19.89   -19.88   -19.88   -19.87   -19.86   -19.86   -19.85   -19.84   -19.83   -19.82   -19.81   -19.80   -19.79   -19.78   -19.77   -19.76   -19.75   -19.73   -19.72   -19.70   -19.69   -19.67   -19.65   -19.64   -19.62   -19.60   -19.57   -19.55   -19.53   -19.50   -19.48   -19.45   -19.42   -19.39   -19.36   -19.33   -19.29   -19.25   -19.21   -19.17   -19.13   -19.08   -19.03   -18.98   -18.93   -18.87   -18.81   -18.75   -18.69   -18.62   -18.54   -18.47   -18.39   -18.30   -18.21   -18.12   -18.02   -17.91   -17.80   -17.69   -17.57   -17.44   -17.30   -17.16   -17.01   -16.86   -16.69   -16.52 
  -19.94   -19.93   -19.93   -19.93   -19.92   -19.92   -19.91   -19.91   -19.90   -19.90   -19.89   -19.89   -19.88   -19.88   -19.87   -19.86   -19.86   -19.85   -19.84   -19.83   -19.82   -19.81   -19.80   -19.79   -19.78   -19.77   -19.76   -19.75   -19.73   -19.72   -19.70   -19.69   -19.67   -19.65   -19.64   -19.62   -19.60   -19.57   -19.55   -19.53   -19.50   -19.48   -19.45   -19.42   -19.39   -19.36   -19.33   -19.29   -19.25   -19.21   -19.17   -19.13   -19.08   -19.03   -18.98   -18.93   -18.87   -18.81   -18.75   -18.69   -18.62   -18.54   -18.47   -18.39   -18.30   -18.21   -18.12   -18.02   -17.91   -17.80   -17.69   -17.57   -17.44   -17.30   -17.16   -17.01   -16.86   -16.69   -16.52   -16.33 
  -19.93   -19.93   -19.93   -19.92   -19.92   -19.91   -19.91   -19.90   -19.90   -19.89   -19.89   -19.88   -19.88   -19.87   -19.86   -19.86   -19.85   -19.84   -19.83   -19.82   -19.81   -19.80   -19.79   -19.78   -19.77   -19.76   -19.75   -19.73   -19.72   -19.70   -19.69   -19.67   -19.65   -19.64   -19.62   -19.60   -19.57   -19.55   -19.53   -19.50   -19.48   -19.45   -19.42   -19.39   -19.36   -19.33   -19.29   -19.25   -19.21   -19.17   -19.13   -19.08   -19.03   -18.98   -18.93   -18.87   -18.81   -18.75   -18.69   -18.62   -18.54   -18.47   -18.39   -18.30   -18.21   -18.12   -18.02   -17.91   -17.80   -17.69   -17.57   -17.44   -17.30   -17.16   -17.01   -16.86   -16.69   -16.52   -16.33   -16.14 
  -19.93   -19.93   -19.92   -19.92     0.00   -19.92   -19.91   -19.91     0.00   -19.89   -19.88   -19.88     0.00   -19.88   -19.87   -19.86     0.00   -19.83   -19.82   -19.81     0.00   -19.81   -19.80   -19.79     0.00   -19.75   -19.73   -19.72     0.00   -19.72   -19.70   -19.69     0.00   -19.62   -19.60   -19.57     0.00   -19.57   -19.55   -19.53     0.00   -19.42   -19.39   -19.36     0.00   -19.36   -19.33   -19.29     0.00   -19.13   -19.08   -19.03     0.00   -19.03   -18.98   -18.93     0.00   -18.69   -18.62   -18.54     0.00   -18.54   -18.47   -18.39     0.00   -18.02   -17.91   -17.80     0.00   -17.80   -17.69   -17.57     0.00   -17.01   -16.86   -16.69   -16.52   -16.33   -16.14   -15.94 
  -19.93   -19.92   -19.92   -19.91     0.00   -19.92   -19.92   -19.91     0.00   -19.88   -19.88   -19.87     0.00   -19.88   -19.88   -19.87     0.00   -19.82   -19.81   -19.80     0.00   -19.82   -19.81   -19.80     0.00   -19.73   -19.72   -19.70     0.00   -19.73   -19.72   -19.70     0.00   -19.60   -19.57   -19.55     0.00   -19.60   -19.57   -19.55     0.00   -19.39   -19.36   -19.33     0.00   -19.39   -19.36   -19.33     0.00   -19.08   -19.03   -18.98     0.00   -19.08   -19.03   -18.98     0.00   -18.62   -18.54   -18.47     0.00   -18.62   -18.54   -18.47     0.00   -17.91   -17.80   -17.69     0.00   -17.91   -17.80   -17.69     0.00   -16.86   -16.69   -16.52   -16.33   -16.14   -15.94   -15.72 
  -19.92   -19.92   -19.91   -19.91     0.00   -19.93   -19.92   -19.92     0.00   -19.88   -19.87   -19.86     0.00   -19.89   -19.88   -19.88     0.00   -19.81   -19.80   -19.79     0.00   -19.83   -19.82   -19.81     0.00   -19.72   -19.70   -19.69     0.00   -19.75   -19.73   -19.72     0.00   -19.57   -19.55   -19.53     0.00   -19.62   -19.60   -19.57     0.00   -19.36   -19.33   -19.29     0.00   -19.42   -19.39   -19.36     0.00   -19.03   -18.98   -18.93     0.00   -19.13   -19.08   -19.03     0.00   -18.54   -18.47   -18.39     0.00   -18.69   -18.62   -18.54     0.00   -17.80   -17.69   -17.57     0.00   -18.02   -17.91   -17.80     0.00   -16.69   -16.52   -16.33   -16.14   -15.94   -15.72   -15.50 
  -19.92   -19.91   -19.91   -19.90     0.00   -19.93   -19.93   -19.92     0.00   -19.87   -19.86   -19.86     0.00   -19.89   -19.89   -19.88     0.00   -19.80   -19.79   -19.78     0.00   -19.84   -19.83   -19.82     0.00   -19.70   -19.69   -19.67     0.00   -19.76   -19.75   -19.73     0.00   -19.55   -19.53   -19.50     0.00   -19.64   -19.62   -19.60     0.00   -19.33   -19.29   -19.25     0.00   -19.45   -19.42   -19.39     0.00   -18.98   -18.93   -18.87     0.00   -19.17   -19.13   -19.08     0.00   -18.47   -18.39   -18.30     0.00   -18.75   -18.69   -18.62     0.00   -17.69   -17.57   -17.44     0.00   -18.12   -18.02   -17.91     0.00   -16.52   -16.33   -16.14   -15.94   -15.72   -15.50   -15.26 
  -19.91   -19.91   -19.90   -19.90     0.00     0.00     0.00     0.00     0.00   -19.86   -19.86   -19.85     0.00     0.00     0.00     0.00     0.00   -19.79   -19.78   -19.77     0.00     0.00     0.00     0.00     0.00   -19.69   -19.67   -19.65     0.00     0.00     0.00     0.00     0.00   -19.53   -19.50   -19.48     0.00     0.00     0.00     0.00     0.00   -19.29   -19.25   -19.21     0.00     0.00     0.00     0.00     0.00   -18.93   -18.87   -18.81     0.00     0.00     0.00     0.00     0.00   -18.39   -18.30   -18.21     0.00     0.00     0.00     0.00     0.00   -17.57   -17.44   -17.30     0.00     0.00     0.00     0.00     0.00   -16.33   -16.14   -15.94   -15.72   -15.50   -15.26   -15.01 
  -19.91   -19.90   -19.90   -19.89   -19.89   -19.88   -19.88   -19.87   -19.86   -19.86   -19.85   -19.84   -19.83   -19.82   -19.81   -19.80   -19.79   -19.78   -19.77   -19.76   -19.75   -19.73   -19.72   -19.70   -19.69   -19.67   -19.65   -19.64   -19.62   -19.60   -19.57   -19.55   -19.53   -19.50   -19.48   -19.45   -19.42   -19.39   -19.36   -19.33   -19.29   -19.25   -19.21   -19.17   -19.13   -19.08   -19.03   -18.98   -18.93   -18.87   -18.81   -18.75   -18.69   -18.62   -18.54   -18.47   -18.39   -18.30   -18.21   -18.12   -18.02   -17.91   -17.80   -17.69   -17.57   -17.44   -17.30   -17.16   -17.01   -16.86   -16.69   -16.52   -16.33   -16.14   -15.94   -15.72   -15.50   -15.26   -15.01   -14.75 
  -19.90   -19.90   -19.89   -19.89   -19.88   -19.88   -19.87   -19.86   -19.86   -19.85   -19.84   -19.83   -19.82   -19.81   -19.80   -19.79   -19.78   -19.77   -19.76   -19.75   -19.73   -19.72   -19.70   -19.69   -19.67   -19.65   -19.64   -19.62   -19.60   -19.57   -19.55   -19.53   -19.50   -19.48   -19.45   -19.42   -19.39   -19.36   -19.33   -19.29   -19.25   -19.21   -19.17   -19.13   -19.08   -19.03   -18.98   -18.93   -18.87   -18.81   -18.75   -18.69   -18.62   -18.54   -18.47   -18.39   -18.30   -18.21   -18.12   -18.02   -17.91   -17.80   -17.69   -17.57   -17.44   -17.30   -17.16   -17.01   -16.86   -16.69   -16.52   -16.33   -16.14   -15.94   -15.72   -15.50   -15.26   -15.01   -14.75   -14.47 
  -19.90   -19.89   -19.89   -19.88   -19.88   -19.87   -19.86   -19.86   -19.85   -19.84   -19.83   -19.82   -19.81   -19.80   -19.79   -19.78   -19.77   -19.76   -19.75   -19.73   -19.72   -19.70   -19.69   -19.67   -19.65   -19.64   -19.62   -19.60   -19.57   -19.55   -19.53   -19.50   -19.48   -19.45   -19.42   -19.39   -19.36   -19.33   -19.29   -19.25   -19.21   -19.17   -19.13   -19.08   -19.03   -18.98   -18.93   -18.87   -18.81   -18.75   -18.69   -18.62   -18.54   -18.47   -18.39   -18.30   -18.21   -18.12   -18.02   -17.91   -17.80   -17.69   -17.57   -17.44   -17.30   -17.16   -17.01   -16.86   -16.69   -16.52   -16.33   -16.14   -15.94   -15.72   -15.50   -15.26   -15.01   -14.75   -14.47   -14.18 
  -19.89   -19.89   -19.88   -19.88     0.00   -19.88   -19.87   -19.86     0.00   -19.83   -19.82   -19.81     0.00   -19.81   -19.80   -19.79     0.00   -19.75   -19.73   -19.72     0.00   -19.72   -19.70   -19.69     0.00   -19.62   -19.60   -19.57     0.00   -19.57   -19.55   -19.53     0.00   -19.42   -19.39   -19.36     0.00   -19.36   -19.33   -19.29     0.00   -19.13   -19.08   -19.03     0.00   -19.03   -18.98   -18.93     0.00   -18.69   -18.62   -18.54     0.00   -18.54   -18.47   -18.39     0.00   -18.02   -17.91   -17.80     0.00   -17.80   -17.69   -17.57     0.00   -17.01   -16.86   -16.69     0.00   -16.69   -16.52   -16.33     0.00   -15.50   -15.26   -15.01   -14.75   -14.47   -14.18   -13.87 
  -19.89   -19.88   -19.88   -19.87     0.00   -19.88   -19.88   -19.87     0.00   -19.82   -19.81   -19.80     0.00   -19.82   -19.81   -19.80     0.00   -19.73   -19.72   -19.70     0.00   -19.73   -19.72   -19.70     0.00   -19.60   -19.57   -19.55     0.00   -19.60   -19.57   -19.55     0.00   -19.39   -19.36   -19.33     0.00   -19.39   -19.36   -19.33     0.00   -19.08   -19.03   -18.98     0.00   -19.08   -19.03   -18.98     0.00   -18.62   -18.54   -18.47     0.00   -18.62   -18.54   -18.47     0.00   -17.91   -17.80   -17.69     0.00   -17.91   -17.80   -17.69     0.00   -16.86   -16.69   -16.52     0.00   -16.86   -16.69   -16.52     0.00   -15.26   -15.01   -14.75   -14.47   -14.18   -13.87   -13.55 
  -19.88   -19.88   -19.87   -19.86     0.00   -19.89   -19.88   -19.88     0.00   -19.81   -19.80   -19.79     0.00   -19.83   -19.82   -19.81     0.00   -19.72   -19.70   -19.69     0.00   -19.75   -19.73   -19.72     0.00   -19.57   -19.55   -19.53     0.00   -19.62   -19.60   -19.57     0.00   -19.36   -19.33   -19.29     0.00   -19.42   -19.39   -19.36     0.00   -19.03   -18.98   -18.93     0.00   -19.13   -19.08   -19.03     0.00   -18.54   -18.47   -18.39     0.00   -18.69   -18.62   -18.54     0.00   -17.80   -17.69   -17.57     0.00   -18.02   -17.91   -17.80     0.00   -16.69   -16.52   -16.33     0.00   -17.01   -16.86   -16.69     0.00   -15.01   -14.75   -14.47   -14.18   -13.87   -13.55   -13.21 
  -19.88   -19.87   -19.86   -19.86     0.00   -19.89   -19.89   -19.88     0.00   -19.80   -19.79   -19.78     0.00   -19.84   -19.83   -19.82     0.00   -19.70   -19.69   -19.67     0.00   -19.76   -19.75   -19.73     0.00   -19.55   -19.53   -19.50     0.00   -19.64   -19.62   -19.60     0.00   -19.33   -19.29   -19.25     0.00   -19.45   -19.42   -19.39     0.00   -18.98   -18.93   -18.87     0.00   -19.17   -19.13   -19.08     0.00   -18.47   -18.39   -18.30     0.00   -18.75   -18.69   -18.62     0.00   -17.69   -17.57   -17.44     0.00   -18.12   -18.02   -17.91     0.00   -16.52   -16.33   -16.14     0.00   -17.16   -17.01   -16.86     0.00   -14.75   -14.47   -14.18   -13.87   -13.55   -13.21   -12.86 
  -19.87   -19.86   -19.86   -19.85     0.00     0.00     0.00     0.00     0.00   -19.79   -19.78   -19.77     0.00     0.00     0.00     0.00     0.00   -19.69   -19.67   -19.65     0.00     0.00     0.00     0.00     0.00   -19.53   -19.50   -19.48     0.00     0.00     0.00     0.00     0.00   -19.29   -19.25   -19.21     0.00     0.00     0.00     0.00     0.00   -18.93   -18.87   -18.81     0.00     0.00     0.00     0.00     0.00   -18.39   -18.30   -18.21     0.00     0.00     0.00     0.00     0.00   -17.57   -17.44   -17.30     0.00     0.00     0.00     0.00     0.00   -16.33   -16.14   -15.94     0.00     0.00     0.00     0.00     0.00   -14.47   -14.18   -13.87   -13.55   -13.21   -12.86   -12.48 
  -19.86   -19.86   -19.85   -19.84   -19.83   -19.82   -19.81   -19.80   -19.79   -19.78   -19.77   -19.76   -19.75   -19.73   -19.72   -19.70   -19.69   -19.67   -19.65   -19.64   -19.62   -19.60   -19.57   -19.55   -19.53   -19.50   -19.48   -19.45   -19.42   -19.39   -19.36   -19.33   -19.29   -19.25   -19.21   -19.17   -19.13   -19.08   -19.03   -18.98   -18.93   -18.87   -18.81   -18.75   -18.69   -18.62   -18.54   -18.47   -18.39   -18.30   -18.21   -18.12   -18.02   -17.91   -17.80   -17.69   -17.57   -17.44   -17.30   -17.16   -17.01   -16.86   -16.69   -16.52   -16.33   -16.14   -15.94   -15.72   -15.50   -15.26   -15.01   -14.75   -14.47   -14.18   -13.87   -13.55   -13.21   -12.86   -12.48   -12.08 
  -19.86   -19.85   -19.84   -19.83   -19.82   -19.81   -19.80   -19.79   -19.78   -19.77   -19.76   -19.75   -19.73   -19.72   -19.70   -19.69   -19.67   -19.65   -19.64   -19.62   -19.60   -19.57   -19.55   -19.53   -19.50   -19.48   -19.45   -19.42   -19.39   -19.36   -19.33   -19.29   -19.25   -19.21   -19.17   -19.13   -19.08   -19.03   -18.98   -18.93   -18.87   -18.81   -18.75   -18.69   -18.62   -18.54   -18.47   -18.39   -18.30   -18.21   -18.12   -18.02   -17.91   -17.80   -17.69   -17.57   -17.44   -17.30   -17.16   -17.01   -16.86   -16.69   -16.52   -16.33   -16.14   -15.94   -15.72   -15.50   -15.26   -15.01   -14.75   -14.47   -14.18   -13.87   -13.55   -13.21   -12.86   -12.48   -12.08   -11.67 
  -19.85   -19.84   -19.83   -19.82   -19.81   -19.80   -19.79   -19.78   -19.77   -19.76   -19.75   -19.73   -19.72   -19.70   -19.69   -19.67   -19.65   -19.64   -19.62   -19.60   -19.57   -19.55   -19.53   -19.50   -19.48   -19.45   -19.42   -19.39   -19.36   -19.33   -19.29   -19.25   -19.21   -19.17   -19.13   -19.08   -19.03   -18.98   -18.93   -18.87   -18.81   -18.75   -18.69   -18.62   -18.54   -18.47   -18.39   -18.30   -18.21   -18.12   -18.02   -17.91   -17.80   -17.69   -17.57   -17.44   -17.30   -17.16   -17.01   -16.86   -16.69   -16.52   -16.33   -16.14   -15.94   -15.72   -15.50   -15.26   -15.01   -14.75   -14.47   -14.18   -13.87   -13.55   -13.21   -12.86   -12.48   -12.08   -11.67   -11.23 
  -19.84   -19.83   -19.82   -19.81     0.00   -19.81   -19.80   -19.79     0.00   -19.75   -19.73   -19.72     0.00   -19.72   -19.70   -19.69     0.00   -19.62   -19.60   -19.57     0.00   -19.57   -19.55   -19.53     0.00   -19.42   -19.39   -19.36     0.00   -19.36   -19.33   -19.29     0.00   -19.13   -19.08   -19.03     0.00   -19.03   -18.98   -18.93     0.00   -18.69   -18.62   -18.54     0.00   -18.54   -18.47   -18.39     0.00   -18.02   -17.91   -17.80     0.00   -17.80   -17.69   -17.57     0.00   -17.01   -16.86   -16.69     0.00   -16.69   -16.52   -16.33     0.00   -15.50   -15.26   -15.01     0.00   -15.01   -14.75   -14.47     0.00   -13.21   -12.86   -12.48   -12.08   -11.67   -11.23   -10.77 
  -19.83   -19.82   -19.81   -19.80     0.00   -19.82   -19.81   -19.80     0.00   -19.73   -19.72   -19.70     0.00   -19.73   -19.72   -19.70     0.00   -19.60   -19.57   -19.55     0.00   -19.60   -19.57   -19.55     0.00   -19.39   -19.36   -19.33     0.00   -19.39   -19.36   -19.33     0.00   -19.08   -19.03   -18.98     0.00   -19.08   -19.03   -18.98     0.00   -18.62   -18.54   -18.47     0.00   -18.62   -18.54   -18.47     0.00   -17.91   -17.80   -17.69     0.00   -17.91   -17.80   -17.69     0.00   -16.86   -16.69   -16.52     0.00   -16.86   -16.69   -16.52     0.00   -15.26   -15.01   -14.75     0.00   -15.26   -15.01   -14.75     0.00   -12.86   -12.48   -12.08   -11.67   -11.23   -10.77   -10.28 
  -19.82   -19.81   -19.80   -19.79     0.00   -19.83   -19.82   -19.81     0.00   -19.72   -19.70   -19.69     0.00   -19.75   -19.73   -19.72     0.00   -19.57   -19.55   -19.53     0.00   -19.62   -19.60   -19.57     0.00   -19.36   -19.33   -19.29     0.00   -19.42   -19.39   -19.36     0.00   -19.03   -18.98   -18.93     0.00   -19.13   -19.08   -19.03     0.00   -18.54   -18.47   -18.39     0.00   -18.69   -18.62   -18.54     0.00   -17.80   -17.69   -17.57     0.00   -18.02   -17.91   -17.80     0.00   -16.69   -16.52   -16.33     0.00   -17.01   -16.86   -16.69     0.00   -15.01   -14.75   -14.47     0.00   -15.50   -15.26   -15.01     0.00   -12.48   -12.08   -11.67   -11.23   -10.77   -10.28    -9.77 
  -19.81   -19.80   -19.79   -19.78     0.00   -19.84   -19.83   -19.82     0.00   -19.70   -19.69   -19.67     0.00   -19.76   -19.75   -19.73     0.00   -19.55   -19.53   -19.50     0.00   -19.64   -19.62   -19.60     0.00   -19.33   -19.29   -19.25     0.00   -19.45   -19.42   -19.39     0.00   -18.98   -18.93   -18.87     0.00   -19.17   -19.13   -19.08     0.00   -18.47   -18.39   -18.30     0.00   -18.75   -18.69   -18.62     0.00   -17.69   -17.57   -17.44     0.00   -18.12   -18.02   -17.91     0.00   -16.52   -16.33   -16.14     0.00   -17.16   -17.01   -16.86     0.00   -14.75   -14.47   -14.18     0.00   -15.72   -15.50   -15.26     0.00   -12.08   -11.67   -11.23   -10.77   -10.28    -9.77    -9.23 
  -19.80   -19.79   -19.78   -19.77     0.00     0.00     0.00     0.00     0.00   -19.69   -19.67   -19.65     0.00     0.00     0.00     0.00     0.00   -19.53   -19.50   -19.48     0.00     0.00     0.00     0.00     0.00   -19.29   -19.25   -19.21     0.00     0.00     0.00     0.00     0.00   -18.93   -18.87   -18.81     0.00     0.00     0.00     0.00     0.00   -18.39   -18.30   -18.21     0.00     0.00     0.00     0.00     0.00   -17.57   -17.44   -17.30     0.00     0.00     0.00     0.00     0.00   -16.33   -16.14   -15.94     0.00     0.00     0.00     0.00     0.00   -14.47   -14.18   -13.87     0.00     0.00     0.00     0.00     0.00   -11.67   -11.23   -10.77   -10.28    -9.77    -9.23    -8.66 
  -19.79   -19.78   -19.77   -19.76   -19.75   -19.73   -19.72   -19.70   -19.69   -19.67   -19.65   -19.64   -19.62   -19.60   -19.57   -19.55   -19.53   -19.50   -19.48   -19.45   -19.42   -19.39   -19.36   -19.33   -19.29   -19.25   -19.21   -19.17   -19.13   -19.08   -19.03   -18.98   -18.93   -18.87   -18.81   -18.75   -18.69   -18.62   -18.54   -18.47   -18.39   -18.30   -18.21   -18.12   -18.02   -17.91   -17.80   -17.69   -17.57   -17.44   -17.30   -17.16   -17.01   -16.86   -16.69   -16.52   -16.33   -16.14   -15.94   -15.72   -15.50   -15.26   -15.01   -14.75   -14.47   -14.18   -13.87   -13.55   -13.21   -12.86   -12.48   -12.08   -11.67   -11.23   -10.77   -10.28    -9.77    -9.23    -8.66    -8.07 
  -19.78   -19.77   -19.76   -19.75   -19.73   -19.72   -19.70   -19.69   -19.67   -19.65   -19.64   -19.62   -19.60   -19.57   -19.55   -19.53   -19.50   -19.48   -19.45   -19.42   -19.39   -19.36   -19.33   -19.29   -19.25   -19.21   -19.17   -19.13   -19.08   -19.03   -18.98   -18.93   -18.87   -18.81   -18.75   -18.69   -18.62   -18.54   -18.47   -18.39   -18.30   -18.21   -18.12   -18.02   -17.91   -17.80   -17.69   -17.57   -17.44   -17.30   -17.16   -17.01   -16.86   -16.69   -16.52   -16.33   -16.14   -15.94   -15.72   -15.50   -15.26   -15.01   -14.75   -14.47   -14.18   -13.87   -13.55   -13.21   -12.86   -12.48   -12.08   -11.67   -11.23   -10.77   -10.28    -9.77    -9.23    -8.66    -8.07    -7.44 
  -19.77   -19.76   -19.75   -19.73   -19.72   -19.70   -19.69   -19.67   -19.65   -19.64   -19.62   -19.60   -19.57   -19.55   -19.53   -19.50   -19.48   -19.45   -19.42   -19.39   -19.36   -19.33   -19.29   -19.25   -19.21   -19.17   -19.13   -19.08   -19.03   -18.98   -18.93   -18.87   -18.81   -18.75   -18.69   -18.62   -18.54   -18.47   -18.39   -18.30   -18.21   -18.12   -18.02   -17.91   -17.80   -17.69   -17.57   -17.44   -17.30   -17.16   -17.01   -16.86   -16.69   -16.52   -16.33   -16.14   -15.94   -15.72   -15.50   -15.26   -15.01   -14.75   -14.47   -14.18   -13.87   -13.55   -13.21   -12.86   -12.48   -12.08   -11.67   -11.23   -10.77   -10.28    -9.77    -9.23    -8.66    -8.07    -7.44    -6.78 
  -19.76   -19.75   -19.73   -19.72     0.00   -19.72   -19.70   -19.69     0.00   -19.62   -19.60   -19.57     0.00   -19.57   -19.55   -19.53     0.00   -19.42   -19.39   -19.36     0.00   -19.36   -19.33   -19.29     0.00   -19.13   -19.08   -19.03     0.00   -19.03   -18.98   -18.93     0.00   -18.69   -18.62   -18.54     0.00   -18.54   -18.47   -18.39     0.00   -18.02   -17.91   -17.80     0.00   -17.80   -17.69   -17.57     0.00   -17.01   -16.86   -16.69     0.00   -16.69   -16.52   -16.33     0.00   -15.50   -15.26   -15.01     0.00   -15.01   -14.75   -14.47     0.00   -13.21   -12.86   -12.48     0.00   -12.48   -12.08   -11.67     0.00    -9.77    -9.23    -8.66    -8.07    -7.44    -6.78    -6.08 
  -19.75   -19.73   -19.72   -19.70     0.00   -19.73   -19.72   -19.70     0.00   -19.60   -19.57   -19.55     0.00   -19.60   -19.57   -19.55     0.00   -19.39   -19.36   -19.33     0.00   -19.39   -19.36   -19.33     0.00   -19.08   -19.03   -18.98     0.00   -19.08   -19.03   -18.98     0.00   -18.62   -18.54   -18.47     0.00   -18.62   -18.54   -18.47     0.00   -17.91   -17.80   -17.69     0.00   -17.91   -17.80   -17.69     0.00   -16.86   -16.69   -16.52     0.00   -16.86   -16.69   -16.52     0.00   -15.26   -15.01   -14.75     0.00   -15.26   -15.01   -14.75     0.00   -12.86   -12.48   -12.08     0.00   -12.86   -12.48   -12.08     0.00    -9.23    -8.66    -8.07    -7.44    -6.78    -6.08    -5.35 
  -19.73   -19.72   -19.70   -19.69     0.00   -19.75   -19.73   -19.72     0.00   -19.57   -19.55   -19.53     0.00   -19.62   -19.60   -19.57     0.00   -19.36   -19.33   -19.29     0.00   -19.42   -19.39   -19.36     0.00   -19.03   -18.98   -18.93     0.00   -19.13   -19.08   -19.03     0.00   -18.54   -18.47   -18.39     0.00   -18.69   -18.62   -18.54     0.00   -17.80   -17.69   -17.57     0.00   -18.02   -17.91   -17.80     0.00   -16.69   -16.52   -16.33     0.00   -17.01   -16.86   -16.69     0.00   -15.01   -14.75   -14.47     0.00   -15.50   -15.26   -15.01     0.00   -12.48   -12.08   -11.67     0.00   -13.21   -12.86   -12.48     0.00    -8.66    -8.07    -7.44    -6.78    -6.08    -5.35    -4.58 
  -19.72   -19.70   -19.69   -19.67     0.00   -19.76   -19.75   -19.73     0.00   -19.55   -19.53   -19.50     0.00   -19.64   -19.62   -19.60     0.00   -19.33   -19.29   -19.25     0.00   -19.45   -19.42   -19.39     0.00   -18.98   -18.93   -18.87     0.00   -19.17   -19.13   -19.08     0.00   -18.47   -18.39   -18.30     0.00   -18.75   -18.69   -18.62     0.00   -17.69   -17.57   -17.44     0.00   -18.12   -18.02   -17.91     0.00   -16.52   -16.33   -16.14     0.00   -17.16   -17.01   -16.86     0.00   -14.75   -14.47   -14.18     0.00   -15.72   -15.50   -15.26     0.00   -12.08   -11.67   -11.23     0.00   -13.55   -13.21   -12.86     0.00    -8.07    -7.44    -6.78    -6.08    -5.35    -4.58    -3.77 
  -19.70   -19.69   -19.67   -19.65     0.00     0.00     0.00     0.00     0.00   -19.53   -19.50   -19.48     0.00     0.00     0.00     0.00     0.00   -19.29   -19.25   -19.21     0.00     0.00     0.00     0.00     0.00   -18.93   -18.87   -18.81     0.00     0.00     0.00     0.00     0.00   -18.39   -18.30   -18.21     0.00     0.00     0.00     0.00     0.00   -17.57   -17.44   -17.30     0.00     0.00     0.00     0.00     0.00   -16.33   -16.14   -15.94     0.00     0.00     0.00     0.00     0.00   -14.47   -14.18   -13.87     0.00     0.00     0.00     0.00     0.00   -11.67   -11.23   -10.77     0.00     0.00     0.00     0.00     0.00    -7.44    -6.78    -6.08    -5.35    -4.58    -3.77    -2.91 
  -19.69   -19.67   -19.65   -19.64   -19.62   -19.60   -19.57   -19.55   -19.53   -19.50   -19.48   -19.45   -19.42   -19.39   -19.36   -19.33   -19.29   -19.25   -19.21   -19.17   -19.13   -19.08   -19.03   -18.98   -18.93   -18.87   -18.81   -18.75   -18.69   -18.62   -18.54   -18.47   -18.39   -18.30   -18.21   -18.12   -18.02   -17.91   -17.80   -17.69   -17.57   -17.44   -17.30   -17.16   -17.01   -16.86   -16.69   -16.52   -16.33   -16.14   -15.94   -15.72   -15.50   -15.26   -15.01   -14.75   -14.47   -14.18   -13.87   -13.55   -13.21   -12.86   -12.48   -12.08   -11.67   -11.23   -10.77   -10.28    -9.77    -9.23    -8.66    -8.07    -7.44    -6.78    -6.08    -5.35    -4.58    -3.77    -2.91    -2.01 
  -19.67   -19.65   -19.64   -19.62   -19.60   -19.57   -19.55   -19.53   -19.50   -19.48   -19.45   -19.42   -19.39   -19.36   -19.33   -19.29   -19.25   -19.21   -19.17   -19.13   -19.08   -19.03   -18.98   -18.93   -18.87   -18.81   -18.75   -18.69   -18.62   -18.54   -18.47   -18.39   -18.30   -18.21   -18.12   -18.02   -17.91   -17.80   -17.69   -17.57   -17.44   -17.30   -17.16   -17.01   -16.86   -16.69   -16.52   -16.33   -16.14   -15.94   -15.72   -15.50   -15.26   -15.01   -14.75   -14.47   -14.18   -13.87   -13.55   -13.21   -12.86   -12.48   -12.08   -11.67   -11.23   -10.77   -10.28    -9.77    -9.23    -8.66    -8.07    -7.44    -6.78    -6.08    -5.35    -4.58    -3.77    -2.91    -2.01    -1.07 
  -19.65   -19.64   -19.62   -19.60   -19.57   -19.55   -19.53   -19.50   -19.48   -19.45   -19.42   -19.39   -19.36   -19.33   -19.29   -19.25   -19.21   -19.17   -19.13   -19.08   -19.03   -18.98   -18.93   -18.87   -18.81   -18.75   -18.69   -18.62   -18.54   -18.47   -18.39   -18.30   -18.21   -18.12   -18.02   -17.91   -17.80   -17.69   -17.57   -17.44   -17.30   -17.16   -17.01   -16.86   -16.69   -16.52   -16.33   -16.14   -15.94   -15.72   -15.50   -15.26   -15.01   -14.75   -14.47   -14.18   -13.87   -13.55   -13.21   -12.86   -12.48   -12.08   -11.67   -11.23   -10.77   -10.28    -9.77    -9.23    -8.66    -8.07    -7.44    -6.78    -6.08    -5.35    -4.58    -3.77    -2.91    -2.01    -1.07    -0.07 
  -19.64   -19.62   -19.60   -19.57     0.00   -19.57   -19.55   -19.53     0.00   -19.42   -19.39   -19.36     0.00   -19.36   -19.33   -19.29     0.00   -19.13   -19.08   -19.03     0.00   -19.03   -18.98   -18.93     0.00   -18.69   -18.62   -18.54     0.00   -18.54   -18.47   -18.39     0.00   -18.02   -17.91   -17.80     0.00   -17.80   -17.69   -17.57     0.00   -17.01   -16.86   -16.69     0.00   -16.69   -16.52   -16.33     0.00   -15.50   -15.26   -15.01     0.00   -15.01   -14.75   -14.47     0.00   -13.21   -12.86   -12.48     0.00   -12.48   -12.08   -11.67     0.00    -9.77    -9.23    -8.66     0.00    -8.66    -8.07    -7.44     0.00    -4.58    -3.77    -2.91    -2.01    -1.07    -0.07     0.98 
  -19.62   -19.60   -19.57   -19.55     0.00   -19.60   -19.57   -19.55     0.00   -19.39   -19.36   -19.33     0.00   -19.39   -19.36   -19.33     0.00   -19.08   -19.03   -18.98     0.00   -19.08   -19.03   -18.98     0.00   -18.62   -18.54   -18.47     0.00   -18.62   -18.54   -18.47     0.00   -17.91   -17.80   -17.69     0.00   -17.91   -17.80   -17.69     0.00   -16.86   -16.69   -16.52     0.00   -16.86   -16.69   -16.52     0.00   -15.26   -15.01   -14.75     0.00   -15.26   -15.01   -14.75     0.00   -12.86   -12.48   -12.08     0.00   -12.86   -12.48   -12.08     0.00    -9.23    -8.66    -8.07     0.00    -9.23    -8.66    -8.07     0.00    -3.77    -2.91    -2.01    -1.07    -0.07     0.98     2.08 
  -19.60   -19.57   -19.55   -19.53     0.00   -19.62   -19.60   -19.57     0.00   -19.36   -19.33   -19.29     0.00   -19.42   -19.39   -19.36     0.00   -19.03   -18.98   -18.93     0.00   -19.13   -19.08   -19.03     0.00   -18.54   -18.47   -18.39     0.00   -18.69   -18.62   -18.54     0.00   -17.80   -17.69   -17.57     0.00   -18.02   -17.91   -17.80     0.00   -16.69   -16.52   -16.33     0.00   -17.01   -16.86   -16.69     0.00   -15.01   -14.75   -14.47     0.00   -15.50   -15.26   -15.01     0.00   -12.48   -12.08   -11.67     0.00   -13.21   -12.86   -12.48     0.00    -8.66    -8.07    -7.44     0.00    -9.77    -9.23    -8.66     0.00    -2.91    -2.01    -1.07    -0.07     0.98     2.08     3.25 
  -19.57   -19.55   -19.53   -19.50     0.00   -19.64   -19.62   -19.60     0.00   -19.33   -19.29   -19.25     0.00   -19.45   -19.42   -19.39     0.00   -18.98   -18.93   -18.87     0.00   -19.17   -19.13   -19.08     0.00   -18.47   -18.39   -18.30     0.00   -18.75   -18.69   -18.62     0.00   -17.69   -17.57   -17.44     0.00   -18.12   -18.02   -17.91     0.00   -16.52   -16.33   -16.14     0.00   -17.16   -17.01   -16.86     0.00   -14.75   -14.47   -14.18     0.00   -15.72   -15.50   -15.26     0.00   -12.08   -11.67   -11.23     0.00   -13.55   -13.21   -12.86     0.00    -8.07    -7.44    -6.78     0.00   -10.28    -9.77    -9.23     0.00    -2.01    -1.07    -0.07     0.98     2.08     3.25     4.47 
  -19.55   -19.53   -19.50   -19.48     0.00     0.00     0.00     0.00     0.00   -19.29   -19.25   -19.21     0.00     0.00     0.00     0.00     0.00   -18.93   -18.87   -18.81     0.00     0.00     0.00     0.00     0.00   -18.39   -18.30   -18.21     0.00     0.00     0.00     0.00     0.00   -17.57   -17.44   -17.30     0.00     0.00     0.00     0.00     0.00   -16.33   -16.14   -15.94     0.00     0.00     0.00     0.00     0.00   -14.47   -14.18   -13.87     0.00     0.00     0.00     0.00     0.00   -11.67   -11.23   -10.77     0.00     0.00     0.00     0.00     0.00    -7.44    -6.78    -6.08     0.00     0.00     0.00     0.00     0.00    -1.07    -0.07     0.98     2.08     3.25     4.47     5.76 
  -19.53   -19.50   -19.48   -19.45   -19.42   -19.39   -19.36   -19.33   -19.29   -19.25   -19.21   -19.17   -19.13   -19.08   -19.03   -18.98   -18.93   -18.87   -18.81   -18.75   -18.69   -18.62   -18.54   -18.47   -18.39   -18.30   -18.21   -18.12   -18.02   -17.91   -17.80   -17.69   -17.57   -17.44   -17.30   -17.16   -17.01   -16.86   -16.69   -16.52   -16.33   -16.14   -15.94   -15.72   -15.50   -15.26   -15.01   -14.75   -14.47   -14.18   -13.87   -13.55   -13.21   -12.86   -12.48   -12.08   -11.67   -11.23   -10.77   -10.28    -9.77    -9.23    -8.66    -8.07    -7.44    -6.78    -6.08    -5.35    -4.58    -3.77    -2.91    -2.01    -1.07    -0.07     0.98     2.08     3.25     4.47     5.76     7.11 
  -19.50   -19.48   -19.45   -19.42   -19.39   -19.36   -19.33   -19.29   -19.25   -19.21   -19.17   -19.13   -19.08   -19.03   -18.98   -18.93   -18.87   -18.81   -18.75   -18.69   -18.62   -18.54   -18.47   -18.39   -18.30   -18.21   -18.12   -18.02   -17.91   -17.80   -17.69   -17.57   -17.44   -17.30   -17.16   -17.01   -16.86   -16.69   -16.52   -16.33   -16.14   -15.94   -15.72   -15.50   -15.26   -15.01   -14.75   -14.47   -14.18   -13.87   -13.55   -13.21   -12.86   -12.48   -12.08   -11.67   -11.23   -10.77   -10.28    -9.77    -9.23    -8.66    -8.07    -7.44    -6.78    -6.08    -5.35    -4.58    -3.77    -2.91    -2.01    -1.07    -0.07     0.98     2.08     3.25     4.47     5.76     7.11     8.54 
  -19.48   -19.45   -19.42   -19.39   -19.36   -19.33   -19.29   -19.25   -19.21   -19.17   -19.13   -19.08   -19.03   -18.98   -18.93   -18.87   -18.81   -18.75   -18.69   -18.62   -18.54   -18.47   -18.39   -18.30   -18.21   -18.12   -18.02   -17.91   -17.80   -17.69   -17.57   -17.44   -17.30   -17.16   -17.01   -16.86   -16.69   -16.52   -16.33   -16.14   -15.94   -15.72   -15.50   -15.26   -15.01   -14.75   -14.47   -14.18   -13.87   -13.55   -13.21   -12.86   -12.48   -12.08   -11.67   -11.23   -10.77   -10.28    -9.77    -9.23    -8.66    -8.07    -7.44    -6.78    -6.08    -5.35    -4.58    -3.77    -2.91    -2.01    -1.07    -0.07     0.98     2.08     3.25     4.47     5.76     7.11     8.54    10.04 
  -19.45   -19.42   -19.39   -19.36     0.00   -19.36   -19.33   -19.29     0.00   -19.13   -19.08   -19.03     0.00   -19.03   -18.98   -18.93     0.00   -18.69   -18.62   -18.54     0.00   -18.54   -18.47   -18.39     0.00   -18.02   -17.91   -17.80     0.00   -17.80   -17.69   -17.57     0.00   -17.01   -16.86   -16.69     0.00   -16.69   -16.52   -16.33     0.00   -15.50   -15.26   -15.01     0.00   -15.01   -14.75   -14.47     0.00   -13.21   -12.86   -12.48     0.00   -12.48   -12.08   -11.67     0.00    -9.77    -9.23    -8.66     0.00    -8.66    -8.07    -7.44     0.00    -4.58    -3.77    -2.91     0.00    -2.91    -2.01    -1.07     0.00     3.25     4.47     5.76     7.11     8.54    10.04    11.62 
  -19.42   -19.39   -19.36   -19.33     0.00   -19.39   -19.36   -19.33     0.00   -19.08   -19.03   -18.98     0.00   -19.08   -19.03   -18.98     0.00   -18.62   -18.54   -18.47     0.00   -18.62   -18.54   -18.47     0.00   -17.91   -17.80   -17.69     0.00   -17.91   -17.80   -17.69     0.00   -16.86   -16.69   -16.52     0.00   -16.86   -16.69   -16.52     0.00   -15.26   -15.01   -14.75     0.00   -15.26   -15.01   -14.75     0.00   -12.86   -12.48   -12.08     0.00   -12.86   -12.48   -12.08     0.00    -9.23    -8.66    -8.07     0.00    -9.23    -8.66    -8.07     0.00    -3.77    -2.91    -2.01     0.00    -3.77    -2.91    -2.01     0.00     4.47     5.76     7.11     8.54    10.04    11.62    13.29 
  -19.39   -19.36   -19.33   -19.29     0.00   -19.42   -19.39   -19.36     0.00   -19.03   -18.98   -18.93     0.00   -19.13   -19.08   -19.03     0.00   -18.54   -18.47   -18.39     0.00   -18.69   -18.62   -18.54     0.00   -17.80   -17.69   -17.57     0.00   -18.02   -17.91   -17.80     0.00   -16.69   -16.52   -16.33     0.00   -17.01   -16.86   -16.69     0.00   -15.01   -14.75   -14.47     0.00   -15.50   -15.26   -15.01     0.00   -12.48   -12.08   -11.67     0.00   -13.21   -12.86   -12.48     0.00    -8.66    -8.07    -7.44     0.00    -9.77    -9.23    -8.66     0.00    -2.91    -2.01    -1.07     0.00    -4.58    -3.77    -2.91     0.00     5.76     7.11     8.54    10.04    11.62    13.29    15.04 
  -19.36   -19.33   -19.29   -19.25     0.00   -19.45   -19.42   -19.39     0.00   -18.98   -18.93   -18.87     0.00   -19.17   -19.13   -19.08     0.00   -18.47   -18.39   -18.30     0.00   -18.75   -18.69   -18.62     0.00   -17.69   -17.57   -17.44     0.00   -18.12   -18.02   -17.91     0.00   -16.52   -16.33   -16.14     0.00   -17.16   -17.01   -16.86     0.00   -14.75   -14.47   -14.18     0.00   -15.72   -15.50   -15.26     0.00   -12.08   -11.67   -11.23     0.00   -13.55   -13.21   -12.86     0.00    -8.07    -7.44    -6.78     0.00   -10.28    -9.77    -9.23     0.00    -2.01    -1.07    -0.07     0.00    -5.35    -4.58    -3.77     0.00     7.11     8.54    10.04    11.62    13.29    15.04    16.88 
  -19.33   -19.29   -19.25   -19.21     0.00     0.00     0.00     0.00     0.00   -18.93   -18.87   -18.81     0.00     0.00     0.00     0.00     0.00   -18.39   -18.30   -18.21     0.00     0.00     0.00     0.00     0.00   -17.57   -17.44   -17.30     0.00     0.00     0.00     0.00     0.00   -16.33   -16.14   -15.94     0.00     0.00     0.00     0.00     0.00   -14.47   -14.18   -13.87     0.00     0.00     0.00     0.00     0.00   -11.67   -11.23   -10.77     0.00     0.00     0.00     0.00     0.00    -7.44    -6.78    -6.08     0.00     0.00     0.00     0.00     0.00    -1.07    -0.07     0.98     0.00     0.00     0.00     0.00     0.00     8.54    10.04    11.62    13.29    15.04    16.88    18.82 
  -19.29   -19.25   -19.21   -19.17   -19.13   -19.08   -19.03   -18.98   -18.93   -18.87   -18.81   -18.75   -18.69   -18.62   -18.54   -18.47   -18.39   -18.30   -18.21   -18.12   -18.02   -17.91   -17.80   -17.69   -17.57   -17.44   -17.30   -17.16   -17.01   -16.86   -16.69   -16.52   -16.33   -16.14   -15.94   -15.72   -15.50   -15.26   -15.01   -14.75   -14.47   -14.18   -13.87   -13.55   -13.21   -12.86   -12.48   -12.08   -11.67   -11.23   -10.77   -10.28    -9.77    -9.23    -8.66    -8.07    -7.44    -6.78    -6.08    -5.35    -4.58    -3.77    -2.91    -2.01    -1.07    -0.07     0.98     2.08     3.25     4.47     5.76     7.11     8.54    10.04    11.62    13.29    15.04    16.88    18.82    20.87 
  -19.25   -19.21   -19.17   -19.13   -19.08   -19.03   -18.98   -18.93   -18.87   -18.81   -18.75   -18.69   -18.62   -18.54   -18.47   -18.39   -18.30   -18.21   -18.12   -18.02   -17.91   -17.80   -17.69   -17.57   -17.44   -17.30   -17.16   -17.01   -16.86   -16.69   -16.52   -16.33   -16.14   -15.94   -15.72   -15.50   -15.26   -15.01   -14.75   -14.47   -14.18   -13.87   -13.55   -13.21   -12.86   -12.48   -12.08   -11.67   -11.23   -10.77   -10.28    -9.77    -9.23    -8.66    -8.07    -7.44    -6.78    -6.08    -5.35    -4.58    -3.77    -2.91    -2.01    -1.07    -0.07     0.98     2.08     3.25     4.47     5.76     7.11     8.54    10.04    11.62    13.29    15.04    16.88    18.82    20.87    23.02 
  -19.21   -19.17   -19.13   -19.08   -19.03   -18.98   -18.93   -18.87   -18.81   -18.75   -18.69   -18.62   -18.54   -18.47   -18.39   -18.30   -18.21   -18.12   -18.02   -17.91   -17.80   -17.69   -17.57   -17.44   -17.30   -17.16   -17.01   -16.86   -16.69   -16.52   -16.33   -16.14   -15.94   -15.72   -15.50   -15.26   -15.01   -14.75   -14.47   -14.18   -13.87   -13.55   -13.21   -12.86   -12.48   -12.08   -11.67   -11.23   -10.77   -10.28    -9.77    -9.23    -8.66    -8.07    -7.44    -6.78    -6.08    -5.35    -4.58    -3.77    -2.91    -2.01    -1.07    -0.07     0.98     2.08     3.25     4.47     5.76     7.11     8.54    10.04    11.62    13.29    15.04    16.88    18.82    20.87    23.02    25.28 
  -19.17   -19.13   -19.08   -19.03     0.00   -19.03   -18.98   -18.93     0.00   -18.69   -18.62   -18.54     0.00   -18.54   -18.47   -18.39     0.00   -18.02   -17.91   -17.80     0.00   -17.80   -17.69   -17.57     0.00   -17.01   -16.86   -16.69     0.00   -16.69   -16.52   -16.33     0.00   -15.50   -15.26   -15.01     0.00   -15.01   -14.75   -14.47     0.00   -13.21   -12.86   -12.48     0.00   -12.48   -12.08   -11.67     0.00    -9.77    -9.23    -8.66     0.00    -8.66    -8.07    -7.44     0.00    -4.58    -3.77    -2.91     0.00    -2.91    -2.01    -1.07     0.00     3.25     4.47     5.76     0.00     5.76     7.11     8.54     0.00    15.04    16.88    18.82    20.87    23.02    25.28    27.67 
  -19.13   -19.08   -19.03   -18.98     0.00   -19.08   -19.03   -18.98     0.00   -18.62   -18.54   -18.47     0.00   -18.62   -18.54   -18.47     0.00   -17.91   -17.80   -17.69     0.00   -17.91   -17.80   -17.69     0.00   -16.86   -16.69   -16.52     0.00   -16.86   -16.69   -16.52     0.00   -15.26   -15.01   -14.75     0.00   -15.26   -15.01   -14.75     0.00   -12.86   -12.48   -12.08     0.00   -12.86   -12.48   -12.08     0.00    -9.23    -8.66    -8.07     0.00    -9.23    -8.66    -8.07     0.00    -3.77    -2.91    -2.01     0.00    -3.77    -2.91    -2.01     0.00     4.47     5.76     7.11     0.00     4.47     5.76     7.11     0.00    16.88    18.82    20.87    23.02    25.28    27.67    30.17 
  -19.08   -19.03   -18.98   -18.93     0.00   -19.13   -19.08   -19.03     0.00   -18.54   -18.47   -18.39     0.00   -18.69   -18.62   -18.54     0.00   -17.80   -17.69   -17.57     0.00   -18.02   -17.91   -17.80     0.00   -16.69   -16.52   -16.33     0.00   -17.01   -16.86   -16.69     0.00   -15.01   -14.75   -14.47     0.00   -15.50   -15.26   -15.01     0.00   -12.48   -12.08   -11.67     0.00   -13.21   -12.86   -12.48     0.00    -8.66    -8.07    -7.44     0.00    -9.77    -9.23    -8.66     0.00    -2.91    -2.01    -1.07     0.00    -4.58    -3.77    -2.91     0.00     5.76     7.11     8.54     0.00     3.25     4.47     5.76     0.00    18.82    20.87    23.02    25.28    27.67    30.17    32.82 
  -19.03   -18.98   -18.93   -18.87     0.00   -19.17   -19.13   -19.08     0.00   -18.47   -18.39   -18.30     0.00   -18.75   -18.69   -18.62     0.00   -17.69   -17.57   -17.44     0.00   -18.12   -18.02   -17.91     0.00   -16.52   -16.33   -16.14     0.00   -17.16   -17.01   -16.86     0.00   -14.75   -14.47   -14.18     0.00   -15.72   -15.50   -15.26     0.00   -12.08   -11.67   -11.23     0.00   -13.55   -13.21   -12.86     0.00    -8.07    -7.44    -6.78     0.00   -10.28    -9.77    -9.23     0.00    -2.01    -1.07    -0.07     0.00    -5.35    -4.58    -3.77     0.00     7.11     8.54    10.04     0.00     2.08     3.25     4.47     0.00    20.87    23.02    25.28    27.67    30.17    32.82    35.59 
  -18.98   -18.93   -18.87   -18.81     0.00     0.00     0.00     0.00     0.00   -18.39   -18.30   -18.21     0.00     0.00     0.00     0.00     0.00   -17.57   -17.44   -17.30     0.00     0.00     0.00     0.00     0.00   -16.33   -16.14   -15.94     0.00     0.00     0.00     0.00     0.00   -14.47   -14.18   -13.87     0.00     0.00     0.00     0.00     0.00   -11.67   -11.23   -10.77     0.00     0.00     0.00     0.00     0.00    -7.44    -6.78    -6.08     0.00     0.00     0.00     0.00     0.00    -1.07    -0.07     0.98     0.00     0.00     0.00     0.00     0.00     8.54    10.04    11.62     0.00     0.00     0.00     0.00     0.00    23.02    25.28    27.67    30.17    32.82    35.59    38.52 
  -18.93   -18.87   -18.81   -18.75   -18.69   -18.62   -18.54   -18.47   -18.39   -18.30   -18.21   -18.12   -18.02   -17.91   -17.80   -17.69   -17.57   -17.44   -17.30   -17.16   -17.01   -16.86   -16.69   -16.52   -16.33   -16.14   -15.94   -15.72   -15.50   -15.26   -15.01   -14.75   -14.47   -14.18   -13.87   -13.55   -13.21   -12.86   -12.48   -12.08   -11.67   -11.23   -10.77   -10.28    -9.77    -9.23    -8.66    -8.07    -7.44    -6.78    -6.08    -5.35    -4.58    -3.77    -2.91    -2.01    -1.07    -0.07     0.98     2.08     3.25     4.47     5.76     7.11     8.54    10.04    11.62    13.29    15.04    16.88    18.82    20.87    23.02    25.28    27.67    30.17    32.82    35.59    38.52    41.60 
  -18.87   -18.81   -18.75   -18.69   -18.62   -18.54   -18.47   -18.39   -18.30   -18.21   -18.12   -18.02   -17.91   -17.80   -17.69   -17.57   -17.44   -17.30   -17.16   -17.01   -16.86   -16.69   -16.52   -16.33   -16.14   -15.94   -15.72   -15.50   -15.26   -15.01   -14.75   -14.47   -14.18   -13.87   -13.55   -13.21   -12.86   -12.48   -12.08   -11.67   -11.23   -10.77   -10.28    -9.77    -9.23    -8.66    -8.07    -7.44    -6.78    -6.08    -5.35    -4.58    -3.77    -2.91    -2.01    -1.07    -0.07     0.98     2.08     3.25     4.47     5.76     7.11     8.54    10.04    11.62    13.29    15.04    16.88    18.82    20.87    23.02    25.28    27.67    30.17    32.82    35.59    38.52    41.60    44.84 
  -18.81   -18.75   -18.69   -18.62   -18.54   -18.47   -18.39   -18.30   -18.21   -18.12   -18.02   -17.91   -17.80   -17.69   -17.57   -17.44   -17.30   -17.16   -17.01   -16.86   -16.69   -16.52   -16.33   -16.14   -15.94   -15.72   -15.50   -15.26   -15.01   -14.75   -14.47   -14.18   -13.87   -13.55   -13.21   -12.86   -12.48   -12.08   -11.67   -11.23   -10.77   -10.28    -9.77    -9.23    -8.66    -8.07    -7.44    -6.78    -6.08    -5.35    -4.58    -3.77    -2.91    -2.01    -1.07    -0.07     0.98     2.08     3.25     4.47     5.76     7.11     8.54    10.04    11.62    13.29    15.04    16.88    18.82    20.87    23.02    25.28    27.67    30.17    32.82    35.59    38.52    41.60    44.84    48.26 
  -18.75   -18.69   -18.62   -18.54     0.00   -18.54   -18.47   -18.39     0.00   -18.02   -17.91   -17.80     0.00   -17.80   -17.69   -17.57     0.00   -17.01   -16.86   -16.69     0.00   -16.69   -16.52   -16.33     0.00   -15.50   -15.26   -15.01     0.00   -15.01   -14.75   -14.47     0.00   -13.21   -12.86   -12.48     0.00   -12.48   -12.08   -11.67     0.00    -9.77    -9.23    -8.66     0.00    -8.66    -8.07    -7.44     0.00    -4.58    -3.77    -2.91     0.00    -2.91    -2.01    -1.07     0.00     3.25     4.47     5.76     0.00     5.76     7.11     8.54     0.00    15.04    16.88    18.82     0.00    18.82    20.87    23.02     0.00    32.82    35.59    38.52    41.60    44.84    48.26    51.85 
  -18.69   -18.62   -18.54   -18.47     0.00   -18.62   -18.54   -18.47     0.00   -17.91   -17.80   -17.69     0.00   -17.91   -17.80   -17.69     0.00   -16.86   -16.69   -16.52     0.00   -16.86   -16.69   -16.52     0.00   -15.26   -15.01   -14.75     0.00   -15.26   -15.01   -14.75     0.00   -12.86   -12.48   -12.08     0.00   -12.86   -12.48   -12.08     0.00    -9.23    -8.66    -8.07     0.00    -9.23    -8.66    -8.07     0.00    -3.77    -2.91    -2.01     0.00    -3.77    -2.91    -2.01     0.00     4.47     5.76     7.11     0.00     4.47     5.76     7.11     0.00    16.88    18.82    20.87     0.00    16.88    18.82    20.87     0.00    35.59    38.52    41.60    44.84    48.26    51.85    55.63 
  -18.62   -18.54   -18.47   -18.39     0.00   -18.69   -18.62   -18.54     0.00   -17.80   -17.69   -17.57     0.00   -18.02   -17.91   -17.80     0.00   -16.69   -16.52   -16.33     0.00   -17.01   -16.86   -16.69     0.00   -15.01   -14.75   -14.47     0.00   -15.50   -15.26   -15.01     0.00   -12.48   -12.08   -11.67     0.00   -13.21   -12.86   -12.48     0.00    -8.66    -8.07    -7.44     0.00    -9.77    -9.23    -8.66     0.00    -2.91    -2.01    -1.07     0.00    -4.58    -3.77    -2.91     0.00     5.76     7.11     8.54     0.00     3.25     4.47     5.76     0.00    18.82    20.87    23.02     0.00    15.04    16.88    18.82     0.00    38.52    41.60    44.84    48.26    51.85    55.63    59.61 
  -18.54   -18.47   -18.39   -18.30     0.00   -18.75   -18.69   -18.62     0.00   -17.69   -17.57   -17.44     0.00   -18.12   -18.02   -17.91     0.00   -16.52   -16.33   -16.14     0.00   -17.16   -17.01   -16.86     0.00   -14.75   -14.47   -14.18     0.00   -15.72   -15.50   -15.26     0.00   -12.08   -11.67   -11.23     0.00   -13.55   -13.21   -12.86     0.00    -8.07    -7.44    -6.78     0.00   -10.28    -9.77    -9.23     0.00    -2.01    -1.07    -0.07     0.00    -5.35    -4.58    -3.77     0.00     7.11     8.54    10.04     0.00     2.08     3.25     4.47     0.00    20.87    23.02    25.28     0.00    13.29    15.04    16.88     0.00    41.60    44.84    48.26    51.85    55.63    59.61    63.80 
  -18.47   -18.39   -18.30   -18.21     0.00     0.00     0.00     0.00     0.00   -17.57   -17.44   -17.30     0.00     0.00     0.00     0.00     0.00   -16.33   -16.14   -15.94     0.00     0.00     0.00     0.00     0.00   -14.47   -14.18   -13.87     0.00     0.00     0.00     0.00     0.00   -11.67   -11.23   -10.77     0.00     0.00     0.00     0.00     0.00    -7.44    -6.78    -6.08     0.00     0.00     0.00     0.00     0.00    -1.07    -0.07     0.98     0.00     0.00     0.00     0.00     0.00     8.54    10.04    11.62     0.00     0.00     0.00     0.00     0.00    23.02    25.28    27.67     0.00     0.00     0.00     0.00     0.00    44.84    48.26    51.85    55.63    59.61    63.80    68.21 
  -18.39   -18.30   -18.21   -18.12   -18.02   -17.91   -17.80   -17.69   -17.57   -17.44   -17.30   -17.16   -17.01   -16.86   -16.69   -16.52   -16.33   -16.14   -15.94   -15.72   -15.50   -15.26   -15.01   -14.75   -14.47   -14.18   -13.87   -13.55   -13.21   -12.86   -12.48   -12.08   -11.67   -11.23   -10.77   -10.28    -9.77    -9.23    -8.66    -8.07    -7.44    -6.78    -6.08    -5.35    -4.58    -3.77    -2.91    -2.01    -1.07    -0.07     0.98     2.08     3.25     4.47     5.76     7.11     8.54    10.04    11.62    13.29    15.04    16.88    18.82    20.87    23.02    25.28    27.67    30.17    32.82    35.59    38.52    41.60    44.84    48.26    51.85    55.63    59.61    63.80    68.21    72.85 
  -18.30   -18.21   -18.12   -18.02   -17.91   -17.80   -17.69   -17.57   -17.44   -17.30   -17.16   -17.01   -16.86   -16.69   -16.52   -16.33   -16.14   -15.94   -15.72   -15.50   -15.26   -15.01   -14.75   -14.47   -14.18   -13.87   -13.55   -13.21   -12.86   -12.48   -12.08   -11.67   -11.23   -10.77   -10.28    -9.77    -9.23    -8.66    -8.07    -7.44    -6.78    -6.08    -5.35    -4.58    -3.77    -2.91    -2.01    -1.07    -0.07     0.98     2.08     3.25     4.47     5.76     7.11     8.54    10.04    11.62    13.29    15.04    16.88    18.82    20.87    23.02    25.28    27.67    30.17    32.82    35.59    38.52    41.60    44.84    48.26    51.85    55.63    59.61    63.80    68.21    72.85    77.74 
  -18.21   -18.12   -18.02   -17.91   -17.80   -17.69   -17.57   -17.44   -17.30   -17.16   -17.01   -16.86   -16.69   -16.52   -16.33   -16.14   -15.94   -15.72   -15.50   -15.26   -15.01   -14.75   -14.47   -14.18   -13.87   -13.55   -13.21   -12.86   -12.48   -12.08   -11.67   -11.23   -10.77   -10.28    -9.77    -9.23    -8.66    -8.07    -7.44    -6.78    -6.08    -5.35    -4.58    -3.77    -2.91    -2.01    -1.07    -0.07     0.98     2.08     3.25     4.47     5.76     7.11     8.54    10.04    11.62    13.29    15.04    16.88    18.82    20.87    23.02    25.28    27.67    30.17    32.82    35.59    38.52    41.60    44.84    48.26    51.85    55.63    59.61    63.80    68.21    72.85    77.74    82.88 
  -18.12   -18.02   -17.91   -17.80   -17.69   -17.57   -17.44   -17.30   -17.16   -17.01   -16.86   -16.69   -16.52   -16.33   -16.14   -15.94   -15.72   -15.50   -15.26   -15.01   -14.75   -14.47   -14.18   -13.87   -13.55   -13.21   -12.86   -12.48   -12.08   -11.67   -11.23   -10.77   -10.28    -9.77    -9.23    -8.66    -8.07    -7.44    -6.78    -6.08    -5.35    -4.58    -3.77    -2.91    -2.01    -1.07    -0.07     0.98     2.08     3.25     4.47     5.76     7.11     8.54    10.04    11.62    13.29    15.04    16.88    18.82    20.87    23.02    25.28    27.67    30.17    32.82    35.59    38.52    41.60    44.84    48.26    51.85    55.63    59.61    63.80    68.21    72.85    77.74    82.88    88.30 
  -18.02   -17.91   -17.80   -17.69   -17.57   -17.44   -17.30   -17.16   -17.01   -16.86   -16.69   -16.52   -16.33   -16.14   -15.94   -15.72   -15.50   -15.26   -15.01   -14.75   -14.47   -14.18   -13.87   -13.55   -13.21   -12.86   -12.48   -12.08   -11.67   -11.23   -10.77   -10.28    -9.77    -9.23    -8.66    -8.07    -7.44    -6.78    -6.08    -5.35    -4.58    -3.77    -2.91    -2.01    -1.07    -0.07     0.98     2.08     3.25     4.47     5.76     7.11     8.54    10.04    11.62    13.29    15.04    16.88    18.82    20.87    23.02    25.28    27.67    30.17    32.82    35.59    38.52    41.60    44.84    48.26    51.85    55.63    59.61    63.80    68.21    72.85    77.74    82.88    88.30    94.00 
  -17.91   -17.80   -17.69   -17.57   -17.44   -17.30   -17.16   -17.01   -16.86   -16.69   -16.52   -16.33   -16.14   -15.94   -15.72   -15.50   -15.26   -15.01   -14.75   -14.47   -14.18   -13.87   -13.55   -13.21   -12.86   -12.48   -12.08   -11.67   -11.23   -10.77   -10.28    -9.77    -9.23    -8.66    -8.07    -7.44    -6.78    -6.08    -5.35    -4.58    -3.77    -2.91    -2.01    -1.07    -0.07     0.98     2.08     3.25     4.47     5.76     7.11     8.54    10.04    11.62    13.29    15.04    16.88    18.82    20.87    23.02    25.28    27.67    30.17    32.82    35.59    38.52    41.60    44.84    48.26    51.85    55.63    59.61    63.80    68.21    72.85    77.74    82.88    88.30    94.00   100.00 
  -17.80   -17.69   -17.57   -17.44   -17.30   -17.16   -17.01   -16.86   -16.69   -16.52   -16.33   -16.14   -15.94   -15.72   -15.50   -15.26   -15.01   -14.75   -14.47   -14.18   -13.87   -13.55   -13.21   -12.86   -12.48   -12.08   -11.67   -11.23   -10.77   -10.28    -9.77    -9.23    -8.66    -8.07    -7.44    -6.78    -6.08    -5.35    -4.58    -3.77    -2.91    -2.01    -1.07    -0.07     0.98     2.08     3.25     4.47     5.76     7.11     8.54    10.04    11.62    13.29    15.04    16.88    18.82    20.87    23.02    25.28    27.67    30.17    32.82    35.59    38.52    41.60    44.84    48.26    51.85    55.63    59.61    63.80    68.21    72.85    77.74    82.88    88.30    94.00   100.00     0.00 

--- POLITICA OTTIMA pi* ---
  v    v    v    v    v    v    v    v    v    v    v    v    v    v    v    v    v    v    v    v    v    v    v    v    v    v    v    v    v    v    v    v    v    v    v    v    v    v    v    v    v    v    v    v    v    v    v    v    v    v    v    v    v    v    v    v    v    v    v    v    v    v    v    v    v    v    v    v    v    v    v    v    v    v    v    v    v    v    v    v  
  v    v    v    v    v    v    v    v    v    v    v    v    v    v    v    v    v    v    v    v    v    v    v    v    v    v    v    v    v    v    v    v    v    v    v    v    v    v    v    v    v    v    v    v    v    v    v    v    v    v    v    v    v    v    v    v    v    v    v    v    v    v    v    v    v    v    v    v    v    v    v    v    v    v    v    v    v    v    v    v  
  v    v    v    v    v    v    v    v    v    v    v    v    v    v    v    v    v    v    v    v    v    v    v    v    v    v    v    v    v    v    v    v    v    v    v    v    v    v    v    v    v    v    v    v    v    v    v    v    v    v    v    v    v    v    v    v    v    v    v    v    v    v    v    v    v    v    v    v    v    v    v    v    v    v    v    v    v    v    v    v  
  v    v    v    v    >    >    >    >    >    v    v    v    >    >    >    >    >    v    v    v    >    >    >    >    >    v    v    v    >    >    >    >    >    v    v    v    >    >    >    >    >    v    v    v    >    >    >    >    >    v    v    v    >    >    >    >    >    v    v    v    >    >    >    >    >    v    v    v    >    >    >    >    >    v    v    v    v    v    v    v  
  v    v    v    v    .    ^    ^    ^    .    v    v    v    .    ^    ^    ^    .    v    v    v    .    ^    ^    ^    .    v    v    v    .    ^    ^    ^    .    v    v    v    .    ^    ^    ^    .    v    v    v    .    ^    ^    ^    .    v    v    v    .    ^    ^    ^    .    v    v    v    .    ^    ^    ^    .    v    v    v    .    ^    ^    ^    .    v    v    v    v    v    v    v  
  v    v    v    v    .    ^    ^    ^    .    v    v    v    .    ^    ^    ^    .    v    v    v    .    ^    ^    ^    .    v    v    v    .    ^    ^    ^    .    v    v    v    .    ^    ^    ^    .    v    v    v    .    ^    ^    ^    .    v    v    v    .    ^    ^    ^    .    v    v    v    .    ^    ^    ^    .    v    v    v    .    ^    ^    ^    .    v    v    v    v    v    v    v  
  v    v    v    v    .    ^    ^    ^    .    v    v    v    .    ^    ^    ^    .    v    v    v    .    ^    ^    ^    .    v    v    v    .    ^    ^    ^    .    v    v    v    .    ^    ^    ^    .    v    v    v    .    ^    ^    ^    .    v    v    v    .    ^    ^    ^    .    v    v    v    .    ^    ^    ^    .    v    v    v    .    ^    ^    ^    .    v    v    v    v    v    v    v  
  v    v    v    v    .    ^    ^    ^    .    v    v    v    .    ^    ^    ^    .    v    v    v    .    ^    ^    ^    .    v    v    v    .    ^    ^    ^    .    v    v    v    .    ^    ^    ^    .    v    v    v    .    ^    ^    ^    .    v    v    v    .    ^    ^    ^    .    v    v    v    .    ^    ^    ^    .    v    v    v    .    ^    ^    ^    .    v    v    v    v    v    v    v  
  v    v    v    v    .    .    .    .    .    v    v    v    .    .    .    .    .    v    v    v    .    .    .    .    .    v    v    v    .    .    .    .    .    v    v    v    .    .    .    .    .    v    v    v    .    .    .    .    .    v    v    v    .    .    .    .    .    v    v    v    .    .    .    .    .    v    v    v    .    .    .    .    .    v    v    v    v    v    v    v  
  v    v    v    v    v    v    v    v    v    v    v    v    v    v    v    v    v    v    v    v    v    v    v    v    v    v    v    v    v    v    v    v    v    v    v    v    v    v    v    v    v    v    v    v    v    v    v    v    v    v    v    v    v    v    v    v    v    v    v    v    v    v    v    v    v    v    v    v    v    v    v    v    v    v    v    v    v    v    v    v  
  v    v    v    v    v    v    v    v    v    v    v    v    v    v    v    v    v    v    v    v    v    v    v    v    v    v    v    v    v    v    v    v    v    v    v    v    v    v    v    v    v    v    v    v    v    v    v    v    v    v    v    v    v    v    v    v    v    v    v    v    v    v    v    v    v    v    v    v    v    v    v    v    v    v    v    v    v    v    v    v  
  v    v    v    v    >    >    >    >    >    v    v    v    >    >    >    >    >    v    v    v    >    >    >    >    >    v    v    v    >    >    >    >    >    v    v    v    >    >    >    >    >    v    v    v    >    >    >    >    >    v    v    v    >    >    >    >    >    v    v    v    >    >    >    >    >    v    v    v    >    >    >    >    >    v    v    v    v    v    v    v  
  v    v    v    v    .    ^    ^    ^    .    v    v    v    .    ^    ^    ^    .    v    v    v    .    ^    ^    ^    .    v    v    v    .    ^    ^    ^    .    v    v    v    .    ^    ^    ^    .    v    v    v    .    ^    ^    ^    .    v    v    v    .    ^    ^    ^    .    v    v    v    .    ^    ^    ^    .    v    v    v    .    ^    ^    ^    .    v    v    v    v    v    v    v  
  v    v    v    v    .    ^    ^    ^    .    v    v    v    .    ^    ^    ^    .    v    v    v    .    ^    ^    ^    .    v    v    v    .    ^    ^    ^    .    v    v    v    .    ^    ^    ^    .    v    v    v    .    ^    ^    ^    .    v    v    v    .    ^    ^    ^    .    v    v    v    .    ^    ^    ^    .    v    v    v    .    ^    ^    ^    .    v    v    v    v    v    v    v  
  v    v    v    v    .    ^    ^    ^    .    v    v    v    .    ^    ^    ^    .    v    v    v    .    ^    ^    ^    .    v    v    v    .    ^    ^    ^    .    v    v    v    .    ^    ^    ^    .    v    v    v    .    ^    ^    ^    .    v    v    v    .    ^    ^    ^    .    v    v    v    .    ^    ^    ^    .    v    v    v    .    ^    ^    ^    .    v    v    v    v    v    v    v  
  v    v    v    v    .    ^    ^    ^    .    v    v    v    .    ^    ^    ^    .    v    v    v    .    ^    ^    ^    .    v    v    v    .    ^    ^    ^    .    v    v    v    .    ^    ^    ^    .    v    v    v    .    ^    ^    ^    .    v    v    v    .    ^    ^    ^    .    v    v    v    .    ^    ^    ^    .    v    v    v    .    ^    ^    ^    .    v    v    v    v    v    v    v  
  v    v    v    v    .    .    .    .    .    v    v    v    .    .    .    .    .    v    v    v    .    .    .    .    .    v    v    v    .    .    .    .    .    v    v    v    .    .    .    .    .    v    v    v    .    .    .    .    .    v    v    v    .    .    .    .    .    v    v    v    .    .    .    .    .    v    v    v    .    .    .    .    .    v    v    v    v    v    v    v  
  v    v    v    v    v    v    v    v    v    v    v    v    v    v    v    v    v    v    v    v    v    v    v    v    v    v    v    v    v    v    v    v    v    v    v    v    v    v    v    v    v    v    v    v    v    v    v    v    v    v    v    v    v    v    v    v    v    v    v    v    v    v    v    v    v    v    v    v    v    v    v    v    v    v    v    v    v    v    v    v  
  v    v    v    v    v    v    v    v    v    v    v    v    v    v    v    v    v    v    v    v    v    v    v    v    v    v    v    v    v    v    v    v    v    v    v    v    v    v    v    v    v    v    v    v    v    v    v    v    v    v    v    v    v    v    v    v    v    v    v    v    v    v    v    v    v    v    v    v    v    v    v    v    v    v    v    v    v    v    v    v  
  v    v    v    v    >    >    >    >    >    v    v    v    >    >    >    >    >    v    v    v    >    >    >    >    >    v    v    v    >    >    >    >    >    v    v    v    >    >    >    >    >    v    v    v    >    >    >    >    >    v    v    v    >    >    >    >    >    v    v    v    >    >    >    >    >    v    v    v    >    >    >    >    >    v    v    v    v    v    v    v  
  v    v    v    v    .    ^    ^    ^    .    v    v    v    .    ^    ^    ^    .    v    v    v    .    ^    ^    ^    .    v    v    v    .    ^    ^    ^    .    v    v    v    .    ^    ^    ^    .    v    v    v    .    ^    ^    ^    .    v    v    v    .    ^    ^    ^    .    v    v    v    .    ^    ^    ^    .    v    v    v    .    ^    ^    ^    .    v    v    v    v    v    v    v  
  v    v    v    v    .    ^    ^    ^    .    v    v    v    .    ^    ^    ^    .    v    v    v    .    ^    ^    ^    .    v    v    v    .    ^    ^    ^    .    v    v    v    .    ^    ^    ^    .    v    v    v    .    ^    ^    ^    .    v    v    v    .    ^    ^    ^    .    v    v    v    .    ^    ^    ^    .    v    v    v    .    ^    ^    ^    .    v    v    v    v    v    v    v  
  v    v    v    v    .    ^    ^    ^    .    v    v    v    .    ^    ^    ^    .    v    v    v    .    ^    ^    ^    .    v    v    v    .    ^    ^    ^    .    v    v    v    .    ^    ^    ^    .    v    v    v    .    ^    ^    ^    .    v    v    v    .    ^    ^    ^    .    v    v    v    .    ^    ^    ^    .    v    v    v    .    ^    ^    ^    .    v    v    v    v    v    v    v  
  v    v    v    v    .    ^    ^    ^    .    v    v    v    .    ^    ^    ^    .    v    v    v    .    ^    ^    ^    .    v    v    v    .    ^    ^    ^    .    v    v    v    .    ^    ^    ^    .    v    v    v    .    ^    ^    ^    .    v    v    v    .    ^    ^    ^    .    v    v    v    .    ^    ^    ^    .    v    v    v    .    ^    ^    ^    .    v    v    v    v    v    v    v  
  v    v    v    v    .    .    .    .    .    v    v    v    .    .    .    .    .    v    v    v    .    .    .    .    .    v    v    v    .    .    .    .    .    v    v    v    .    .    .    .    .    v    v    v    .    .    .    .    .    v    v    v    .    .    .    .    .    v    v    v    .    .    .    .    .    v    v    v    .    .    .    .    .    v    v    v    v    v    v    v  
  v    v    v    v    v    v    v    v    v    v    v    v    v    v    v    v    v    v    v    v    v    v    v    v    v    v    v    v    v    v    v    v    v    v    v    v    v    v    v    v    v    v    v    v    v    v    v    v    v    v    v    v    v    v    v    v    v    v    v    v    v    v    v    v    v    v    v    v    v    v    v    v    v    v    v    v    v    v    v    v  
  v    v    v    v    v    v    v    v    v    v    v    v    v    v    v    v    v    v    v    v    v    v    v    v    v    v    v    v    v    v    v    v    v    v    v    v    v    v    v    v    v    v    v    v    v    v    v    v    v    v    v    v    v    v    v    v    v    v    v    v    v    v    v    v    v    v    v    v    v    v    v    v    v    v    v    v    v    v    v    v  
  v    v    v    v    >    >    >    >    >    v    v    v    >    >    >    >    >    v    v    v    >    >    >    >    >    v    v    v    >    >    >    >    >    v    v    v    >    >    >    >    >    v    v    v    >    >    >    >    >    v    v    v    >    >    >    >    >    v    v    v    >    >    >    >    >    v    v    v    >    >    >    >    >    v    v    v    v    v    v    v  
  v    v    v    v    .    ^    ^    ^    .    v    v    v    .    ^    ^    ^    .    v    v    v    .    ^    ^    ^    .    v    v    v    .    ^    ^    ^    .    v    v    v    .    ^    ^    ^    .    v    v    v    .    ^    ^    ^    .    v    v    v    .    ^    ^    ^    .    v    v    v    .    ^    ^    ^    .    v    v    v    .    ^    ^    ^    .    v    v    v    v    v    v    v  
  v    v    v    v    .    ^    ^    ^    .    v    v    v    .    ^    ^    ^    .    v    v    v    .    ^    ^    ^    .    v    v    v    .    ^    ^    ^    .    v    v    v    .    ^    ^    ^    .    v    v    v    .    ^    ^    ^    .    v    v    v    .    ^    ^    ^    .    v    v    v    .    ^    ^    ^    .    v    v    v    .    ^    ^    ^    .    v    v    v    v    v    v    v  
  v    v    v    v    .    ^    ^    ^    .    v    v    v    .    ^    ^    ^    .    v    v    v    .    ^    ^    ^    .    v    v    v    .    ^    ^    ^    .    v    v    v    .    ^    ^    ^    .    v    v    v    .    ^    ^    ^    .    v    v    v    .    ^    ^    ^    .    v    v    v    .    ^    ^    ^    .    v    v    v    .    ^    ^    ^    .    v    v    v    v    v    v    v  
  v    v    v    v    .    ^    ^    ^    .    v    v    v    .    ^    ^    ^    .    v    v    v    .    ^    ^    ^    .    v    v    v    .    ^    ^    ^    .    v    v    v    .    ^    ^    ^    .    v    v    v    .    ^    ^    ^    .    v    v    v    .    ^    ^    ^    .    v    v    v    .    ^    ^    ^    .    v    v    v    .    ^    ^    ^    .    v    v    v    v    v    v    v  
  v    v    v    v    .    .    .    .    .    v    v    v    .    .    .    .    .    v    v    v    .    .    .    .    .    v    v    v    .    .    .    .    .    v    v    v    .    .    .    .    .    v    v    v    .    .    .    .    .    v    v    v    .    .    .    .    .    v    v    v    .    .    .    .    .    v    v    v    .    .    .    .    .    v    v    v    v    v    v    v  
  v    v    v    v    v    v    v    v    v    v    v    v    v    v    v    v    v    v    v    v    v    v    v    v    v    v    v    v    v    v    v    v    v    v    v    v    v    v    v    v    v    v    v    v    v    v    v    v    v    v    v    v    v    v    v    v    v    v    v    v    v    v    v    v    v    v    v    v    v    v    v    v    v    v    v    v    v    v    v    v  
  v    v    v    v    v    v    v    v    v    v    v    v    v    v    v    v    v    v    v    v    v    v    v    v    v    v    v    v    v    v    v    v    v    v    v    v    v    v    v    v    v    v    v    v    v    v    v    v    v    v    v    v    v    v    v    v    v    v    v    v    v    v    v    v    v    v    v    v    v    v    v    v    v    v    v    v    v    v    v    v  
  v    v    v    v    >    >    >    >    >    v    v    v    >    >    >    >    >    v    v    v    >    >    >    >    >    v    v    v    >    >    >    >    >    v    v    v    >    >    >    >    >    v    v    v    >    >    >    >    >    v    v    v    >    >    >    >    >    v    v    v    >    >    >    >    >    v    v    v    >    >    >    >    >    v    v    v    v    v    v    v  
  v    v    v    v    .    ^    ^    ^    .    v    v    v    .    ^    ^    ^    .    v    v    v    .    ^    ^    ^    .    v    v    v    .    ^    ^    ^    .    v    v    v    .    ^    ^    ^    .    v    v    v    .    ^    ^    ^    .    v    v    v    .    ^    ^    ^    .    v    v    v    .    ^    ^    ^    .    v    v    v    .    ^    ^    ^    .    v    v    v    v    v    v    v  
  v    v    v    v    .    ^    ^    ^    .    v    v    v    .    ^    ^    ^    .    v    v    v    .    ^    ^    ^    .    v    v    v    .    ^    ^    ^    .    v    v    v    .    ^    ^    ^    .    v    v    v    .    ^    ^    ^    .    v    v    v    .    ^    ^    ^    .    v    v    v    .    ^    ^    ^    .    v    v    v    .    ^    ^    ^    .    v    v    v    v    v    v    v  
  v    v    v    v    .    ^    ^    ^    .    v    v    v    .    ^    ^    ^    .    v    v    v    .    ^    ^    ^    .    v    v    v    .    ^    ^    ^    .    v    v    v    .    ^    ^    ^    .    v    v    v    .    ^    ^    ^    .    v    v    v    .    ^    ^    ^    .    v    v    v    .    ^    ^    ^    .    v    v    v    .    ^    ^    ^    .    v    v    v    v    v    v    v  
  v    v    v    v    .    ^    ^    ^    .    v    v    v    .    ^    ^    ^    .    v    v    v    .    ^    ^    ^    .    v    v    v    .    ^    ^    ^    .    v    v    v    .    ^    ^    ^    .    v    v    v    .    ^    ^    ^    .    v    v    v    .    ^    ^    ^    .    v    v    v    .    ^    ^    ^    .    v    v    v    .    ^    ^    ^    .    v    v    v    v    v    v    v  
  v    v    v    v    .    .    .    .    .    v    v    v    .    .    .    .    .    v    v    v    .    .    .    .    .    v    v    v    .    .    .    .    .    v    v    v    .    .    .    .    .    v    v    v    .    .    .    .    .    v    v    v    .    .    .    .    .    v    v    v    .    .    .    .    .    v    v    v    .    .    .    .    .    v    v    v    v    v    v    v  
  v    v    v    v    v    v    v    v    v    v    v    v    v    v    v    v    v    v    v    v    v    v    v    v    v    v    v    v    v    v    v    v    v    v    v    v    v    v    v    v    v    v    v    v    v    v    v    v    v    v    v    v    v    v    v    v    v    v    v    v    v    v    v    v    v    v    v    v    v    v    v    v    v    v    v    v    v    v    v    v  
  v    v    v    v    v    v    v    v    v    v    v    v    v    v    v    v    v    v    v    v    v    v    v    v    v    v    v    v    v    v    v    v    v    v    v    v    v    v    v    v    v    v    v    v    v    v    v    v    v    v    v    v    v    v    v    v    v    v    v    v    v    v    v    v    v    v    v    v    v    v    v    v    v    v    v    v    v    v    v    v  
  v    v    v    v    >    >    >    >    >    v    v    v    >    >    >    >    >    v    v    v    >    >    >    >    >    v    v    v    >    >    >    >    >    v    v    v    >    >    >    >    >    v    v    v    >    >    >    >    >    v    v    v    >    >    >    >    >    v    v    v    >    >    >    >    >    v    v    v    >    >    >    >    >    v    v    v    v    v    v    v  
  v    v    v    v    .    ^    ^    ^    .    v    v    v    .    ^    ^    ^    .    v    v    v    .    ^    ^    ^    .    v    v    v    .    ^    ^    ^    .    v    v    v    .    ^    ^    ^    .    v    v    v    .    ^    ^    ^    .    v    v    v    .    ^    ^    ^    .    v    v    v    .    ^    ^    ^    .    v    v    v    .    ^    ^    ^    .    v    v    v    v    v    v    v  
  v    v    v    v    .    ^    ^    ^    .    v    v    v    .    ^    ^    ^    .    v    v    v    .    ^    ^    ^    .    v    v    v    .    ^    ^    ^    .    v    v    v    .    ^    ^    ^    .    v    v    v    .    ^    ^    ^    .    v    v    v    .    ^    ^    ^    .    v    v    v    .    ^    ^    ^    .    v    v    v    .    ^    ^    ^    .    v    v    v    v    v    v    v  
  v    v    v    v    .    ^    ^    ^    .    v    v    v    .    ^    ^    ^    .    v    v    v    .    ^    ^    ^    .    v    v    v    .    ^    ^    ^    .    v    v    v    .    ^    ^    ^    .    v    v    v    .    ^    ^    ^    .    v    v    v    .    ^    ^    ^    .    v    v    v    .    ^    ^    ^    .    v    v    v    .    ^    ^    ^    .    v    v    v    v    v    v    v  
  v    v    v    v    .    ^    ^    ^    .    v    v    v    .    ^    ^    ^    .    v    v    v    .    ^    ^    ^    .    v    v    v    .    ^    ^    ^    .    v    v    v    .    ^    ^    ^    .    v    v    v    .    ^    ^    ^    .    v    v    v    .    ^    ^    ^    .    v    v    v    .    ^    ^    ^    .    v    v    v    .    ^    ^    ^    .    v    v    v    v    v    v    v  
  v    v    v    v    .    .    .    .    .    v    v    v    .    .    .    .    .    v    v    v    .    .    .    .    .    v    v    v    .    .    .    .    .    v    v    v    .    .    .    .    .    v    v    v    .    .    .    .    .    v    v    v    .    .    .    .    .    v    v    v    .    .    .    .    .    v    v    v    .    .    .    .    .    v    v    v    v    v    v    v  
  v    v    v    v    v    v    v    v    v    v    v    v    v    v    v    v    v    v    v    v    v    v    v    v    v    v    v    v    v    v    v    v    v    v    v    v    v    v    v    v    v    v    v    v    v    v    v    v    v    v    v    v    v    v    v    v    v    v    v    v    v    v    v    v    v    v    v    v    v    v    v    v    v    v    v    v    v    v    v    v  
  v    v    v    v    v    v    v    v    v    v    v    v    v    v    v    v    v    v    v    v    v    v    v    v    v    v    v    v    v    v    v    v    v    v    v    v    v    v    v    v    v    v    v    v    v    v    v    v    v    v    v    v    v    v    v    v    v    v    v    v    v    v    v    v    v    v    v    v    v    v    v    v    v    v    v    v    v    v    v    v  
  v    v    v    v    >    >    >    >    >    v    v    v    >    >    >    >    >    v    v    v    >    >    >    >    >    v    v    v    >    >    >    >    >    v    v    v    >    >    >    >    >    v    v    v    >    >    >    >    >    v    v    v    >    >    >    >    >    v    v    v    >    >    >    >    >    v    v    v    >    >    >    >    >    v    v    v    v    v    v    v  
  v    v    v    v    .    ^    ^    ^    .    v    v    v    .    ^    ^    ^    .    v    v    v    .    ^    ^    ^    .    v    v    v    .    ^    ^    ^    .    v    v    v    .    ^    ^    ^    .    v    v    v    .    ^    ^    ^    .    v    v    v    .    ^    ^    ^    .    v    v    v    .    ^    ^    ^    .    v    v    v    .    ^    ^    ^    .    v    v    v    v    v    v    v  
  v    v    v    v    .    ^    ^    ^    .    v    v    v    .    ^    ^    ^    .    v    v    v    .    ^    ^    ^    .    v    v    v    .    ^    ^    ^    .    v    v    v    .    ^    ^    ^    .    v    v    v    .    ^    ^    ^    .    v    v    v    .    ^    ^    ^    .    v    v    v    .    ^    ^    ^    .    v    v    v    .    ^    ^    ^    .    v    v    v    v    v    v    v  
  v    v    v    v    .    ^    ^    ^    .    v    v    v    .    ^    ^    ^    .    v    v    v    .    ^    ^    ^    .    v    v    v    .    ^    ^    ^    .    v    v    v    .    ^    ^    ^    .    v    v    v    .    ^    ^    ^    .    v    v    v    .    ^    ^    ^    .    v    v    v    .    ^    ^    ^    .    v    v    v    .    ^    ^    ^    .    v    v    v    v    v    v    v  
  v    v    v    v    .    ^    ^    ^    .    v    v    v    .    ^    ^    ^    .    v    v    v    .    ^    ^    ^    .    v    v    v    .    ^    ^    ^    .    v    v    v    .    ^    ^    ^    .    v    v    v    .    ^    ^    ^    .    v    v    v    .    ^    ^    ^    .    v    v    v    .    ^    ^    ^    .    v    v    v    .    ^    ^    ^    .    v    v    v    v    v    v    v  
  v    v    v    v    .    .    .    .    .    v    v    v    .    .    .    .    .    v    v    v    .    .    .    .    .    v    v    v    .    .    .    .    .    v    v    v    .    .    .    .    .    v    v    v    .    .    .    .    .    v    v    v    .    .    .    .    .    v    v    v    .    .    .    .    .    v    v    v    .    .    .    .    .    v    v    v    v    v    v    v  
  v    v    v    v    v    v    v    v    v    v    v    v    v    v    v    v    v    v    v    v    v    v    v    v    v    v    v    v    v    v    v    v    v    v    v    v    v    v    v    v    v    v    v    v    v    v    v    v    v    v    v    v    v    v    v    v    v    v    v    v    v    v    v    v    v    v    v    v    v    v    v    v    v    v    v    v    v    v    v    v  
  v    v    v    v    v    v    v    v    v    v    v    v    v    v    v    v    v    v    v    v    v    v    v    v    v    v    v    v    v    v    v    v    v    v    v    v    v    v    v    v    v    v    v    v    v    v    v    v    v    v    v    v    v    v    v    v    v    v    v    v    v    v    v    v    v    v    v    v    v    v    v    v    v    v    v    v    v    v    v    v  
  v    v    v    v    >    >    >    >    >    v    v    v    >    >    >    >    >    v    v    v    >    >    >    >    >    v    v    v    >    >    >    >    >    v    v    v    >    >    >    >    >    v    v    v    >    >    >    >    >    v    v    v    >    >    >    >    >    v    v    v    >    >    >    >    >    v    v    v    >    >    >    >    >    v    v    v    v    v    v    v  
  v    v    v    v    .    ^    ^    ^    .    v    v    v    .    ^    ^    ^    .    v    v    v    .    ^    ^    ^    .    v    v    v    .    ^    ^    ^    .    v    v    v    .    ^    ^    ^    .    v    v    v    .    ^    ^    ^    .    v    v    v    .    ^    ^    ^    .    v    v    v    .    ^    ^    ^    .    v    v    v    .    ^    ^    ^    .    v    v    v    v    v    v    v  
  v    v    v    v    .    ^    ^    ^    .    v    v    v    .    ^    ^    ^    .    v    v    v    .    ^    ^    ^    .    v    v    v    .    ^    ^    ^    .    v    v    v    .    ^    ^    ^    .    v    v    v    .    ^    ^    ^    .    v    v    v    .    ^    ^    ^    .    v    v    v    .    ^    ^    ^    .    v    v    v    .    ^    ^    ^    .    v    v    v    v    v    v    v  
  v    v    v    v    .    ^    ^    ^    .    v    v    v    .    ^    ^    ^    .    v    v    v    .    ^    ^    ^    .    v    v    v    .    ^    ^    ^    .    v    v    v    .    ^    ^    ^    .    v    v    v    .    ^    ^    ^    .    v    v    v    .    ^    ^    ^    .    v    v    v    .    ^    ^    ^    .    v    v    v    .    ^    ^    ^    .    v    v    v    v    v    v    v  
  v    v    v    v    .    ^    ^    ^    .    v    v    v    .    ^    ^    ^    .    v    v    v    .    ^    ^    ^    .    v    v    v    .    ^    ^    ^    .    v    v    v    .    ^    ^    ^    .    v    v    v    .    ^    ^    ^    .    v    v    v    .    ^    ^    ^    .    v    v    v    .    ^    ^    ^    .    v    v    v    .    ^    ^    ^    .    v    v    v    v    v    v    v  
  v    v    v    v    .    .    .    .    .    v    v    v    .    .    .    .    .    v    v    v    .    .    .    .    .    v    v    v    .    .    .    .    .    v    v    v    .    .    .    .    .    v    v    v    .    .    .    .    .    v    v    v    .    .    .    .    .    v    v    v    .    .    .    .    .    v    v    v    .    .    .    .    .    v    v    v    v    v    v    v  
  v    v    v    v    v    v    v    v    v    v    v    v    v    v    v    v    v    v    v    v    v    v    v    v    v    v    v    v    v    v    v    v    v    v    v    v    v    v    v    v    v    v    v    v    v    v    v    v    v    v    v    v    v    v    v    v    v    v    v    v    v    v    v    v    v    v    v    v    v    v    v    v    v    v    v    v    v    v    v    v  
  v    v    v    v    v    v    v    v    v    v    v    v    v    v    v    v    v    v    v    v    v    v    v    v    v    v    v    v    v    v    v    v    v    v    v    v    v    v    v    v    v    v    v    v    v    v    v    v    v    v    v    v    v    v    v    v    v    v    v    v    v    v    v    v    v    v    v    v    v    v    v    v    v    v    v    v    v    v    v    v  
  v    v    v    v    >    >    >    >    >    v    v    v    >    >    >    >    >    v    v    v    >    >    >    >    >    v    v    v    >    >    >    >    >    v    v    v    >    >    >    >    >    v    v    v    >    >    >    >    >    v    v    v    >    >    >    >    >    v    v    v    >    >    >    >    >    v    v    v    >    >    >    >    >    v    v    v    v    v    v    v  
  v    v    v    v    .    ^    ^    ^    .    v    v    v    .    ^    ^    ^    .    v    v    v    .    ^    ^    ^    .    v    v    v    .    ^    ^    ^    .    v    v    v    .    ^    ^    ^    .    v    v    v    .    ^    ^    ^    .    v    v    v    .    ^    ^    ^    .    v    v    v    .    ^    ^    ^    .    v    v    v    .    ^    ^    ^    .    v    v    v    v    v    v    v  
  v    v    v    v    .    ^    ^    ^    .    v    v    v    .    ^    ^    ^    .    v    v    v    .    ^    ^    ^    .    v    v    v    .    ^    ^    ^    .    v    v    v    .    ^    ^    ^    .    v    v    v    .    ^    ^    ^    .    v    v    v    .    ^    ^    ^    .    v    v    v    .    ^    ^    ^    .    v    v    v    .    ^    ^    ^    .    v    v    v    v    v    v    v  
  v    v    v    v    .    ^    ^    ^    .    v    v    v    .    ^    ^    ^    .    v    v    v    .    ^    ^    ^    .    v    v    v    .    ^    ^    ^    .    v    v    v    .    ^    ^    ^    .    v    v    v    .    ^    ^    ^    .    v    v    v    .    ^    ^    ^    .    v    v    v    .    ^    ^    ^    .    v    v    v    .    ^    ^    ^    .    v    v    v    v    v    v    v  
  v    v    v    v    .    ^    ^    ^    .    v    v    v    .    ^    ^    ^    .    v    v    v    .    ^    ^    ^    .    v    v    v    .    ^    ^    ^    .    v    v    v    .    ^    ^    ^    .    v    v    v    .    ^    ^    ^    .    v    v    v    .    ^    ^    ^    .    v    v    v    .    ^    ^    ^    .    v    v    v    .    ^    ^    ^    .    v    v    v    v    v    v    v  
  v    v    v    v    .    .    .    .    .    v    v    v    .    .    .    .    .    v    v    v    .    .    .    .    .    v    v    v    .    .    .    .    .    v    v    v    .    .    .    .    .    v    v    v    .    .    .    .    .    v    v    v    .    .    .    .    .    v    v    v    .    .    .    .    .    v    v    v    .    .    .    .    .    v    v    v    v    v    v    v  
  v    v    v    v    v    v    v    v    v    v    v    v    v    v    v    v    v    v    v    v    v    v    v    v    v    v    v    v    v    v    v    v    v    v    v    v    v    v    v    v    v    v    v    v    v    v    v    v    v    v    v    v    v    v    v    v    v    v    v    v    v    v    v    v    v    v    v    v    v    v    v    v    v    v    v    v    v    v    v    v  
  v    v    v    v    v    v    v    v    v    v    v    v    v    v    v    v    v    v    v    v    v    v    v    v    v    v    v    v    v    v    v    v    v    v    v    v    v    v    v    v    v    v    v    v    v    v    v    v    v    v    v    v    v    v    v    v    v    v    v    v    v    v    v    v    v    v    v    v    v    v    v    v    v    v    v    v    v    v    v    v  
  v    v    v    v    v    v    v    v    v    v    v    v    v    v    v    v    v    v    v    v    v    v    v    v    v    v    v    v    v    v    v    v    v    v    v    v    v    v    v    v    v    v    v    v    v    v    v    v    v    v    v    v    v    v    v    v    v    v    v    v    v    v    v    v    v    v    v    v    v    v    v    v    v    v    v    v    v    v    v    v  
  v    v    v    v    v    v    v    v    v    v    v    v    v    v    v    v    v    v    v    v    v    v    v    v    v    v    v    v    v    v    v    v    v    v    v    v    v    v    v    v    v    v    v    v    v    v    v    v    v    v    v    v    v    v    v    v    v    v    v    v    v    v    v    v    v    v    v    v    v    v    v    v    v    v    v    v    v    v    v    v  
  v    v    v    v    v    v    v    v    v    v    v    v    v    v    v    v    v    v    v    v    v    v    v    v    v    v    v    v    v    v    v    v    v    v    v    v    v    v    v    v    v    v    v    v    v    v    v    v    v    v    v    v    v    v    v    v    v    v    v    v    v    v    v    v    v    v    v    v    v    v    v    v    v    v    v    v    v    v    v    v  
  v    v    v    v    v    v    v    v    v    v    v    v    v    v    v    v    v    v    v    v    v    v    v    v    v    v    v    v    v    v    v    v    v    v    v    v    v    v    v    v    v    v    v    v    v    v    v    v    v    v    v    v    v    v    v    v    v    v    v    v    v    v    v    v    v    v    v    v    v    v    v    v    v    v    v    v    v    v    v    v  
  >    >    >    >    >    >    >    >    >    >    >    >    >    >    >    >    >    >    >    >    >    >    >    >    >    >    >    >    >    >    >    >    >    >    >    >    >    >    >    >    >    >    >    >    >    >    >    >    >    >    >    >    >    >    >    >    >    >    >    >    >    >    >    >    >    >    >    >    >    >    >    >    >    >    >    >    >    >    >    .  

--- GRIGLIA CON PERCORSO ROBOT ('S'=Start, 'G'=Goal, '*'=Percorso, '#'=Ostacolo) ---
S . . . . . . . . . . . . . . . . . . . . . . . . . . . . . . . . . . . . . . . . . . . . . . . . . . . . . . . . . . . . . . . . . . . . . . . . . . . . . . . 
* . . . . . . . . . . . . . . . . . . . . . . . . . . . . . . . . . . . . . . . . . . . . . . . . . . . . . . . . . . . . . . . . . . . . . . . . . . . . . . . 
* . . . . . . . . . . . . . . . . . . . . . . . . . . . . . . . . . . . . . . . . . . . . . . . . . . . . . . . . . . . . . . . . . . . . . . . . . . . . . . . 
* . . . . . . . . . . . . . . . . . . . . . . . . . . . . . . . . . . . . . . . . . . . . . . . . . . . . . . . . . . . . . . . . . . . . . . . . . . . . . . . 
* . . . # . . . # . . . # . . . # . . . # . . . # . . . # . . . # . . . # . . . # . . . # . . . # . . . # . . . # . . . # . . . # . . . # . . . # . . . . . . . 
* . . . # . . . # . . . # . . . # . . . # . . . # . . . # . . . # . . . # . . . # . . . # . . . # . . . # . . . # . . . # . . . # . . . # . . . # . . . . . . . 
* . . . # . . . # . . . # . . . # . . . # . . . # . . . # . . . # . . . # . . . # . . . # . . . # . . . # . . . # . . . # . . . # . . . # . . . # . . . . . . . 
* . . . # . . . # . . . # . . . # . . . # . . . # . . . # . . . # . . . # . . . # . . . # . . . # . . . # . . . # . . . # . . . # . . . # . . . # . . . . . . . 
* . . . # # # # # . . . # # # # # . . . # # # # # . . . # # # # # . . . # # # # # . . . # # # # # . . . # # # # # . . . # # # # # . . . # # # # # . . . . . . . 
* . . . . . . . . . . . . . . . . . . . . . . . . . . . . . . . . . . . . . . . . . . . . . . . . . . . . . . . . . . . . . . . . . . . . . . . . . . . . . . . 
* . . . . . . . . . . . . . . . . . . . . . . . . . . . . . . . . . . . . . . . . . . . . . . . . . . . . . . . . . . . . . . . . . . . . . . . . . . . . . . . 
* . . . . . . . . . . . . . . . . . . . . . . . . . . . . . . . . . . . . . . . . . . . . . . . . . . . . . . . . . . . . . . . . . . . . . . . . . . . . . . . 
* . . . # . . . # . . . # . . . # . . . # . . . # . . . # . . . # . . . # . . . # . . . # . . . # . . . # . . . # . . . # . . . # . . . # . . . # . . . . . . . 
* . . . # . . . # . . . # . . . # . . . # . . . # . . . # . . . # . . . # . . . # . . . # . . . # . . . # . . . # . . . # . . . # . . . # . . . # . . . . . . . 
* . . . # . . . # . . . # . . . # . . . # . . . # . . . # . . . # . . . # . . . # . . . # . . . # . . . # . . . # . . . # . . . # . . . # . . . # . . . . . . . 
* . . . # . . . # . . . # . . . # . . . # . . . # . . . # . . . # . . . # . . . # . . . # . . . # . . . # . . . # . . . # . . . # . . . # . . . # . . . . . . . 
* . . . # # # # # . . . # # # # # . . . # # # # # . . . # # # # # . . . # # # # # . . . # # # # # . . . # # # # # . . . # # # # # . . . # # # # # . . . . . . . 
* . . . . . . . . . . . . . . . . . . . . . . . . . . . . . . . . . . . . . . . . . . . . . . . . . . . . . . . . . . . . . . . . . . . . . . . . . . . . . . . 
* . . . . . . . . . . . . . . . . . . . . . . . . . . . . . . . . . . . . . . . . . . . . . . . . . . . . . . . . . . . . . . . . . . . . . . . . . . . . . . . 
* . . . . . . . . . . . . . . . . . . . . . . . . . . . . . . . . . . . . . . . . . . . . . . . . . . . . . . . . . . . . . . . . . . . . . . . . . . . . . . . 
* . . . # . . . # . . . # . . . # . . . # . . . # . . . # . . . # . . . # . . . # . . . # . . . # . . . # . . . # . . . # . . . # . . . # . . . # . . . . . . . 
* . . . # . . . # . . . # . . . # . . . # . . . # . . . # . . . # . . . # . . . # . . . # . . . # . . . # . . . # . . . # . . . # . . . # . . . # . . . . . . . 
* . . . # . . . # . . . # . . . # . . . # . . . # . . . # . . . # . . . # . . . # . . . # . . . # . . . # . . . # . . . # . . . # . . . # . . . # . . . . . . . 
* . . . # . . . # . . . # . . . # . . . # . . . # . . . # . . . # . . . # . . . # . . . # . . . # . . . # . . . # . . . # . . . # . . . # . . . # . . . . . . . 
* . . . # # # # # . . . # # # # # . . . # # # # # . . . # # # # # . . . # # # # # . . . # # # # # . . . # # # # # . . . # # # # # . . . # # # # # . . . . . . . 
* . . . . . . . . . . . . . . . . . . . . . . . . . . . . . . . . . . . . . . . . . . . . . . . . . . . . . . . . . . . . . . . . . . . . . . . . . . . . . . . 
* . . . . . . . . . . . . . . . . . . . . . . . . . . . . . . . . . . . . . . . . . . . . . . . . . . . . . . . . . . . . . . . . . . . . . . . . . . . . . . . 
* . . . . . . . . . . . . . . . . . . . . . . . . . . . . . . . . . . . . . . . . . . . . . . . . . . . . . . . . . . . . . . . . . . . . . . . . . . . . . . . 
* . . . # . . . # . . . # . . . # . . . # . . . # . . . # . . . # . . . # . . . # . . . # . . . # . . . # . . . # . . . # . . . # . . . # . . . # . . . . . . . 
* . . . # . . . # . . . # . . . # . . . # . . . # . . . # . . . # . . . # . . . # . . . # . . . # . . . # . . . # . . . # . . . # . . . # . . . # . . . . . . . 
* . . . # . . . # . . . # . . . # . . . # . . . # . . . # . . . # . . . # . . . # . . . # . . . # . . . # . . . # . . . # . . . # . . . # . . . # . . . . . . . 
* . . . # . . . # . . . # . . . # . . . # . . . # . . . # . . . # . . . # . . . # . . . # . . . # . . . # . . . # . . . # . . . # . . . # . . . # . . . . . . . 
* . . . # # # # # . . . # # # # # . . . # # # # # . . . # # # # # . . . # # # # # . . . # # # # # . . . # # # # # . . . # # # # # . . . # # # # # . . . . . . . 
* . . . . . . . . . . . . . . . . . . . . . . . . . . . . . . . . . . . . . . . . . . . . . . . . . . . . . . . . . . . . . . . . . . . . . . . . . . . . . . . 
* . . . . . . . . . . . . . . . . . . . . . . . . . . . . . . . . . . . . . . . . . . . . . . . . . . . . . . . . . . . . . . . . . . . . . . . . . . . . . . . 
* . . . . . . . . . . . . . . . . . . . . . . . . . . . . . . . . . . . . . . . . . . . . . . . . . . . . . . . . . . . . . . . . . . . . . . . . . . . . . . . 
* . . . # . . . # . . . # . . . # . . . # . . . # . . . # . . . # . . . # . . . # . . . # . . . # . . . # . . . # . . . # . . . # . . . # . . . # . . . . . . . 
* . . . # . . . # . . . # . . . # . . . # . . . # . . . # . . . # . . . # . . . # . . . # . . . # . . . # . . . # . . . # . . . # . . . # . . . # . . . . . . . 
* . . . # . . . # . . . # . . . # . . . # . . . # . . . # . . . # . . . # . . . # . . . # . . . # . . . # . . . # . . . # . . . # . . . # . . . # . . . . . . . 
* . . . # . . . # . . . # . . . # . . . # . . . # . . . # . . . # . . . # . . . # . . . # . . . # . . . # . . . # . . . # . . . # . . . # . . . # . . . . . . . 
* . . . # # # # # . . . # # # # # . . . # # # # # . . . # # # # # . . . # # # # # . . . # # # # # . . . # # # # # . . . # # # # # . . . # # # # # . . . . . . . 
* . . . . . . . . . . . . . . . . . . . . . . . . . . . . . . . . . . . . . . . . . . . . . . . . . . . . . . . . . . . . . . . . . . . . . . . . . . . . . . . 
* . . . . . . . . . . . . . . . . . . . . . . . . . . . . . . . . . . . . . . . . . . . . . . . . . . . . . . . . . . . . . . . . . . . . . . . . . . . . . . . 
* . . . . . . . . . . . . . . . . . . . . . . . . . . . . . . . . . . . . . . . . . . . . . . . . . . . . . . . . . . . . . . . . . . . . . . . . . . . . . . . 
* . . . # . . . # . . . # . . . # . . . # . . . # . . . # . . . # . . . # . . . # . . . # . . . # . . . # . . . # . . . # . . . # . . . # . . . # . . . . . . . 
* . . . # . . . # . . . # . . . # . . . # . . . # . . . # . . . # . . . # . . . # . . . # . . . # . . . # . . . # . . . # . . . # . . . # . . . # . . . . . . . 
* . . . # . . . # . . . # . . . # . . . # . . . # . . . # . . . # . . . # . . . # . . . # . . . # . . . # . . . # . . . # . . . # . . . # . . . # . . . . . . . 
* . . . # . . . # . . . # . . . # . . . # . . . # . . . # . . . # . . . # . . . # . . . # . . . # . . . # . . . # . . . # . . . # . . . # . . . # . . . . . . . 
* . . . # # # # # . . . # # # # # . . . # # # # # . . . # # # # # . . . # # # # # . . . # # # # # . . . # # # # # . . . # # # # # . . . # # # # # . . . . . . . 
* . . . . . . . . . . . . . . . . . . . . . . . . . . . . . . . . . . . . . . . . . . . . . . . . . . . . . . . . . . . . . . . . . . . . . . . . . . . . . . . 
* . . . . . . . . . . . . . . . . . . . . . . . . . . . . . . . . . . . . . . . . . . . . . . . . . . . . . . . . . . . . . . . . . . . . . . . . . . . . . . . 
* . . . . . . . . . . . . . . . . . . . . . . . . . . . . . . . . . . . . . . . . . . . . . . . . . . . . . . . . . . . . . . . . . . . . . . . . . . . . . . . 
* . . . # . . . # . . . # . . . # . . . # . . . # . . . # . . . # . . . # . . . # . . . # . . . # . . . # . . . # . . . # . . . # . . . # . . . # . . . . . . . 
* . . . # . . . # . . . # . . . # . . . # . . . # . . . # . . . # . . . # . . . # . . . # . . . # . . . # . . . # . . . # . . . # . . . # . . . # . . . . . . . 
* . . . # . . . # . . . # . . . # . . . # . . . # . . . # . . . # . . . # . . . # . . . # . . . # . . . # . . . # . . . # . . . # . . . # . . . # . . . . . . . 
* . . . # . . . # . . . # . . . # . . . # . . . # . . . # . . . # . . . # . . . # . . . # . . . # . . . # . . . # . . . # . . . # . . . # . . . # . . . . . . . 
* . . . # # # # # . . . # # # # # . . . # # # # # . . . # # # # # . . . # # # # # . . . # # # # # . . . # # # # # . . . # # # # # . . . # # # # # . . . . . . . 
* . . . . . . . . . . . . . . . . . . . . . . . . . . . . . . . . . . . . . . . . . . . . . . . . . . . . . . . . . . . . . . . . . . . . . . . . . . . . . . . 
* . . . . . . . . . . . . . . . . . . . . . . . . . . . . . . . . . . . . . . . . . . . . . . . . . . . . . . . . . . . . . . . . . . . . . . . . . . . . . . . 
* . . . . . . . . . . . . . . . . . . . . . . . . . . . . . . . . . . . . . . . . . . . . . . . . . . . . . . . . . . . . . . . . . . . . . . . . . . . . . . . 
* . . . # . . . # . . . # . . . # . . . # . . . # . . . # . . . # . . . # . . . # . . . # . . . # . . . # . . . # . . . # . . . # . . . # . . . # . . . . . . . 
* . . . # . . . # . . . # . . . # . . . # . . . # . . . # . . . # . . . # . . . # . . . # . . . # . . . # . . . # . . . # . . . # . . . # . . . # . . . . . . . 
* . . . # . . . # . . . # . . . # . . . # . . . # . . . # . . . # . . . # . . . # . . . # . . . # . . . # . . . # . . . # . . . # . . . # . . . # . . . . . . . 
* . . . # . . . # . . . # . . . # . . . # . . . # . . . # . . . # . . . # . . . # . . . # . . . # . . . # . . . # . . . # . . . # . . . # . . . # . . . . . . . 
* . . . # # # # # . . . # # # # # . . . # # # # # . . . # # # # # . . . # # # # # . . . # # # # # . . . # # # # # . . . # # # # # . . . # # # # # . . . . . . . 
* . . . . . . . . . . . . . . . . . . . . . . . . . . . . . . . . . . . . . . . . . . . . . . . . . . . . . . . . . . . . . . . . . . . . . . . . . . . . . . . 
* . . . . . . . . . . . . . . . . . . . . . . . . . . . . . . . . . . . . . . . . . . . . . . . . . . . . . . . . . . . . . . . . . . . . . . . . . . . . . . . 
* . . . . . . . . . . . . . . . . . . . . . . . . . . . . . . . . . . . . . . . . . . . . . . . . . . . . . . . . . . . . . . . . . . . . . . . . . . . . . . . 
* . . . # . . . # . . . # . . . # . . . # . . . # . . . # . . . # . . . # . . . # . . . # . . . # . . . # . . . # . . . # . . . # . . . # . . . # . . . . . . . 
* . . . # . . . # . . . # . . . # . . . # . . . # . . . # . . . # . . . # . . . # . . . # . . . # . . . # . . . # . . . # . . . # . . . # . . . # . . . . . . . 
* . . . # . . . # . . . # . . . # . . . # . . . # . . . # . . . # . . . # . . . # . . . # . . . # . . . # . . . # . . . # . . . # . . . # . . . # . . . . . . . 
* . . . # . . . # . . . # . . . # . . . # . . . # . . . # . . . # . . . # . . . # . . . # . . . # . . . # . . . # . . . # . . . # . . . # . . . # . . . . . . . 
* . . . # # # # # . . . # # # # # . . . # # # # # . . . # # # # # . . . # # # # # . . . # # # # # . . . # # # # # . . . # # # # # . . . # # # # # . . . . . . . 
* . . . . . . . . . . . . . . . . . . . . . . . . . . . . . . . . . . . . . . . . . . . . . . . . . . . . . . . . . . . . . . . . . . . . . . . . . . . . . . . 
* . . . . . . . . . . . . . . . . . . . . . . . . . . . . . . . . . . . . . . . . . . . . . . . . . . . . . . . . . . . . . . . . . . . . . . . . . . . . . . . 
* . . . . . . . . . . . . . . . . . . . . . . . . . . . . . . . . . . . . . . . . . . . . . . . . . . . . . . . . . . . . . . . . . . . . . . . . . . . . . . . 
* . . . . . . . . . . . . . . . . . . . . . . . . . . . . . . . . . . . . . . . . . . . . . . . . . . . . . . . . . . . . . . . . . . . . . . . . . . . . . . . 
* . . . . . . . . . . . . . . . . . . . . . . . . . . . . . . . . . . . . . . . . . . . . . . . . . . . . . . . . . . . . . . . . . . . . . . . . . . . . . . . 
* . . . . . . . . . . . . . . . . . . . . . . . . . . . . . . . . . . . . . . . . . . . . . . . . . . . . . . . . . . . . . . . . . . . . . . . . . . . . . . . 
* * * * * * * * * * * * * * * * * * * * * * * * * * * * * * * * * * * * * * * * * * * * * * * * * * * * * * * * * * * * * * * * * * * * * * * * * * * * * * * G 

--- SEQUENZA COORDINATE DEL PERCORSO (N = 80) ---
(0,0) -> (1,0) -> (2,0) -> (3,0) -> (4,0) -> (5,0) -> (6,0) -> (7,0) -> (8,0) -> (9,0) -> 
(10,0) -> (11,0) -> (12,0) -> (13,0) -> (14,0) -> (15,0) -> (16,0) -> (17,0) -> (18,0) -> (19,0) -> 
(20,0) -> (21,0) -> (22,0) -> (23,0) -> (24,0) -> (25,0) -> (26,0) -> (27,0) -> (28,0) -> (29,0) -> 
(30,0) -> (31,0) -> (32,0) -> (33,0) -> (34,0) -> (35,0) -> (36,0) -> (37,0) -> (38,0) -> (39,0) -> 
(40,0) -> (41,0) -> (42,0) -> (43,0) -> (44,0) -> (45,0) -> (46,0) -> (47,0) -> (48,0) -> (49,0) -> 
(50,0) -> (51,0) -> (52,0) -> (53,0) -> (54,0) -> (55,0) -> (56,0) -> (57,0) -> (58,0) -> (59,0) -> 
(60,0) -> (61,0) -> (62,0) -> (63,0) -> (64,0) -> (65,0) -> (66,0) -> (67,0) -> (68,0) -> (69,0) -> 
(70,0) -> (71,0) -> (72,0) -> (73,0) -> (74,0) -> (75,0) -> (76,0) -> (77,0) -> (78,0) -> (79,0) -> 
(79,1) -> (79,2) -> (79,3) -> (79,4) -> (79,5) -> (79,6) -> (79,7) -> (79,8) -> (79,9) -> (79,10) -> 
(79,11) -> (79,12) -> (79,13) -> (79,14) -> (79,15) -> (79,16) -> (79,17) -> (79,18) -> (79,19) -> (79,20) -> 
(79,21) -> (79,22) -> (79,23) -> (79,24) -> (79,25) -> (79,26) -> (79,27) -> (79,28) -> (79,29) -> (79,30) -> 
(79,31) -> (79,32) -> (79,33) -> (79,34) -> (79,35) -> (79,36) -> (79,37) -> (79,38) -> (79,39) -> (79,40) -> 
(79,41) -> (79,42) -> (79,43) -> (79,44) -> (79,45) -> (79,46) -> (79,47) -> (79,48) -> (79,49) -> (79,50) -> 
(79,51) -> (79,52) -> (79,53) -> (79,54) -> (79,55) -> (79,56) -> (79,57) -> (79,58) -> (79,59) -> (79,60) -> 
(79,61) -> (79,62) -> (79,63) -> (79,64) -> (79,65) -> (79,66) -> (79,67) -> (79,68) -> (79,69) -> (79,70) -> 
(79,71) -> (79,72) -> (79,73) -> (79,74) -> (79,75) -> (79,76) -> (79,77) -> (79,78) -> (79,79)
