========================================================================================
   RISOLUZIONE MDP E CAMMINATA OTTIMA: soluzioni/soluzione_grid_9.txt
   Dimensioni Griglia: 100x100 | Start: (0,0) | Goal: (99,99)
========================================================================================

--- MATRICE DEI VALORI V* ---
  -20.00   -19.99   -19.99   -19.99   -19.99   -19.99   -19.99   -19.99   -19.99   -19.99   -19.99   -19.99   -19.99   -19.99   -19.99   -19.99   -19.99   -19.99   -19.99   -19.99   -19.99   -19.99   -19.98   -19.98   -19.98     0.00   -19.98   -19.98   -19.98   -19.98   -19.98   -19.98   -19.97   -19.97   -19.97   -19.97   -19.97   -19.97   -19.97   -19.96   -19.96   -19.96   -19.96   -19.96   -19.95   -19.95   -19.95   -19.95   -19.94   -19.94     0.00   -19.93   -19.93   -19.93   -19.92   -19.92   -19.91   -19.91   -19.90   -19.90   -19.89   -19.89   -19.88   -19.88   -19.87   -19.86   -19.86   -19.85   -19.84   -19.83   -19.82   -19.81   -19.80   -19.79   -19.78     0.00   -19.76   -19.75   -19.73   -19.72   -19.70   -19.69   -19.67   -19.65   -19.64   -19.62   -19.60   -19.57   -19.60   -19.62   -19.64   -19.65   -19.67   -19.69   -19.70   -19.72   -19.73   -19.75   -19.76   -19.77 
  -19.99   -19.99   -19.99   -19.99   -19.99   -19.99   -19.99   -19.99   -19.99   -19.99   -19.99   -19.99   -19.99   -19.99   -19.99   -19.99   -19.99   -19.99   -19.99   -19.99   -19.99   -19.98   -19.98   -19.98   -19.98     0.00   -19.98   -19.98   -19.98   -19.98   -19.98   -19.97   -19.97   -19.97   -19.97   -19.97   -19.97   -19.97   -19.96   -19.96   -19.96   -19.96   -19.96   -19.95   -19.95   -19.95   -19.95   -19.94   -19.94   -19.94     0.00   -19.93   -19.93   -19.92   -19.92   -19.91   -19.91   -19.90   -19.90   -19.89   -19.89   -19.88   -19.88   -19.87   -19.86   -19.86   -19.85   -19.84   -19.83   -19.82   -19.81   -19.80   -19.79   -19.78   -19.77     0.00   -19.75   -19.73   -19.72   -19.70   -19.69   -19.67   -19.65   -19.64   -19.62   -19.60   -19.57   -19.55   -19.57   -19.60   -19.62   -19.64   -19.65   -19.67   -19.69   -19.70   -19.72   -19.73   -19.75   -19.76 
  -19.99   -19.99   -19.99   -19.99   -19.99   -19.99   -19.99   -19.99   -19.99   -19.99   -19.99   -19.99   -19.99   -19.99   -19.99   -19.99   -19.99   -19.99   -19.99   -19.99   -19.98   -19.98   -19.98   -19.98   -19.98     0.00   -19.98   -19.98   -19.98   -19.98   -19.97   -19.97   -19.97   -19.97   -19.97   -19.97   -19.97   -19.96   -19.96   -19.96   -19.96   -19.96   -19.95   -19.95   -19.95   -19.95   -19.94   -19.94   -19.94   -19.93     0.00   -19.93   -19.92   -19.92   -19.91   -19.91   -19.90   -19.90   -19.89   -19.89   -19.88   -19.88   -19.87   -19.86   -19.86   -19.85   -19.84   -19.83   -19.82   -19.81   -19.80   -19.79   -19.78   -19.77   -19.76     0.00   -19.73   -19.72   -19.70   -19.69   -19.67   -19.65   -19.64   -19.62   -19.60   -19.57   -19.55   -19.53   -19.55   -19.57   -19.60   -19.62   -19.64   -19.65   -19.67   -19.69   -19.70   -19.72   -19.73   -19.75 
  -19.99   -19.99   -19.99   -19.99   -19.99   -19.99   -19.99   -19.99   -19.99   -19.99   -19.99   -19.99   -19.99   -19.99   -19.99   -19.99   -19.99   -19.99   -19.99   -19.98   -19.98   -19.98   -19.98   -19.98   -19.98     0.00   -19.98   -19.98   -19.98   -19.97   -19.97   -19.97   -19.97   -19.97   -19.97   -19.97   -19.96   -19.96   -19.96   -19.96   -19.96   -19.95   -19.95   -19.95   -19.95   -19.94   -19.94   -19.94   -19.93   -19.93     0.00   -19.92   -19.92   -19.91   -19.91   -19.90   -19.90   -19.89   -19.89   -19.88   -19.88   -19.87   -19.86   -19.86   -19.85   -19.84   -19.83   -19.82   -19.81   -19.80   -19.79   -19.78   -19.77   -19.76   -19.75     0.00   -19.72   -19.70   -19.69   -19.67   -19.65   -19.64   -19.62   -19.60   -19.57   -19.55   -19.53   -19.50   -19.53   -19.55   -19.57   -19.60   -19.62   -19.64   -19.65   -19.67   -19.69   -19.70   -19.72   -19.73 
  -19.99   -19.99   -19.99   -19.99   -19.99   -19.99   -19.99   -19.99   -19.99   -19.99   -19.99   -19.99   -19.99   -19.99   -19.99   -19.99   -19.99   -19.99   -19.98   -19.98   -19.98   -19.98   -19.98   -19.98   -19.98     0.00   -19.98   -19.98   -19.97   -19.97   -19.97   -19.97   -19.97   -19.97   -19.97   -19.96   -19.96   -19.96   -19.96   -19.96   -19.95   -19.95   -19.95   -19.95   -19.94   -19.94   -19.94   -19.93   -19.93   -19.93     0.00   -19.92   -19.91   -19.91   -19.90   -19.90   -19.89   -19.89   -19.88   -19.88   -19.87   -19.86   -19.86   -19.85   -19.84   -19.83   -19.82   -19.81   -19.80   -19.79   -19.78   -19.77   -19.76   -19.75   -19.73     0.00   -19.70   -19.69   -19.67   -19.65   -19.64   -19.62   -19.60   -19.57   -19.55   -19.53   -19.50   -19.48   -19.50   -19.53   -19.55   -19.57   -19.60   -19.62   -19.64   -19.65   -19.67   -19.69   -19.70   -19.72 
  -19.99   -19.99   -19.99   -19.99   -19.99   -19.99   -19.99   -19.99   -19.99   -19.99   -19.99   -19.99   -19.99   -19.99   -19.99   -19.99   -19.99   -19.98   -19.98   -19.98   -19.98   -19.98   -19.98   -19.98   -19.98     0.00   -19.98   -19.97   -19.97   -19.97   -19.97   -19.97   -19.97   -19.97   -19.96   -19.96   -19.96   -19.96   -19.96   -19.95   -19.95   -19.95   -19.95   -19.94   -19.94   -19.94   -19.93   -19.93   -19.93   -19.92     0.00   -19.91   -19.91   -19.90   -19.90   -19.89   -19.89   -19.88   -19.88   -19.87   -19.86   -19.86   -19.85   -19.84   -19.83   -19.82   -19.81   -19.80   -19.79   -19.78   -19.77   -19.76   -19.75   -19.73   -19.72     0.00   -19.69   -19.67   -19.65   -19.64   -19.62   -19.60   -19.57   -19.55   -19.53   -19.50   -19.48   -19.45   -19.48   -19.50   -19.53   -19.55   -19.57   -19.60   -19.62   -19.64   -19.65   -19.67   -19.69   -19.70 
  -19.99   -19.99   -19.99   -19.99   -19.99   -19.99   -19.99   -19.99   -19.99   -19.99   -19.99   -19.99   -19.99   -19.99   -19.99   -19.99   -19.98   -19.98   -19.98   -19.98   -19.98   -19.98   -19.98   -19.98   -19.98     0.00   -19.97   -19.97   -19.97   -19.97   -19.97   -19.97   -19.97   -19.96   -19.96   -19.96   -19.96   -19.96   -19.95   -19.95   -19.95   -19.95   -19.94   -19.94   -19.94   -19.93   -19.93   -19.93   -19.92   -19.92     0.00   -19.91   -19.90   -19.90   -19.89   -19.89   -19.88   -19.88   -19.87   -19.86   -19.86   -19.85   -19.84   -19.83   -19.82   -19.81   -19.80   -19.79   -19.78   -19.77   -19.76   -19.75   -19.73   -19.72   -19.70     0.00   -19.67   -19.65   -19.64   -19.62   -19.60   -19.57   -19.55   -19.53   -19.50   -19.48   -19.45   -19.42   -19.45   -19.48   -19.50   -19.53   -19.55   -19.57   -19.60   -19.62   -19.64   -19.65   -19.67   -19.69 
  -19.99   -19.99   -19.99   -19.99   -19.99   -19.99   -19.99   -19.99   -19.99   -19.99   -19.99   -19.99   -19.99   -19.99   -19.99   -19.98   -19.98   -19.98   -19.98   -19.98   -19.98   -19.98   -19.98   -19.98   -19.98     0.00   -19.97   -19.97   -19.97   -19.97   -19.97   -19.97   -19.96   -19.96   -19.96   -19.96   -19.96   -19.95   -19.95   -19.95   -19.95   -19.94   -19.94   -19.94   -19.93   -19.93   -19.93   -19.92   -19.92   -19.91     0.00   -19.90   -19.90   -19.89   -19.89   -19.88   -19.88   -19.87   -19.86   -19.86   -19.85   -19.84   -19.83   -19.82   -19.81   -19.80   -19.79   -19.78   -19.77   -19.76   -19.75   -19.73   -19.72   -19.70   -19.69     0.00   -19.65   -19.64   -19.62   -19.60   -19.57   -19.55   -19.53   -19.50   -19.48   -19.45   -19.42   -19.39   -19.42   -19.45   -19.48   -19.50   -19.53   -19.55   -19.57   -19.60   -19.62   -19.64   -19.65   -19.67 
  -19.99   -19.99   -19.99   -19.99   -19.99   -19.99   -19.99   -19.99   -19.99   -19.99   -19.99   -19.99   -19.99   -19.99   -19.98   -19.98   -19.98   -19.98   -19.98   -19.98   -19.98   -19.98   -19.98   -19.98   -19.97     0.00   -19.97   -19.97   -19.97   -19.97   -19.97   -19.96   -19.96   -19.96   -19.96   -19.96   -19.95   -19.95   -19.95   -19.95   -19.94   -19.94   -19.94   -19.93   -19.93   -19.93   -19.92   -19.92   -19.91   -19.91     0.00   -19.90   -19.89   -19.89   -19.88   -19.88   -19.87   -19.86   -19.86   -19.85   -19.84   -19.83   -19.82   -19.81   -19.80   -19.79   -19.78   -19.77   -19.76   -19.75   -19.73   -19.72   -19.70   -19.69   -19.67     0.00   -19.64   -19.62   -19.60   -19.57   -19.55   -19.53   -19.50   -19.48   -19.45   -19.42   -19.39   -19.36   -19.39   -19.42   -19.45   -19.48   -19.50   -19.53   -19.55   -19.57   -19.60   -19.62   -19.64   -19.65 
  -19.99   -19.99   -19.99   -19.99   -19.99   -19.99   -19.99   -19.99   -19.99   -19.99   -19.99   -19.99   -19.99   -19.98   -19.98   -19.98   -19.98   -19.98   -19.98   -19.98   -19.98   -19.98   -19.98   -19.97   -19.97     0.00   -19.97   -19.97   -19.97   -19.97   -19.96   -19.96   -19.96   -19.96   -19.96   -19.95   -19.95   -19.95   -19.95   -19.94   -19.94   -19.94   -19.93   -19.93   -19.93   -19.92   -19.92   -19.91   -19.91   -19.90     0.00   -19.89   -19.89   -19.88   -19.88   -19.87   -19.86   -19.86   -19.85   -19.84   -19.83   -19.82   -19.81   -19.80   -19.79   -19.78   -19.77   -19.76   -19.75   -19.73   -19.72   -19.70   -19.69   -19.67   -19.65     0.00   -19.62   -19.60   -19.57   -19.55   -19.53   -19.50   -19.48   -19.45   -19.42   -19.39   -19.36   -19.33   -19.36   -19.39   -19.42   -19.45   -19.48   -19.50   -19.53   -19.55   -19.57   -19.60   -19.62   -19.64 
  -19.99   -19.99   -19.99   -19.99   -19.99   -19.99   -19.99   -19.99   -19.99   -19.99   -19.99   -19.99   -19.98   -19.98   -19.98   -19.98   -19.98   -19.98   -19.98   -19.98   -19.98   -19.98   -19.97   -19.97   -19.97     0.00   -19.97   -19.97   -19.97   -19.96   -19.96   -19.96   -19.96   -19.96   -19.95   -19.95   -19.95   -19.95   -19.94   -19.94   -19.94   -19.93   -19.93   -19.93   -19.92   -19.92   -19.91   -19.91   -19.90   -19.90     0.00   -19.89   -19.88   -19.88   -19.87   -19.86   -19.86   -19.85   -19.84   -19.83   -19.82   -19.81   -19.80   -19.79   -19.78   -19.77   -19.76   -19.75   -19.73   -19.72   -19.70   -19.69   -19.67   -19.65   -19.64     0.00   -19.60   -19.57   -19.55   -19.53   -19.50   -19.48   -19.45   -19.42   -19.39   -19.36   -19.33   -19.29   -19.33   -19.36   -19.39   -19.42   -19.45   -19.48   -19.50   -19.53   -19.55   -19.57   -19.60   -19.62 
  -19.99   -19.99   -19.99   -19.99   -19.99   -19.99   -19.99   -19.99   -19.99   -19.99   -19.99   -19.98   -19.98   -19.98   -19.98   -19.98   -19.98   -19.98   -19.98   -19.98   -19.98   -19.97   -19.97   -19.97   -19.97     0.00   -19.97   -19.97   -19.96   -19.96   -19.96   -19.96   -19.96   -19.95   -19.95   -19.95   -19.95   -19.94   -19.94   -19.94   -19.93   -19.93   -19.93   -19.92   -19.92   -19.91   -19.91   -19.90   -19.90   -19.89     0.00   -19.88   -19.88   -19.87   -19.86   -19.86   -19.85   -19.84   -19.83   -19.82   -19.81   -19.80   -19.79   -19.78   -19.77   -19.76   -19.75   -19.73   -19.72   -19.70   -19.69   -19.67   -19.65   -19.64   -19.62     0.00   -19.57   -19.55   -19.53   -19.50   -19.48   -19.45   -19.42   -19.39   -19.36   -19.33   -19.29   -19.25   -19.29   -19.33   -19.36   -19.39   -19.42   -19.45   -19.48   -19.50   -19.53   -19.55   -19.57   -19.60 
  -19.99   -19.99   -19.99   -19.99   -19.99   -19.99   -19.99   -19.99   -19.99   -19.99   -19.98   -19.98   -19.98   -19.98   -19.98   -19.98   -19.98   -19.98   -19.98   -19.98   -19.97   -19.97   -19.97   -19.97   -19.97   -19.97   -19.97   -19.96   -19.96   -19.96   -19.96   -19.96   -19.95   -19.95   -19.95   -19.95   -19.94   -19.94   -19.94   -19.93   -19.93   -19.93   -19.92   -19.92   -19.91   -19.91   -19.90   -19.90   -19.89   -19.89   -19.88   -19.88   -19.87   -19.86   -19.86   -19.85   -19.84   -19.83   -19.82   -19.81   -19.80   -19.79   -19.78   -19.77   -19.76   -19.75   -19.73   -19.72   -19.70   -19.69   -19.67   -19.65   -19.64   -19.62   -19.60   -19.57   -19.55   -19.53   -19.50   -19.48   -19.45   -19.42   -19.39   -19.36   -19.33   -19.29   -19.25   -19.21   -19.25   -19.29   -19.33   -19.36   -19.39   -19.42   -19.45   -19.48   -19.50   -19.53   -19.55   -19.57 
  -19.99   -19.99   -19.99   -19.99   -19.99   -19.99   -19.99   -19.99   -19.99   -19.98   -19.98   -19.98   -19.98   -19.98   -19.98   -19.98   -19.98   -19.98   -19.98   -19.98   -19.98   -19.97   -19.97   -19.97   -19.97     0.00   -19.96   -19.96   -19.96   -19.96   -19.96   -19.95   -19.95   -19.95   -19.95   -19.94   -19.94   -19.94   -19.94   -19.94   -19.93   -19.93   -19.93   -19.92   -19.92   -19.91   -19.91   -19.90   -19.90   -19.89     0.00   -19.87   -19.86   -19.86   -19.85   -19.84   -19.83   -19.82   -19.81   -19.80   -19.79   -19.78   -19.77   -19.78   -19.77   -19.76   -19.75   -19.73   -19.72   -19.70   -19.69   -19.67   -19.65   -19.64   -19.62     0.00   -19.53   -19.50   -19.48   -19.45   -19.42   -19.39   -19.36   -19.33   -19.29   -19.25   -19.21   -19.17   -19.21   -19.25   -19.29   -19.33   -19.36   -19.39   -19.42   -19.45   -19.48   -19.50   -19.53   -19.55 
  -19.99   -19.99   -19.99   -19.99   -19.99   -19.99   -19.99   -19.99   -19.98   -19.98   -19.98   -19.98   -19.98   -19.98   -19.98   -19.98   -19.98   -19.98   -19.98   -19.98   -19.98   -19.98   -19.97   -19.97   -19.97     0.00   -19.96   -19.96   -19.96   -19.96   -19.95   -19.95   -19.95   -19.95   -19.94   -19.94   -19.94   -19.93   -19.94   -19.94   -19.94   -19.93   -19.93   -19.93   -19.92   -19.92   -19.91   -19.91   -19.90   -19.90     0.00   -19.86   -19.86   -19.85   -19.84   -19.83   -19.82   -19.81   -19.80   -19.79   -19.78   -19.77   -19.76   -19.77   -19.78   -19.77   -19.76   -19.75   -19.73   -19.72   -19.70   -19.69   -19.67   -19.65   -19.64     0.00   -19.50   -19.48   -19.45   -19.42   -19.39   -19.36   -19.33   -19.29   -19.25   -19.21   -19.17   -19.13   -19.17   -19.21   -19.25   -19.29   -19.33   -19.36   -19.39   -19.42   -19.45   -19.48   -19.50   -19.53 
  -19.99   -19.99   -19.99   -19.99   -19.99   -19.99   -19.99   -19.98   -19.98   -19.98   -19.98   -19.98   -19.98   -19.98   -19.98   -19.98   -19.98   -19.98   -19.98   -19.98   -19.98   -19.98   -19.98   -19.97   -19.97     0.00   -19.96   -19.96   -19.96   -19.95   -19.95   -19.95   -19.95   -19.94   -19.94   -19.94   -19.93   -19.93   -19.93   -19.94   -19.94   -19.94   -19.93   -19.93   -19.93   -19.92   -19.92   -19.91   -19.91   -19.90     0.00   -19.86   -19.85   -19.84   -19.83   -19.82   -19.81   -19.80   -19.79   -19.78   -19.77   -19.76   -19.75   -19.76   -19.77   -19.78   -19.77   -19.76   -19.75   -19.73   -19.72   -19.70   -19.69   -19.67   -19.65     0.00   -19.48   -19.45   -19.42   -19.39   -19.36   -19.33   -19.29   -19.25   -19.21   -19.17   -19.13   -19.08   -19.13   -19.17   -19.21   -19.25   -19.29   -19.33   -19.36   -19.39   -19.42   -19.45   -19.48   -19.50 
  -19.99   -19.99   -19.99   -19.99   -19.99   -19.99   -19.98   -19.98   -19.98   -19.98   -19.98   -19.98   -19.98   -19.98   -19.98   -19.98   -19.98   -19.98   -19.98   -19.98   -19.98   -19.98   -19.98   -19.98   -19.97     0.00   -19.96   -19.96   -19.95   -19.95   -19.95   -19.95   -19.94   -19.94   -19.94   -19.93   -19.93   -19.93   -19.93   -19.93   -19.94   -19.94   -19.94   -19.93   -19.93   -19.93   -19.92   -19.92   -19.91   -19.91     0.00   -19.85   -19.84   -19.83   -19.82   -19.81   -19.80   -19.79   -19.78   -19.77   -19.76   -19.75   -19.73   -19.75   -19.76   -19.77   -19.78   -19.77   -19.76   -19.75   -19.73   -19.72   -19.70   -19.69   -19.67     0.00   -19.45   -19.42   -19.39   -19.36   -19.33   -19.29   -19.25   -19.21   -19.17   -19.13   -19.08   -19.03   -19.08   -19.13   -19.17   -19.21   -19.25   -19.29   -19.33   -19.36   -19.39   -19.42   -19.45   -19.48 
  -19.99   -19.99   -19.99   -19.99   -19.99   -19.98   -19.98   -19.98   -19.98   -19.98   -19.98   -19.98   -19.98   -19.98   -19.98   -19.98   -19.98   -19.98   -19.98   -19.98   -19.98   -19.98   -19.98   -19.98   -19.98     0.00   -19.96   -19.95   -19.95   -19.95   -19.95   -19.94   -19.94   -19.94   -19.93   -19.93   -19.93   -19.92   -19.93   -19.93   -19.93   -19.94   -19.94   -19.94   -19.93   -19.93   -19.93   -19.92   -19.92   -19.91     0.00   -19.84   -19.83   -19.82   -19.81   -19.80   -19.79   -19.78   -19.77   -19.76   -19.75   -19.73   -19.72   -19.73   -19.75   -19.76   -19.77   -19.78   -19.77   -19.76   -19.75   -19.73   -19.72   -19.70   -19.69     0.00   -19.42   -19.39   -19.36   -19.33   -19.29   -19.25   -19.21   -19.17   -19.13   -19.08   -19.03   -18.98   -19.03   -19.08   -19.13   -19.17   -19.21   -19.25   -19.29   -19.33   -19.36   -19.39   -19.42   -19.45 
  -19.99   -19.99   -19.99   -19.99   -19.98   -19.98   -19.98   -19.98   -19.98   -19.98   -19.98   -19.98   -19.98   -19.98   -19.98   -19.98   -19.98   -19.98   -19.98   -19.98   -19.98   -19.98   -19.98   -19.98   -19.98     0.00   -19.95   -19.95   -19.95   -19.95   -19.94   -19.94   -19.94   -19.93   -19.93   -19.93   -19.92   -19.92   -19.92   -19.93   -19.93   -19.93   -19.94   -19.94   -19.94   -19.93   -19.93   -19.93   -19.92   -19.92     0.00   -19.83   -19.82   -19.81   -19.80   -19.79   -19.78   -19.77   -19.76   -19.75   -19.73   -19.72   -19.70   -19.72   -19.73   -19.75   -19.76   -19.77   -19.78   -19.77   -19.76   -19.75   -19.73   -19.72   -19.70     0.00   -19.39   -19.36   -19.33   -19.29   -19.25   -19.21   -19.17   -19.13   -19.08   -19.03   -18.98   -18.93   -18.98   -19.03   -19.08   -19.13   -19.17   -19.21   -19.25   -19.29   -19.33   -19.36   -19.39   -19.42 
  -19.99   -19.99   -19.99   -19.98   -19.98   -19.98   -19.98   -19.98   -19.98   -19.98   -19.98   -19.98   -19.98   -19.98   -19.98   -19.98   -19.98   -19.98   -19.98   -19.98   -19.98   -19.98   -19.98   -19.98   -19.98     0.00   -19.95   -19.95   -19.95   -19.94   -19.94   -19.94   -19.93   -19.93   -19.93   -19.92   -19.92   -19.91   -19.92   -19.92   -19.93   -19.93   -19.93   -19.94   -19.94   -19.94   -19.93   -19.93   -19.93   -19.92     0.00   -19.82   -19.81   -19.80   -19.79   -19.78   -19.77   -19.76   -19.75   -19.73   -19.72   -19.70   -19.69   -19.70   -19.72   -19.73   -19.75   -19.76   -19.77   -19.78   -19.77   -19.76   -19.75   -19.73   -19.72     0.00   -19.36   -19.33   -19.29   -19.25   -19.21   -19.17   -19.13   -19.08   -19.03   -18.98   -18.93   -18.87   -18.93   -18.98   -19.03   -19.08   -19.13   -19.17   -19.21   -19.25   -19.29   -19.33   -19.36   -19.39 
  -19.99   -19.99   -19.98   -19.98   -19.98   -19.98   -19.98   -19.98   -19.98   -19.98   -19.98   -19.98   -19.97   -19.98   -19.98   -19.98   -19.98   -19.98   -19.98   -19.98   -19.98   -19.98   -19.98   -19.98   -19.98     0.00   -19.95   -19.95   -19.94   -19.94   -19.94   -19.93   -19.93   -19.93   -19.92   -19.92   -19.91   -19.91   -19.91   -19.92   -19.92   -19.93   -19.93   -19.93   -19.94   -19.94   -19.94   -19.93   -19.93   -19.93     0.00   -19.81   -19.80   -19.79   -19.78   -19.77   -19.76   -19.75   -19.73   -19.72   -19.70   -19.69   -19.67   -19.69   -19.70   -19.72   -19.73   -19.75   -19.76   -19.77   -19.78   -19.77   -19.76   -19.75   -19.73     0.00   -19.33   -19.29   -19.25   -19.21   -19.17   -19.13   -19.08   -19.03   -18.98   -18.93   -18.87   -18.81   -18.87   -18.93   -18.98   -19.03   -19.08   -19.13   -19.17   -19.21   -19.25   -19.29   -19.33   -19.36 
  -19.99   -19.98   -19.98   -19.98   -19.98   -19.98   -19.98   -19.98   -19.98   -19.98   -19.98   -19.97   -19.97   -19.97   -19.98   -19.98   -19.98   -19.98   -19.98   -19.98   -19.98   -19.98   -19.98   -19.98   -19.98     0.00   -19.95   -19.94   -19.94   -19.94   -19.93   -19.93   -19.93   -19.92   -19.92   -19.91   -19.91   -19.90   -19.91   -19.91   -19.92   -19.92   -19.93   -19.93   -19.93   -19.94   -19.94   -19.94   -19.93   -19.93     0.00   -19.80   -19.79   -19.78   -19.77   -19.76   -19.75   -19.73   -19.72   -19.70   -19.69   -19.67   -19.65   -19.67   -19.69   -19.70   -19.72   -19.73   -19.75   -19.76   -19.77   -19.78   -19.77   -19.76   -19.75     0.00   -19.29   -19.25   -19.21   -19.17   -19.13   -19.08   -19.03   -18.98   -18.93   -18.87   -18.81   -18.75   -18.81   -18.87   -18.93   -18.98   -19.03   -19.08   -19.13   -19.17   -19.21   -19.25   -19.29   -19.33 
  -19.98   -19.98   -19.98   -19.98   -19.98   -19.98   -19.98   -19.98   -19.98   -19.98   -19.97   -19.97   -19.97   -19.97   -19.97   -19.98   -19.98   -19.98   -19.98   -19.98   -19.98   -19.98   -19.98   -19.98   -19.98     0.00   -19.94   -19.94   -19.94   -19.93   -19.93   -19.93   -19.92   -19.92   -19.91   -19.91   -19.90   -19.90   -19.90   -19.91   -19.91   -19.92   -19.92   -19.93   -19.93   -19.93   -19.94   -19.94   -19.94   -19.93     0.00   -19.79   -19.78   -19.77   -19.76   -19.75   -19.73   -19.72   -19.70   -19.69   -19.67   -19.65   -19.64   -19.65   -19.67   -19.69   -19.70   -19.72   -19.73   -19.75   -19.76   -19.77   -19.78   -19.77   -19.76     0.00   -19.25   -19.21   -19.17   -19.13   -19.08   -19.03   -18.98   -18.93   -18.87   -18.81   -18.75   -18.69   -18.75   -18.81   -18.87   -18.93   -18.98   -19.03   -19.08   -19.13   -19.17   -19.21   -19.25   -19.29 
  -19.98   -19.98   -19.98   -19.98   -19.98   -19.98   -19.98   -19.98   -19.98   -19.97   -19.97   -19.97   -19.97   -19.97   -19.97   -19.97   -19.98   -19.98   -19.98   -19.98   -19.98   -19.98   -19.98   -19.98   -19.98     0.00   -19.94   -19.94   -19.93   -19.93   -19.93   -19.92   -19.92   -19.91   -19.91   -19.90   -19.90   -19.89   -19.90   -19.90   -19.91   -19.91   -19.92   -19.92   -19.93   -19.93   -19.93   -19.94   -19.94   -19.94     0.00   -19.78   -19.77   -19.76   -19.75   -19.73   -19.72   -19.70   -19.69   -19.67   -19.65   -19.64   -19.62   -19.64   -19.65   -19.67   -19.69   -19.70   -19.72   -19.73   -19.75   -19.76   -19.77   -19.78   -19.77     0.00   -19.21   -19.17   -19.13   -19.08   -19.03   -18.98   -18.93   -18.87   -18.81   -18.75   -18.69   -18.62   -18.69   -18.75   -18.81   -18.87   -18.93   -18.98   -19.03   -19.08   -19.13   -19.17   -19.21   -19.25 
  -19.98   -19.98   -19.98   -19.98   -19.98   -19.98   -19.98   -19.98   -19.97   -19.97   -19.97   -19.97   -19.97   -19.97   -19.97   -19.97   -19.97   -19.98   -19.98   -19.98   -19.98   -19.98   -19.98   -19.98   -19.98     0.00   -19.94   -19.93   -19.93   -19.93   -19.92   -19.92   -19.91   -19.91   -19.90   -19.90   -19.89   -19.89   -19.89   -19.90   -19.90   -19.91   -19.91   -19.92   -19.92   -19.93   -19.93   -19.93   -19.94   -19.94     0.00   -19.77   -19.76   -19.75   -19.73   -19.72   -19.70   -19.69   -19.67   -19.65   -19.64   -19.62   -19.60   -19.62   -19.64   -19.65   -19.67   -19.69   -19.70   -19.72   -19.73   -19.75   -19.76   -19.77   -19.78     0.00   -19.17   -19.13   -19.08   -19.03   -18.98   -18.93   -18.87   -18.81   -18.75   -18.69   -18.62   -18.54   -18.62   -18.69   -18.75   -18.81   -18.87   -18.93   -18.98   -19.03   -19.08   -19.13   -19.17   -19.21 
    0.00     0.00     0.00     0.00     0.00     0.00     0.00     0.00     0.00     0.00     0.00     0.00   -19.97     0.00     0.00     0.00     0.00     0.00     0.00     0.00     0.00     0.00     0.00     0.00     0.00     0.00     0.00     0.00     0.00     0.00     0.00     0.00     0.00     0.00     0.00     0.00     0.00   -19.88     0.00     0.00     0.00     0.00     0.00     0.00     0.00     0.00     0.00     0.00     0.00     0.00     0.00     0.00     0.00     0.00     0.00     0.00     0.00     0.00     0.00     0.00     0.00     0.00   -19.57     0.00     0.00     0.00     0.00     0.00     0.00     0.00     0.00     0.00     0.00     0.00     0.00     0.00     0.00     0.00     0.00     0.00     0.00     0.00     0.00     0.00     0.00     0.00     0.00   -18.47     0.00     0.00     0.00     0.00     0.00     0.00     0.00     0.00     0.00     0.00     0.00     0.00 
  -19.98   -19.98   -19.98   -19.98   -19.98   -19.98   -19.97   -19.97   -19.97   -19.97   -19.97   -19.97   -19.97   -19.96   -19.96   -19.96   -19.96   -19.96   -19.95   -19.95   -19.95   -19.95   -19.94   -19.94   -19.94     0.00   -19.93   -19.93   -19.92   -19.92   -19.91   -19.91   -19.90   -19.90   -19.89   -19.89   -19.88   -19.88   -19.87   -19.86   -19.86   -19.85   -19.84   -19.83   -19.82   -19.81   -19.80   -19.79   -19.78   -19.77     0.00   -19.75   -19.73   -19.72   -19.70   -19.69   -19.67   -19.65   -19.64   -19.62   -19.60   -19.57   -19.55   -19.53   -19.50   -19.48   -19.45   -19.42   -19.39   -19.36   -19.33   -19.29   -19.25   -19.21   -19.17     0.00   -19.08   -19.03   -18.98   -18.93   -18.87   -18.81   -18.75   -18.69   -18.62   -18.54   -18.47   -18.39   -18.47   -18.54   -18.62   -18.69   -18.75   -18.81   -18.87   -18.93   -18.98   -19.03   -19.08   -19.13 
  -19.98   -19.98   -19.98   -19.98   -19.98   -19.97   -19.97   -19.97   -19.97   -19.97   -19.97   -19.97   -19.96   -19.96   -19.96   -19.96   -19.96   -19.95   -19.95   -19.95   -19.95   -19.94   -19.94   -19.94   -19.93     0.00   -19.93   -19.92   -19.92   -19.91   -19.91   -19.90   -19.90   -19.89   -19.89   -19.88   -19.88   -19.87   -19.86   -19.86   -19.85   -19.84   -19.83   -19.82   -19.81   -19.80   -19.79   -19.78   -19.77   -19.76     0.00   -19.73   -19.72   -19.70   -19.69   -19.67   -19.65   -19.64   -19.62   -19.60   -19.57   -19.55   -19.53   -19.50   -19.48   -19.45   -19.42   -19.39   -19.36   -19.33   -19.29   -19.25   -19.21   -19.17   -19.13     0.00   -19.03   -18.98   -18.93   -18.87   -18.81   -18.75   -18.69   -18.62   -18.54   -18.47   -18.39   -18.30   -18.39   -18.47   -18.54   -18.62   -18.69   -18.75   -18.81   -18.87   -18.93   -18.98   -19.03   -19.08 
  -19.98   -19.98   -19.98   -19.98   -19.97   -19.97   -19.97   -19.97   -19.97   -19.97   -19.97   -19.96   -19.96   -19.96   -19.96   -19.96   -19.95   -19.95   -19.95   -19.95   -19.94   -19.94   -19.94   -19.93   -19.93     0.00   -19.92   -19.92   -19.91   -19.91   -19.90   -19.90   -19.89   -19.89   -19.88   -19.88   -19.87   -19.86   -19.86   -19.85   -19.84   -19.83   -19.82   -19.81   -19.80   -19.79   -19.78   -19.77   -19.76   -19.75     0.00   -19.72   -19.70   -19.69   -19.67   -19.65   -19.64   -19.62   -19.60   -19.57   -19.55   -19.53   -19.50   -19.48   -19.45   -19.42   -19.39   -19.36   -19.33   -19.29   -19.25   -19.21   -19.17   -19.13   -19.08     0.00   -18.98   -18.93   -18.87   -18.81   -18.75   -18.69   -18.62   -18.54   -18.47   -18.39   -18.30   -18.21   -18.30   -18.39   -18.47   -18.54   -18.62   -18.69   -18.75   -18.81   -18.87   -18.93   -18.98   -19.03 
  -19.98   -19.98   -19.98   -19.97   -19.97   -19.97   -19.97   -19.97   -19.97   -19.97   -19.96   -19.96   -19.96   -19.96   -19.96   -19.95   -19.95   -19.95   -19.95   -19.94   -19.94   -19.94   -19.93   -19.93   -19.93     0.00   -19.92   -19.91   -19.91   -19.90   -19.90   -19.89   -19.89   -19.88   -19.88   -19.87   -19.86   -19.86   -19.85   -19.84   -19.83   -19.82   -19.81   -19.80   -19.79   -19.78   -19.77   -19.76   -19.75   -19.73     0.00   -19.70   -19.69   -19.67   -19.65   -19.64   -19.62   -19.60   -19.57   -19.55   -19.53   -19.50   -19.48   -19.45   -19.42   -19.39   -19.36   -19.33   -19.29   -19.25   -19.21   -19.17   -19.13   -19.08   -19.03     0.00   -18.93   -18.87   -18.81   -18.75   -18.69   -18.62   -18.54   -18.47   -18.39   -18.30   -18.21   -18.12   -18.21   -18.30   -18.39   -18.47   -18.54   -18.62   -18.69   -18.75   -18.81   -18.87   -18.93   -18.98 
  -19.98   -19.98   -19.97   -19.97   -19.97   -19.97   -19.97   -19.97   -19.97   -19.96   -19.96   -19.96   -19.96   -19.96   -19.95   -19.95   -19.95   -19.95   -19.94   -19.94   -19.94   -19.93   -19.93   -19.93   -19.92     0.00   -19.91   -19.91   -19.90   -19.90   -19.89   -19.89   -19.88   -19.88   -19.87   -19.86   -19.86   -19.85   -19.84   -19.83   -19.82   -19.81   -19.80   -19.79   -19.78   -19.77   -19.76   -19.75   -19.73   -19.72     0.00   -19.69   -19.67   -19.65   -19.64   -19.62   -19.60   -19.57   -19.55   -19.53   -19.50   -19.48   -19.45   -19.42   -19.39   -19.36   -19.33   -19.29   -19.25   -19.21   -19.17   -19.13   -19.08   -19.03   -18.98     0.00   -18.87   -18.81   -18.75   -18.69   -18.62   -18.54   -18.47   -18.39   -18.30   -18.21   -18.12   -18.02   -18.12   -18.21   -18.30   -18.39   -18.47   -18.54   -18.62   -18.69   -18.75   -18.81   -18.87   -18.93 
  -19.98   -19.97   -19.97   -19.97   -19.97   -19.97   -19.97   -19.97   -19.96   -19.96   -19.96   -19.96   -19.96   -19.95   -19.95   -19.95   -19.95   -19.94   -19.94   -19.94   -19.93   -19.93   -19.93   -19.92   -19.92     0.00   -19.91   -19.90   -19.90   -19.89   -19.89   -19.88   -19.88   -19.87   -19.86   -19.86   -19.85   -19.84   -19.83   -19.82   -19.81   -19.80   -19.79   -19.78   -19.77   -19.76   -19.75   -19.73   -19.72   -19.70     0.00   -19.67   -19.65   -19.64   -19.62   -19.60   -19.57   -19.55   -19.53   -19.50   -19.48   -19.45   -19.42   -19.39   -19.36   -19.33   -19.29   -19.25   -19.21   -19.17   -19.13   -19.08   -19.03   -18.98   -18.93     0.00   -18.81   -18.75   -18.69   -18.62   -18.54   -18.47   -18.39   -18.30   -18.21   -18.12   -18.02   -17.91   -18.02   -18.12   -18.21   -18.30   -18.39   -18.47   -18.54   -18.62   -18.69   -18.75   -18.81   -18.87 
  -19.97   -19.97   -19.97   -19.97   -19.97   -19.97   -19.97   -19.96   -19.96   -19.96   -19.96   -19.96   -19.95   -19.95   -19.95   -19.95   -19.94   -19.94   -19.94   -19.93   -19.93   -19.93   -19.92   -19.92   -19.91     0.00   -19.90   -19.90   -19.89   -19.89   -19.88   -19.88   -19.87   -19.86   -19.86   -19.85   -19.84   -19.83   -19.82   -19.81   -19.80   -19.79   -19.78   -19.77   -19.76   -19.75   -19.73   -19.72   -19.70   -19.69     0.00   -19.65   -19.64   -19.62   -19.60   -19.57   -19.55   -19.53   -19.50   -19.48   -19.45   -19.42   -19.39   -19.36   -19.33   -19.29   -19.25   -19.21   -19.17   -19.13   -19.08   -19.03   -18.98   -18.93   -18.87     0.00   -18.75   -18.69   -18.62   -18.54   -18.47   -18.39   -18.30   -18.21   -18.12   -18.02   -17.91   -17.80   -17.91   -18.02   -18.12   -18.21   -18.30   -18.39   -18.47   -18.54   -18.62   -18.69   -18.75   -18.81 
  -19.97   -19.97   -19.97   -19.97   -19.97   -19.97   -19.96   -19.96   -19.96   -19.96   -19.96   -19.95   -19.95   -19.95   -19.95   -19.94   -19.94   -19.94   -19.93   -19.93   -19.93   -19.92   -19.92   -19.91   -19.91     0.00   -19.90   -19.89   -19.89   -19.88   -19.88   -19.87   -19.86   -19.86   -19.85   -19.84   -19.83   -19.82   -19.81   -19.80   -19.79   -19.78   -19.77   -19.76   -19.75   -19.73   -19.72   -19.70   -19.69   -19.67     0.00   -19.64   -19.62   -19.60   -19.57   -19.55   -19.53   -19.50   -19.48   -19.45   -19.42   -19.39   -19.36   -19.33   -19.29   -19.25   -19.21   -19.17   -19.13   -19.08   -19.03   -18.98   -18.93   -18.87   -18.81     0.00   -18.69   -18.62   -18.54   -18.47   -18.39   -18.30   -18.21   -18.12   -18.02   -17.91   -17.80   -17.69   -17.80   -17.91   -18.02   -18.12   -18.21   -18.30   -18.39   -18.47   -18.54   -18.62   -18.69   -18.75 
  -19.97   -19.97   -19.97   -19.97   -19.97   -19.96   -19.96   -19.96   -19.96   -19.96   -19.95   -19.95   -19.95   -19.95   -19.94   -19.94   -19.94   -19.93   -19.93   -19.93   -19.92   -19.92   -19.91   -19.91   -19.90     0.00   -19.89   -19.89   -19.88   -19.88   -19.87   -19.86   -19.86   -19.85   -19.84   -19.83   -19.82   -19.81   -19.80   -19.79   -19.78   -19.77   -19.76   -19.75   -19.73   -19.72   -19.70   -19.69   -19.67   -19.65     0.00   -19.62   -19.60   -19.57   -19.55   -19.53   -19.50   -19.48   -19.45   -19.42   -19.39   -19.36   -19.33   -19.29   -19.25   -19.21   -19.17   -19.13   -19.08   -19.03   -18.98   -18.93   -18.87   -18.81   -18.75     0.00   -18.62   -18.54   -18.47   -18.39   -18.30   -18.21   -18.12   -18.02   -17.91   -17.80   -17.69   -17.57   -17.69   -17.80   -17.91   -18.02   -18.12   -18.21   -18.30   -18.39   -18.47   -18.54   -18.62   -18.69 
  -19.97   -19.97   -19.97   -19.97   -19.96   -19.96   -19.96   -19.96   -19.96   -19.95   -19.95   -19.95   -19.95   -19.94   -19.94   -19.94   -19.93   -19.93   -19.93   -19.92   -19.92   -19.91   -19.91   -19.90   -19.90     0.00   -19.89   -19.88   -19.88   -19.87   -19.86   -19.86   -19.85   -19.84   -19.83   -19.82   -19.81   -19.80   -19.79   -19.78   -19.77   -19.76   -19.75   -19.73   -19.72   -19.70   -19.69   -19.67   -19.65   -19.64     0.00   -19.60   -19.57   -19.55   -19.53   -19.50   -19.48   -19.45   -19.42   -19.39   -19.36   -19.33   -19.29   -19.25   -19.21   -19.17   -19.13   -19.08   -19.03   -18.98   -18.93   -18.87   -18.81   -18.75   -18.69     0.00   -18.54   -18.47   -18.39   -18.30   -18.21   -18.12   -18.02   -17.91   -17.80   -17.69   -17.57   -17.44   -17.57   -17.69   -17.80   -17.91   -18.02   -18.12   -18.21   -18.30   -18.39   -18.47   -18.54   -18.62 
  -19.97   -19.97   -19.97   -19.96   -19.96   -19.96   -19.96   -19.96   -19.95   -19.95   -19.95   -19.95   -19.94   -19.94   -19.94   -19.93   -19.93   -19.93   -19.92   -19.92   -19.91   -19.91   -19.90   -19.90   -19.89     0.00   -19.88   -19.88   -19.87   -19.86   -19.86   -19.85   -19.84   -19.83   -19.82   -19.81   -19.80   -19.79   -19.78   -19.77   -19.76   -19.75   -19.73   -19.72   -19.70   -19.69   -19.67   -19.65   -19.64   -19.62     0.00   -19.57   -19.55   -19.53   -19.50   -19.48   -19.45   -19.42   -19.39   -19.36   -19.33   -19.29   -19.25   -19.21   -19.17   -19.13   -19.08   -19.03   -18.98   -18.93   -18.87   -18.81   -18.75   -18.69   -18.62     0.00   -18.47   -18.39   -18.30   -18.21   -18.12   -18.02   -17.91   -17.80   -17.69   -17.57   -17.44   -17.30   -17.44   -17.57   -17.69   -17.80   -17.91   -18.02   -18.12   -18.21   -18.30   -18.39   -18.47   -18.54 
  -19.97   -19.97   -19.96   -19.96   -19.96   -19.96   -19.96   -19.95   -19.95   -19.95   -19.95   -19.94   -19.94   -19.94   -19.93   -19.93   -19.93   -19.92   -19.92   -19.91   -19.91   -19.90   -19.90   -19.89   -19.89   -19.88   -19.88   -19.87   -19.86   -19.86   -19.85   -19.84   -19.83   -19.82   -19.81   -19.80   -19.79   -19.78   -19.77   -19.76   -19.75   -19.73   -19.72   -19.70   -19.69   -19.67   -19.65   -19.64   -19.62   -19.60   -19.57   -19.55   -19.53   -19.50   -19.48   -19.45   -19.42   -19.39   -19.36   -19.33   -19.29   -19.25   -19.21   -19.17   -19.13   -19.08   -19.03   -18.98   -18.93   -18.87   -18.81   -18.75   -18.69   -18.62   -18.54   -18.47   -18.39   -18.30   -18.21   -18.12   -18.02   -17.91   -17.80   -17.69   -17.57   -17.44   -17.30   -17.16   -17.30   -17.44   -17.57   -17.69   -17.80   -17.91   -18.02   -18.12   -18.21   -18.30   -18.39   -18.47 
  -19.97   -19.96   -19.96   -19.96   -19.96   -19.96   -19.95   -19.95   -19.95   -19.95   -19.94   -19.94   -19.94   -19.94   -19.94   -19.93   -19.93   -19.93   -19.92   -19.92   -19.91   -19.91   -19.90   -19.90   -19.89     0.00   -19.87   -19.86   -19.86   -19.85   -19.84   -19.83   -19.82   -19.81   -19.80   -19.79   -19.78   -19.77   -19.78   -19.77   -19.76   -19.75   -19.73   -19.72   -19.70   -19.69   -19.67   -19.65   -19.64   -19.62     0.00   -19.53   -19.50   -19.48   -19.45   -19.42   -19.39   -19.36   -19.33   -19.29   -19.25   -19.21   -19.17   -19.21   -19.17   -19.13   -19.08   -19.03   -18.98   -18.93   -18.87   -18.81   -18.75   -18.69   -18.62     0.00   -18.30   -18.21   -18.12   -18.02   -17.91   -17.80   -17.69   -17.57   -17.44   -17.30   -17.16   -17.01   -17.16   -17.30   -17.44   -17.57   -17.69   -17.80   -17.91   -18.02   -18.12   -18.21   -18.30   -18.39 
  -19.96   -19.96   -19.96   -19.96   -19.96   -19.95   -19.95   -19.95   -19.95   -19.94   -19.94   -19.94   -19.93   -19.94   -19.94   -19.94   -19.93   -19.93   -19.93   -19.92   -19.92   -19.91   -19.91   -19.90   -19.90     0.00   -19.86   -19.86   -19.85   -19.84   -19.83   -19.82   -19.81   -19.80   -19.79   -19.78   -19.77   -19.76   -19.77   -19.78   -19.77   -19.76   -19.75   -19.73   -19.72   -19.70   -19.69   -19.67   -19.65   -19.64     0.00   -19.50   -19.48   -19.45   -19.42   -19.39   -19.36   -19.33   -19.29   -19.25   -19.21   -19.17   -19.13   -19.17   -19.21   -19.17   -19.13   -19.08   -19.03   -18.98   -18.93   -18.87   -18.81   -18.75   -18.69     0.00   -18.21   -18.12   -18.02   -17.91   -17.80   -17.69   -17.57   -17.44   -17.30   -17.16   -17.01   -16.86   -17.01   -17.16   -17.30   -17.44   -17.57   -17.69   -17.80   -17.91   -18.02   -18.12   -18.21   -18.30 
  -19.96   -19.96   -19.96   -19.96   -19.95   -19.95   -19.95   -19.95   -19.94   -19.94   -19.94   -19.93   -19.93   -19.93   -19.94   -19.94   -19.94   -19.93   -19.93   -19.93   -19.92   -19.92   -19.91   -19.91   -19.90     0.00   -19.86   -19.85   -19.84   -19.83   -19.82   -19.81   -19.80   -19.79   -19.78   -19.77   -19.76   -19.75   -19.76   -19.77   -19.78   -19.77   -19.76   -19.75   -19.73   -19.72   -19.70   -19.69   -19.67   -19.65     0.00   -19.48   -19.45   -19.42   -19.39   -19.36   -19.33   -19.29   -19.25   -19.21   -19.17   -19.13   -19.08   -19.13   -19.17   -19.21   -19.17   -19.13   -19.08   -19.03   -18.98   -18.93   -18.87   -18.81   -18.75     0.00   -18.12   -18.02   -17.91   -17.80   -17.69   -17.57   -17.44   -17.30   -17.16   -17.01   -16.86   -16.69   -16.86   -17.01   -17.16   -17.30   -17.44   -17.57   -17.69   -17.80   -17.91   -18.02   -18.12   -18.21 
  -19.96   -19.96   -19.96   -19.95   -19.95   -19.95   -19.95   -19.94   -19.94   -19.94   -19.93   -19.93   -19.93   -19.93   -19.93   -19.94   -19.94   -19.94   -19.93   -19.93   -19.93   -19.92   -19.92   -19.91   -19.91     0.00   -19.85   -19.84   -19.83   -19.82   -19.81   -19.80   -19.79   -19.78   -19.77   -19.76   -19.75   -19.73   -19.75   -19.76   -19.77   -19.78   -19.77   -19.76   -19.75   -19.73   -19.72   -19.70   -19.69   -19.67     0.00   -19.45   -19.42   -19.39   -19.36   -19.33   -19.29   -19.25   -19.21   -19.17   -19.13   -19.08   -19.03   -19.08   -19.13   -19.17   -19.21   -19.17   -19.13   -19.08   -19.03   -18.98   -18.93   -18.87   -18.81     0.00   -18.02   -17.91   -17.80   -17.69   -17.57   -17.44   -17.30   -17.16   -17.01   -16.86   -16.69   -16.52   -16.69   -16.86   -17.01   -17.16   -17.30   -17.44   -17.57   -17.69   -17.80   -17.91   -18.02   -18.12 
  -19.96   -19.96   -19.95   -19.95   -19.95   -19.95   -19.94   -19.94   -19.94   -19.93   -19.93   -19.93   -19.92   -19.93   -19.93   -19.93   -19.94   -19.94   -19.94   -19.93   -19.93   -19.93   -19.92   -19.92   -19.91     0.00   -19.84   -19.83   -19.82   -19.81   -19.80   -19.79   -19.78   -19.77   -19.76   -19.75   -19.73   -19.72   -19.73   -19.75   -19.76   -19.77   -19.78   -19.77   -19.76   -19.75   -19.73   -19.72   -19.70   -19.69     0.00   -19.42   -19.39   -19.36   -19.33   -19.29   -19.25   -19.21   -19.17   -19.13   -19.08   -19.03   -18.98   -19.03   -19.08   -19.13   -19.17   -19.21   -19.17   -19.13   -19.08   -19.03   -18.98   -18.93   -18.87     0.00   -17.91   -17.80   -17.69   -17.57   -17.44   -17.30   -17.16   -17.01   -16.86   -16.69   -16.52   -16.33   -16.52   -16.69   -16.86   -17.01   -17.16   -17.30   -17.44   -17.57   -17.69   -17.80   -17.91   -18.02 
  -19.96   -19.95   -19.95   -19.95   -19.95   -19.94   -19.94   -19.94   -19.93   -19.93   -19.93   -19.92   -19.92   -19.92   -19.93   -19.93   -19.93   -19.94   -19.94   -19.94   -19.93   -19.93   -19.93   -19.92   -19.92     0.00   -19.83   -19.82   -19.81   -19.80   -19.79   -19.78   -19.77   -19.76   -19.75   -19.73   -19.72   -19.70   -19.72   -19.73   -19.75   -19.76   -19.77   -19.78   -19.77   -19.76   -19.75   -19.73   -19.72   -19.70     0.00   -19.39   -19.36   -19.33   -19.29   -19.25   -19.21   -19.17   -19.13   -19.08   -19.03   -18.98   -18.93   -18.98   -19.03   -19.08   -19.13   -19.17   -19.21   -19.17   -19.13   -19.08   -19.03   -18.98   -18.93     0.00   -17.80   -17.69   -17.57   -17.44   -17.30   -17.16   -17.01   -16.86   -16.69   -16.52   -16.33   -16.14   -16.33   -16.52   -16.69   -16.86   -17.01   -17.16   -17.30   -17.44   -17.57   -17.69   -17.80   -17.91 
  -19.95   -19.95   -19.95   -19.95   -19.94   -19.94   -19.94   -19.93   -19.93   -19.93   -19.92   -19.92   -19.91   -19.92   -19.92   -19.93   -19.93   -19.93   -19.94   -19.94   -19.94   -19.93   -19.93   -19.93   -19.92     0.00   -19.82   -19.81   -19.80   -19.79   -19.78   -19.77   -19.76   -19.75   -19.73   -19.72   -19.70   -19.69   -19.70   -19.72   -19.73   -19.75   -19.76   -19.77   -19.78   -19.77   -19.76   -19.75   -19.73   -19.72     0.00   -19.36   -19.33   -19.29   -19.25   -19.21   -19.17   -19.13   -19.08   -19.03   -18.98   -18.93   -18.87   -18.93   -18.98   -19.03   -19.08   -19.13   -19.17   -19.21   -19.17   -19.13   -19.08   -19.03   -18.98     0.00   -17.69   -17.57   -17.44   -17.30   -17.16   -17.01   -16.86   -16.69   -16.52   -16.33   -16.14   -15.94   -16.14   -16.33   -16.52   -16.69   -16.86   -17.01   -17.16   -17.30   -17.44   -17.57   -17.69   -17.80 
  -19.95   -19.95   -19.95   -19.94   -19.94   -19.94   -19.93   -19.93   -19.93   -19.92   -19.92   -19.91   -19.91   -19.91   -19.92   -19.92   -19.93   -19.93   -19.93   -19.94   -19.94   -19.94   -19.93   -19.93   -19.93     0.00   -19.81   -19.80   -19.79   -19.78   -19.77   -19.76   -19.75   -19.73   -19.72   -19.70   -19.69   -19.67   -19.69   -19.70   -19.72   -19.73   -19.75   -19.76   -19.77   -19.78   -19.77   -19.76   -19.75   -19.73     0.00   -19.33   -19.29   -19.25   -19.21   -19.17   -19.13   -19.08   -19.03   -18.98   -18.93   -18.87   -18.81   -18.87   -18.93   -18.98   -19.03   -19.08   -19.13   -19.17   -19.21   -19.17   -19.13   -19.08   -19.03     0.00   -17.57   -17.44   -17.30   -17.16   -17.01   -16.86   -16.69   -16.52   -16.33   -16.14   -15.94   -15.72   -15.94   -16.14   -16.33   -16.52   -16.69   -16.86   -17.01   -17.16   -17.30   -17.44   -17.57   -17.69 
  -19.95   -19.95   -19.94   -19.94   -19.94   -19.93   -19.93   -19.93   -19.92   -19.92   -19.91   -19.91   -19.90   -19.91   -19.91   -19.92   -19.92   -19.93   -19.93   -19.93   -19.94   -19.94   -19.94   -19.93   -19.93     0.00   -19.80   -19.79   -19.78   -19.77   -19.76   -19.75   -19.73   -19.72   -19.70   -19.69   -19.67   -19.65   -19.67   -19.69   -19.70   -19.72   -19.73   -19.75   -19.76   -19.77   -19.78   -19.77   -19.76   -19.75     0.00   -19.29   -19.25   -19.21   -19.17   -19.13   -19.08   -19.03   -18.98   -18.93   -18.87   -18.81   -18.75   -18.81   -18.87   -18.93   -18.98   -19.03   -19.08   -19.13   -19.17   -19.21   -19.17   -19.13   -19.08     0.00   -17.44   -17.30   -17.16   -17.01   -16.86   -16.69   -16.52   -16.33   -16.14   -15.94   -15.72   -15.50   -15.72   -15.94   -16.14   -16.33   -16.52   -16.69   -16.86   -17.01   -17.16   -17.30   -17.44   -17.57 
  -19.95   -19.94   -19.94   -19.94   -19.93   -19.93   -19.93   -19.92   -19.92   -19.91   -19.91   -19.90   -19.90   -19.90   -19.91   -19.91   -19.92   -19.92   -19.93   -19.93   -19.93   -19.94   -19.94   -19.94   -19.93     0.00   -19.79   -19.78   -19.77   -19.76   -19.75   -19.73   -19.72   -19.70   -19.69   -19.67   -19.65   -19.64   -19.65   -19.67   -19.69   -19.70   -19.72   -19.73   -19.75   -19.76   -19.77   -19.78   -19.77   -19.76     0.00   -19.25   -19.21   -19.17   -19.13   -19.08   -19.03   -18.98   -18.93   -18.87   -18.81   -18.75   -18.69   -18.75   -18.81   -18.87   -18.93   -18.98   -19.03   -19.08   -19.13   -19.17   -19.21   -19.17   -19.13     0.00   -17.30   -17.16   -17.01   -16.86   -16.69   -16.52   -16.33   -16.14   -15.94   -15.72   -15.50   -15.26   -15.50   -15.72   -15.94   -16.14   -16.33   -16.52   -16.69   -16.86   -17.01   -17.16   -17.30   -17.44 
  -19.94   -19.94   -19.94   -19.93   -19.93   -19.93   -19.92   -19.92   -19.91   -19.91   -19.90   -19.90   -19.89   -19.90   -19.90   -19.91   -19.91   -19.92   -19.92   -19.93   -19.93   -19.93   -19.94   -19.94   -19.94     0.00   -19.78   -19.77   -19.76   -19.75   -19.73   -19.72   -19.70   -19.69   -19.67   -19.65   -19.64   -19.62   -19.64   -19.65   -19.67   -19.69   -19.70   -19.72   -19.73   -19.75   -19.76   -19.77   -19.78   -19.77     0.00   -19.21   -19.17   -19.13   -19.08   -19.03   -18.98   -18.93   -18.87   -18.81   -18.75   -18.69   -18.62   -18.69   -18.75   -18.81   -18.87   -18.93   -18.98   -19.03   -19.08   -19.13   -19.17   -19.21   -19.17     0.00   -17.16   -17.01   -16.86   -16.69   -16.52   -16.33   -16.14   -15.94   -15.72   -15.50   -15.26   -15.01   -15.26   -15.50   -15.72   -15.94   -16.14   -16.33   -16.52   -16.69   -16.86   -17.01   -17.16   -17.30 
  -19.94   -19.94   -19.93   -19.93   -19.93   -19.92   -19.92   -19.91   -19.91   -19.90   -19.90   -19.89   -19.89   -19.89   -19.90   -19.90   -19.91   -19.91   -19.92   -19.92   -19.93   -19.93   -19.93   -19.94   -19.94     0.00   -19.77   -19.76   -19.75   -19.73   -19.72   -19.70   -19.69   -19.67   -19.65   -19.64   -19.62   -19.60   -19.62   -19.64   -19.65   -19.67   -19.69   -19.70   -19.72   -19.73   -19.75   -19.76   -19.77   -19.78     0.00   -19.17   -19.13   -19.08   -19.03   -18.98   -18.93   -18.87   -18.81   -18.75   -18.69   -18.62   -18.54   -18.62   -18.69   -18.75   -18.81   -18.87   -18.93   -18.98   -19.03   -19.08   -19.13   -19.17   -19.21     0.00   -17.01   -16.86   -16.69   -16.52   -16.33   -16.14   -15.94   -15.72   -15.50   -15.26   -15.01   -14.75   -15.01   -15.26   -15.50   -15.72   -15.94   -16.14   -16.33   -16.52   -16.69   -16.86   -17.01   -17.16 
    0.00     0.00     0.00     0.00     0.00     0.00     0.00     0.00     0.00     0.00     0.00     0.00   -19.88     0.00     0.00     0.00     0.00     0.00     0.00     0.00     0.00     0.00     0.00     0.00     0.00     0.00     0.00     0.00     0.00     0.00     0.00     0.00     0.00     0.00     0.00     0.00     0.00   -19.57     0.00     0.00     0.00     0.00     0.00     0.00     0.00     0.00     0.00     0.00     0.00     0.00     0.00     0.00     0.00     0.00     0.00     0.00     0.00     0.00     0.00     0.00     0.00     0.00   -18.47     0.00     0.00     0.00     0.00     0.00     0.00     0.00     0.00     0.00     0.00     0.00     0.00     0.00     0.00     0.00     0.00     0.00     0.00     0.00     0.00     0.00     0.00     0.00     0.00   -14.47     0.00     0.00     0.00     0.00     0.00     0.00     0.00     0.00     0.00     0.00     0.00     0.00 
  -19.93   -19.93   -19.93   -19.92   -19.92   -19.91   -19.91   -19.90   -19.90   -19.89   -19.89   -19.88   -19.88   -19.87   -19.86   -19.86   -19.85   -19.84   -19.83   -19.82   -19.81   -19.80   -19.79   -19.78   -19.77     0.00   -19.75   -19.73   -19.72   -19.70   -19.69   -19.67   -19.65   -19.64   -19.62   -19.60   -19.57   -19.55   -19.53   -19.50   -19.48   -19.45   -19.42   -19.39   -19.36   -19.33   -19.29   -19.25   -19.21   -19.17     0.00   -19.08   -19.03   -18.98   -18.93   -18.87   -18.81   -18.75   -18.69   -18.62   -18.54   -18.47   -18.39   -18.30   -18.21   -18.12   -18.02   -17.91   -17.80   -17.69   -17.57   -17.44   -17.30   -17.16   -17.01     0.00   -16.69   -16.52   -16.33   -16.14   -15.94   -15.72   -15.50   -15.26   -15.01   -14.75   -14.47   -14.18   -14.47   -14.75   -15.01   -15.26   -15.50   -15.72   -15.94   -16.14   -16.33   -16.52   -16.69   -16.86 
  -19.93   -19.93   -19.92   -19.92   -19.91   -19.91   -19.90   -19.90   -19.89   -19.89   -19.88   -19.88   -19.87   -19.86   -19.86   -19.85   -19.84   -19.83   -19.82   -19.81   -19.80   -19.79   -19.78   -19.77   -19.76     0.00   -19.73   -19.72   -19.70   -19.69   -19.67   -19.65   -19.64   -19.62   -19.60   -19.57   -19.55   -19.53   -19.50   -19.48   -19.45   -19.42   -19.39   -19.36   -19.33   -19.29   -19.25   -19.21   -19.17   -19.13     0.00   -19.03   -18.98   -18.93   -18.87   -18.81   -18.75   -18.69   -18.62   -18.54   -18.47   -18.39   -18.30   -18.21   -18.12   -18.02   -17.91   -17.80   -17.69   -17.57   -17.44   -17.30   -17.16   -17.01   -16.86     0.00   -16.52   -16.33   -16.14   -15.94   -15.72   -15.50   -15.26   -15.01   -14.75   -14.47   -14.18   -13.87   -14.18   -14.47   -14.75   -15.01   -15.26   -15.50   -15.72   -15.94   -16.14   -16.33   -16.52   -16.69 
  -19.93   -19.92   -19.92   -19.91   -19.91   -19.90   -19.90   -19.89   -19.89   -19.88   -19.88   -19.87   -19.86   -19.86   -19.85   -19.84   -19.83   -19.82   -19.81   -19.80   -19.79   -19.78   -19.77   -19.76   -19.75     0.00   -19.72   -19.70   -19.69   -19.67   -19.65   -19.64   -19.62   -19.60   -19.57   -19.55   -19.53   -19.50   -19.48   -19.45   -19.42   -19.39   -19.36   -19.33   -19.29   -19.25   -19.21   -19.17   -19.13   -19.08     0.00   -18.98   -18.93   -18.87   -18.81   -18.75   -18.69   -18.62   -18.54   -18.47   -18.39   -18.30   -18.21   -18.12   -18.02   -17.91   -17.80   -17.69   -17.57   -17.44   -17.30   -17.16   -17.01   -16.86   -16.69     0.00   -16.33   -16.14   -15.94   -15.72   -15.50   -15.26   -15.01   -14.75   -14.47   -14.18   -13.87   -13.55   -13.87   -14.18   -14.47   -14.75   -15.01   -15.26   -15.50   -15.72   -15.94   -16.14   -16.33   -16.52 
  -19.92   -19.92   -19.91   -19.91   -19.90   -19.90   -19.89   -19.89   -19.88   -19.88   -19.87   -19.86   -19.86   -19.85   -19.84   -19.83   -19.82   -19.81   -19.80   -19.79   -19.78   -19.77   -19.76   -19.75   -19.73     0.00   -19.70   -19.69   -19.67   -19.65   -19.64   -19.62   -19.60   -19.57   -19.55   -19.53   -19.50   -19.48   -19.45   -19.42   -19.39   -19.36   -19.33   -19.29   -19.25   -19.21   -19.17   -19.13   -19.08   -19.03     0.00   -18.93   -18.87   -18.81   -18.75   -18.69   -18.62   -18.54   -18.47   -18.39   -18.30   -18.21   -18.12   -18.02   -17.91   -17.80   -17.69   -17.57   -17.44   -17.30   -17.16   -17.01   -16.86   -16.69   -16.52     0.00   -16.14   -15.94   -15.72   -15.50   -15.26   -15.01   -14.75   -14.47   -14.18   -13.87   -13.55   -13.21   -13.55   -13.87   -14.18   -14.47   -14.75   -15.01   -15.26   -15.50   -15.72   -15.94   -16.14   -16.33 
  -19.92   -19.91   -19.91   -19.90   -19.90   -19.89   -19.89   -19.88   -19.88   -19.87   -19.86   -19.86   -19.85   -19.84   -19.83   -19.82   -19.81   -19.80   -19.79   -19.78   -19.77   -19.76   -19.75   -19.73   -19.72     0.00   -19.69   -19.67   -19.65   -19.64   -19.62   -19.60   -19.57   -19.55   -19.53   -19.50   -19.48   -19.45   -19.42   -19.39   -19.36   -19.33   -19.29   -19.25   -19.21   -19.17   -19.13   -19.08   -19.03   -18.98     0.00   -18.87   -18.81   -18.75   -18.69   -18.62   -18.54   -18.47   -18.39   -18.30   -18.21   -18.12   -18.02   -17.91   -17.80   -17.69   -17.57   -17.44   -17.30   -17.16   -17.01   -16.86   -16.69   -16.52   -16.33     0.00   -15.94   -15.72   -15.50   -15.26   -15.01   -14.75   -14.47   -14.18   -13.87   -13.55   -13.21   -12.86   -13.21   -13.55   -13.87   -14.18   -14.47   -14.75   -15.01   -15.26   -15.50   -15.72   -15.94   -16.14 
  -19.91   -19.91   -19.90   -19.90   -19.89   -19.89   -19.88   -19.88   -19.87   -19.86   -19.86   -19.85   -19.84   -19.83   -19.82   -19.81   -19.80   -19.79   -19.78   -19.77   -19.76   -19.75   -19.73   -19.72   -19.70     0.00   -19.67   -19.65   -19.64   -19.62   -19.60   -19.57   -19.55   -19.53   -19.50   -19.48   -19.45   -19.42   -19.39   -19.36   -19.33   -19.29   -19.25   -19.21   -19.17   -19.13   -19.08   -19.03   -18.98   -18.93     0.00   -18.81   -18.75   -18.69   -18.62   -18.54   -18.47   -18.39   -18.30   -18.21   -18.12   -18.02   -17.91   -17.80   -17.69   -17.57   -17.44   -17.30   -17.16   -17.01   -16.86   -16.69   -16.52   -16.33   -16.14     0.00   -15.72   -15.50   -15.26   -15.01   -14.75   -14.47   -14.18   -13.87   -13.55   -13.21   -12.86   -12.48   -12.86   -13.21   -13.55   -13.87   -14.18   -14.47   -14.75   -15.01   -15.26   -15.50   -15.72   -15.94 
  -19.91   -19.90   -19.90   -19.89   -19.89   -19.88   -19.88   -19.87   -19.86   -19.86   -19.85   -19.84   -19.83   -19.82   -19.81   -19.80   -19.79   -19.78   -19.77   -19.76   -19.75   -19.73   -19.72   -19.70   -19.69     0.00   -19.65   -19.64   -19.62   -19.60   -19.57   -19.55   -19.53   -19.50   -19.48   -19.45   -19.42   -19.39   -19.36   -19.33   -19.29   -19.25   -19.21   -19.17   -19.13   -19.08   -19.03   -18.98   -18.93   -18.87     0.00   -18.75   -18.69   -18.62   -18.54   -18.47   -18.39   -18.30   -18.21   -18.12   -18.02   -17.91   -17.80   -17.69   -17.57   -17.44   -17.30   -17.16   -17.01   -16.86   -16.69   -16.52   -16.33   -16.14   -15.94     0.00   -15.50   -15.26   -15.01   -14.75   -14.47   -14.18   -13.87   -13.55   -13.21   -12.86   -12.48   -12.08   -12.48   -12.86   -13.21   -13.55   -13.87   -14.18   -14.47   -14.75   -15.01   -15.26   -15.50   -15.72 
  -19.90   -19.90   -19.89   -19.89   -19.88   -19.88   -19.87   -19.86   -19.86   -19.85   -19.84   -19.83   -19.82   -19.81   -19.80   -19.79   -19.78   -19.77   -19.76   -19.75   -19.73   -19.72   -19.70   -19.69   -19.67     0.00   -19.64   -19.62   -19.60   -19.57   -19.55   -19.53   -19.50   -19.48   -19.45   -19.42   -19.39   -19.36   -19.33   -19.29   -19.25   -19.21   -19.17   -19.13   -19.08   -19.03   -18.98   -18.93   -18.87   -18.81     0.00   -18.69   -18.62   -18.54   -18.47   -18.39   -18.30   -18.21   -18.12   -18.02   -17.91   -17.80   -17.69   -17.57   -17.44   -17.30   -17.16   -17.01   -16.86   -16.69   -16.52   -16.33   -16.14   -15.94   -15.72     0.00   -15.26   -15.01   -14.75   -14.47   -14.18   -13.87   -13.55   -13.21   -12.86   -12.48   -12.08   -11.67   -12.08   -12.48   -12.86   -13.21   -13.55   -13.87   -14.18   -14.47   -14.75   -15.01   -15.26   -15.50 
  -19.90   -19.89   -19.89   -19.88   -19.88   -19.87   -19.86   -19.86   -19.85   -19.84   -19.83   -19.82   -19.81   -19.80   -19.79   -19.78   -19.77   -19.76   -19.75   -19.73   -19.72   -19.70   -19.69   -19.67   -19.65     0.00   -19.62   -19.60   -19.57   -19.55   -19.53   -19.50   -19.48   -19.45   -19.42   -19.39   -19.36   -19.33   -19.29   -19.25   -19.21   -19.17   -19.13   -19.08   -19.03   -18.98   -18.93   -18.87   -18.81   -18.75     0.00   -18.62   -18.54   -18.47   -18.39   -18.30   -18.21   -18.12   -18.02   -17.91   -17.80   -17.69   -17.57   -17.44   -17.30   -17.16   -17.01   -16.86   -16.69   -16.52   -16.33   -16.14   -15.94   -15.72   -15.50     0.00   -15.01   -14.75   -14.47   -14.18   -13.87   -13.55   -13.21   -12.86   -12.48   -12.08   -11.67   -11.23   -11.67   -12.08   -12.48   -12.86   -13.21   -13.55   -13.87   -14.18   -14.47   -14.75   -15.01   -15.26 
  -19.89   -19.89   -19.88   -19.88   -19.87   -19.86   -19.86   -19.85   -19.84   -19.83   -19.82   -19.81   -19.80   -19.79   -19.78   -19.77   -19.76   -19.75   -19.73   -19.72   -19.70   -19.69   -19.67   -19.65   -19.64     0.00   -19.60   -19.57   -19.55   -19.53   -19.50   -19.48   -19.45   -19.42   -19.39   -19.36   -19.33   -19.29   -19.25   -19.21   -19.17   -19.13   -19.08   -19.03   -18.98   -18.93   -18.87   -18.81   -18.75   -18.69     0.00   -18.54   -18.47   -18.39   -18.30   -18.21   -18.12   -18.02   -17.91   -17.80   -17.69   -17.57   -17.44   -17.30   -17.16   -17.01   -16.86   -16.69   -16.52   -16.33   -16.14   -15.94   -15.72   -15.50   -15.26     0.00   -14.75   -14.47   -14.18   -13.87   -13.55   -13.21   -12.86   -12.48   -12.08   -11.67   -11.23   -10.77   -11.23   -11.67   -12.08   -12.48   -12.86   -13.21   -13.55   -13.87   -14.18   -14.47   -14.75   -15.01 
  -19.89   -19.88   -19.88   -19.87   -19.86   -19.86   -19.85   -19.84   -19.83   -19.82   -19.81   -19.80   -19.79   -19.78   -19.77   -19.76   -19.75   -19.73   -19.72   -19.70   -19.69   -19.67   -19.65   -19.64   -19.62     0.00   -19.57   -19.55   -19.53   -19.50   -19.48   -19.45   -19.42   -19.39   -19.36   -19.33   -19.29   -19.25   -19.21   -19.17   -19.13   -19.08   -19.03   -18.98   -18.93   -18.87   -18.81   -18.75   -18.69   -18.62     0.00   -18.47   -18.39   -18.30   -18.21   -18.12   -18.02   -17.91   -17.80   -17.69   -17.57   -17.44   -17.30   -17.16   -17.01   -16.86   -16.69   -16.52   -16.33   -16.14   -15.94   -15.72   -15.50   -15.26   -15.01     0.00   -14.47   -14.18   -13.87   -13.55   -13.21   -12.86   -12.48   -12.08   -11.67   -11.23   -10.77   -10.28   -10.77   -11.23   -11.67   -12.08   -12.48   -12.86   -13.21   -13.55   -13.87   -14.18   -14.47   -14.75 
  -19.88   -19.88   -19.87   -19.86   -19.86   -19.85   -19.84   -19.83   -19.82   -19.81   -19.80   -19.79   -19.78   -19.77   -19.76   -19.75   -19.73   -19.72   -19.70   -19.69   -19.67   -19.65   -19.64   -19.62   -19.60   -19.57   -19.55   -19.53   -19.50   -19.48   -19.45   -19.42   -19.39   -19.36   -19.33   -19.29   -19.25   -19.21   -19.17   -19.13   -19.08   -19.03   -18.98   -18.93   -18.87   -18.81   -18.75   -18.69   -18.62   -18.54   -18.47   -18.39   -18.30   -18.21   -18.12   -18.02   -17.91   -17.80   -17.69   -17.57   -17.44   -17.30   -17.16   -17.01   -16.86   -16.69   -16.52   -16.33   -16.14   -15.94   -15.72   -15.50   -15.26   -15.01   -14.75   -14.47   -14.18   -13.87   -13.55   -13.21   -12.86   -12.48   -12.08   -11.67   -11.23   -10.77   -10.28    -9.77   -10.28   -10.77   -11.23   -11.67   -12.08   -12.48   -12.86   -13.21   -13.55   -13.87   -14.18   -14.47 
  -19.88   -19.87   -19.86   -19.86   -19.85   -19.84   -19.83   -19.82   -19.81   -19.80   -19.79   -19.78   -19.77   -19.78   -19.77   -19.76   -19.75   -19.73   -19.72   -19.70   -19.69   -19.67   -19.65   -19.64   -19.62     0.00   -19.53   -19.50   -19.48   -19.45   -19.42   -19.39   -19.36   -19.33   -19.29   -19.25   -19.21   -19.17   -19.21   -19.17   -19.13   -19.08   -19.03   -18.98   -18.93   -18.87   -18.81   -18.75   -18.69   -18.62     0.00   -18.30   -18.21   -18.12   -18.02   -17.91   -17.80   -17.69   -17.57   -17.44   -17.30   -17.16   -17.01   -17.16   -17.01   -16.86   -16.69   -16.52   -16.33   -16.14   -15.94   -15.72   -15.50   -15.26   -15.01     0.00   -13.87   -13.55   -13.21   -12.86   -12.48   -12.08   -11.67   -11.23   -10.77   -10.28    -9.77    -9.23    -9.77   -10.28   -10.77   -11.23   -11.67   -12.08   -12.48   -12.86   -13.21   -13.55   -13.87   -14.18 
  -19.87   -19.86   -19.86   -19.85   -19.84   -19.83   -19.82   -19.81   -19.80   -19.79   -19.78   -19.77   -19.76   -19.77   -19.78   -19.77   -19.76   -19.75   -19.73   -19.72   -19.70   -19.69   -19.67   -19.65   -19.64     0.00   -19.50   -19.48   -19.45   -19.42   -19.39   -19.36   -19.33   -19.29   -19.25   -19.21   -19.17   -19.13   -19.17   -19.21   -19.17   -19.13   -19.08   -19.03   -18.98   -18.93   -18.87   -18.81   -18.75   -18.69     0.00   -18.21   -18.12   -18.02   -17.91   -17.80   -17.69   -17.57   -17.44   -17.30   -17.16   -17.01   -16.86   -17.01   -17.16   -17.01   -16.86   -16.69   -16.52   -16.33   -16.14   -15.94   -15.72   -15.50   -15.26     0.00   -13.55   -13.21   -12.86   -12.48   -12.08   -11.67   -11.23   -10.77   -10.28    -9.77    -9.23    -8.66    -9.23    -9.77   -10.28   -10.77   -11.23   -11.67   -12.08   -12.48   -12.86   -13.21   -13.55   -13.87 
  -19.86   -19.86   -19.85   -19.84   -19.83   -19.82   -19.81   -19.80   -19.79   -19.78   -19.77   -19.76   -19.75   -19.76   -19.77   -19.78   -19.77   -19.76   -19.75   -19.73   -19.72   -19.70   -19.69   -19.67   -19.65     0.00   -19.48   -19.45   -19.42   -19.39   -19.36   -19.33   -19.29   -19.25   -19.21   -19.17   -19.13   -19.08   -19.13   -19.17   -19.21   -19.17   -19.13   -19.08   -19.03   -18.98   -18.93   -18.87   -18.81   -18.75     0.00   -18.12   -18.02   -17.91   -17.80   -17.69   -17.57   -17.44   -17.30   -17.16   -17.01   -16.86   -16.69   -16.86   -17.01   -17.16   -17.01   -16.86   -16.69   -16.52   -16.33   -16.14   -15.94   -15.72   -15.50     0.00   -13.21   -12.86   -12.48   -12.08   -11.67   -11.23   -10.77   -10.28    -9.77    -9.23    -8.66    -8.07    -8.66    -9.23    -9.77   -10.28   -10.77   -11.23   -11.67   -12.08   -12.48   -12.86   -13.21   -13.55 
  -19.86   -19.85   -19.84   -19.83   -19.82   -19.81   -19.80   -19.79   -19.78   -19.77   -19.76   -19.75   -19.73   -19.75   -19.76   -19.77   -19.78   -19.77   -19.76   -19.75   -19.73   -19.72   -19.70   -19.69   -19.67     0.00   -19.45   -19.42   -19.39   -19.36   -19.33   -19.29   -19.25   -19.21   -19.17   -19.13   -19.08   -19.03   -19.08   -19.13   -19.17   -19.21   -19.17   -19.13   -19.08   -19.03   -18.98   -18.93   -18.87   -18.81     0.00   -18.02   -17.91   -17.80   -17.69   -17.57   -17.44   -17.30   -17.16   -17.01   -16.86   -16.69   -16.52   -16.69   -16.86   -17.01   -17.16   -17.01   -16.86   -16.69   -16.52   -16.33   -16.14   -15.94   -15.72     0.00   -12.86   -12.48   -12.08   -11.67   -11.23   -10.77   -10.28    -9.77    -9.23    -8.66    -8.07    -7.44    -8.07    -8.66    -9.23    -9.77   -10.28   -10.77   -11.23   -11.67   -12.08   -12.48   -12.86   -13.21 
  -19.85   -19.84   -19.83   -19.82   -19.81   -19.80   -19.79   -19.78   -19.77   -19.76   -19.75   -19.73   -19.72   -19.73   -19.75   -19.76   -19.77   -19.78   -19.77   -19.76   -19.75   -19.73   -19.72   -19.70   -19.69     0.00   -19.42   -19.39   -19.36   -19.33   -19.29   -19.25   -19.21   -19.17   -19.13   -19.08   -19.03   -18.98   -19.03   -19.08   -19.13   -19.17   -19.21   -19.17   -19.13   -19.08   -19.03   -18.98   -18.93   -18.87     0.00   -17.91   -17.80   -17.69   -17.57   -17.44   -17.30   -17.16   -17.01   -16.86   -16.69   -16.52   -16.33   -16.52   -16.69   -16.86   -17.01   -17.16   -17.01   -16.86   -16.69   -16.52   -16.33   -16.14   -15.94     0.00   -12.48   -12.08   -11.67   -11.23   -10.77   -10.28    -9.77    -9.23    -8.66    -8.07    -7.44    -6.78    -7.44    -8.07    -8.66    -9.23    -9.77   -10.28   -10.77   -11.23   -11.67   -12.08   -12.48   -12.86 
  -19.84   -19.83   -19.82   -19.81   -19.80   -19.79   -19.78   -19.77   -19.76   -19.75   -19.73   -19.72   -19.70   -19.72   -19.73   -19.75   -19.76   -19.77   -19.78   -19.77   -19.76   -19.75   -19.73   -19.72   -19.70     0.00   -19.39   -19.36   -19.33   -19.29   -19.25   -19.21   -19.17   -19.13   -19.08   -19.03   -18.98   -18.93   -18.98   -19.03   -19.08   -19.13   -19.17   -19.21   -19.17   -19.13   -19.08   -19.03   -18.98   -18.93     0.00   -17.80   -17.69   -17.57   -17.44   -17.30   -17.16   -17.01   -16.86   -16.69   -16.52   -16.33   -16.14   -16.33   -16.52   -16.69   -16.86   -17.01   -17.16   -17.01   -16.86   -16.69   -16.52   -16.33   -16.14     0.00   -12.08   -11.67   -11.23   -10.77   -10.28    -9.77    -9.23    -8.66    -8.07    -7.44    -6.78    -6.08    -6.78    -7.44    -8.07    -8.66    -9.23    -9.77   -10.28   -10.77   -11.23   -11.67   -12.08   -12.48 
  -19.83   -19.82   -19.81   -19.80   -19.79   -19.78   -19.77   -19.76   -19.75   -19.73   -19.72   -19.70   -19.69   -19.70   -19.72   -19.73   -19.75   -19.76   -19.77   -19.78   -19.77   -19.76   -19.75   -19.73   -19.72     0.00   -19.36   -19.33   -19.29   -19.25   -19.21   -19.17   -19.13   -19.08   -19.03   -18.98   -18.93   -18.87   -18.93   -18.98   -19.03   -19.08   -19.13   -19.17   -19.21   -19.17   -19.13   -19.08   -19.03   -18.98     0.00   -17.69   -17.57   -17.44   -17.30   -17.16   -17.01   -16.86   -16.69   -16.52   -16.33   -16.14   -15.94   -16.14   -16.33   -16.52   -16.69   -16.86   -17.01   -17.16   -17.01   -16.86   -16.69   -16.52   -16.33     0.00   -11.67   -11.23   -10.77   -10.28    -9.77    -9.23    -8.66    -8.07    -7.44    -6.78    -6.08    -5.35    -6.08    -6.78    -7.44    -8.07    -8.66    -9.23    -9.77   -10.28   -10.77   -11.23   -11.67   -12.08 
  -19.82   -19.81   -19.80   -19.79   -19.78   -19.77   -19.76   -19.75   -19.73   -19.72   -19.70   -19.69   -19.67   -19.69   -19.70   -19.72   -19.73   -19.75   -19.76   -19.77   -19.78   -19.77   -19.76   -19.75   -19.73     0.00   -19.33   -19.29   -19.25   -19.21   -19.17   -19.13   -19.08   -19.03   -18.98   -18.93   -18.87   -18.81   -18.87   -18.93   -18.98   -19.03   -19.08   -19.13   -19.17   -19.21   -19.17   -19.13   -19.08   -19.03     0.00   -17.57   -17.44   -17.30   -17.16   -17.01   -16.86   -16.69   -16.52   -16.33   -16.14   -15.94   -15.72   -15.94   -16.14   -16.33   -16.52   -16.69   -16.86   -17.01   -17.16   -17.01   -16.86   -16.69   -16.52     0.00   -11.23   -10.77   -10.28    -9.77    -9.23    -8.66    -8.07    -7.44    -6.78    -6.08    -5.35    -4.58    -5.35    -6.08    -6.78    -7.44    -8.07    -8.66    -9.23    -9.77   -10.28   -10.77   -11.23   -11.67 
  -19.81   -19.80   -19.79   -19.78   -19.77   -19.76   -19.75   -19.73   -19.72   -19.70   -19.69   -19.67   -19.65   -19.67   -19.69   -19.70   -19.72   -19.73   -19.75   -19.76   -19.77   -19.78   -19.77   -19.76   -19.75     0.00   -19.29   -19.25   -19.21   -19.17   -19.13   -19.08   -19.03   -18.98   -18.93   -18.87   -18.81   -18.75   -18.81   -18.87   -18.93   -18.98   -19.03   -19.08   -19.13   -19.17   -19.21   -19.17   -19.13   -19.08     0.00   -17.44   -17.30   -17.16   -17.01   -16.86   -16.69   -16.52   -16.33   -16.14   -15.94   -15.72   -15.50   -15.72   -15.94   -16.14   -16.33   -16.52   -16.69   -16.86   -17.01   -17.16   -17.01   -16.86   -16.69     0.00   -10.77   -10.28    -9.77    -9.23    -8.66    -8.07    -7.44    -6.78    -6.08    -5.35    -4.58    -3.77    -4.58    -5.35    -6.08    -6.78    -7.44    -8.07    -8.66    -9.23    -9.77   -10.28   -10.77   -11.23 
  -19.80   -19.79   -19.78   -19.77   -19.76   -19.75   -19.73   -19.72   -19.70   -19.69   -19.67   -19.65   -19.64   -19.65   -19.67   -19.69   -19.70   -19.72   -19.73   -19.75   -19.76   -19.77   -19.78   -19.77   -19.76     0.00   -19.25   -19.21   -19.17   -19.13   -19.08   -19.03   -18.98   -18.93   -18.87   -18.81   -18.75   -18.69   -18.75   -18.81   -18.87   -18.93   -18.98   -19.03   -19.08   -19.13   -19.17   -19.21   -19.17   -19.13     0.00   -17.30   -17.16   -17.01   -16.86   -16.69   -16.52   -16.33   -16.14   -15.94   -15.72   -15.50   -15.26   -15.50   -15.72   -15.94   -16.14   -16.33   -16.52   -16.69   -16.86   -17.01   -17.16   -17.01   -16.86     0.00   -10.28    -9.77    -9.23    -8.66    -8.07    -7.44    -6.78    -6.08    -5.35    -4.58    -3.77    -2.91    -3.77    -4.58    -5.35    -6.08    -6.78    -7.44    -8.07    -8.66    -9.23    -9.77   -10.28   -10.77 
  -19.79   -19.78   -19.77   -19.76   -19.75   -19.73   -19.72   -19.70   -19.69   -19.67   -19.65   -19.64   -19.62   -19.64   -19.65   -19.67   -19.69   -19.70   -19.72   -19.73   -19.75   -19.76   -19.77   -19.78   -19.77     0.00   -19.21   -19.17   -19.13   -19.08   -19.03   -18.98   -18.93   -18.87   -18.81   -18.75   -18.69   -18.62   -18.69   -18.75   -18.81   -18.87   -18.93   -18.98   -19.03   -19.08   -19.13   -19.17   -19.21   -19.17     0.00   -17.16   -17.01   -16.86   -16.69   -16.52   -16.33   -16.14   -15.94   -15.72   -15.50   -15.26   -15.01   -15.26   -15.50   -15.72   -15.94   -16.14   -16.33   -16.52   -16.69   -16.86   -17.01   -17.16   -17.01     0.00    -9.77    -9.23    -8.66    -8.07    -7.44    -6.78    -6.08    -5.35    -4.58    -3.77    -2.91    -2.01    -2.91    -3.77    -4.58    -5.35    -6.08    -6.78    -7.44    -8.07    -8.66    -9.23    -9.77   -10.28 
  -19.78   -19.77   -19.76   -19.75   -19.73   -19.72   -19.70   -19.69   -19.67   -19.65   -19.64   -19.62   -19.60   -19.62   -19.64   -19.65   -19.67   -19.69   -19.70   -19.72   -19.73   -19.75   -19.76   -19.77   -19.78     0.00   -19.17   -19.13   -19.08   -19.03   -18.98   -18.93   -18.87   -18.81   -18.75   -18.69   -18.62   -18.54   -18.62   -18.69   -18.75   -18.81   -18.87   -18.93   -18.98   -19.03   -19.08   -19.13   -19.17   -19.21     0.00   -17.01   -16.86   -16.69   -16.52   -16.33   -16.14   -15.94   -15.72   -15.50   -15.26   -15.01   -14.75   -15.01   -15.26   -15.50   -15.72   -15.94   -16.14   -16.33   -16.52   -16.69   -16.86   -17.01   -17.16     0.00    -9.23    -8.66    -8.07    -7.44    -6.78    -6.08    -5.35    -4.58    -3.77    -2.91    -2.01    -1.07    -2.01    -2.91    -3.77    -4.58    -5.35    -6.08    -6.78    -7.44    -8.07    -8.66    -9.23    -9.77 
    0.00     0.00     0.00     0.00     0.00     0.00     0.00     0.00     0.00     0.00     0.00     0.00   -19.57     0.00     0.00     0.00     0.00     0.00     0.00     0.00     0.00     0.00     0.00     0.00     0.00     0.00     0.00     0.00     0.00     0.00     0.00     0.00     0.00     0.00     0.00     0.00     0.00   -18.47     0.00     0.00     0.00     0.00     0.00     0.00     0.00     0.00     0.00     0.00     0.00     0.00     0.00     0.00     0.00     0.00     0.00     0.00     0.00     0.00     0.00     0.00     0.00     0.00   -14.47     0.00     0.00     0.00     0.00     0.00     0.00     0.00     0.00     0.00     0.00     0.00     0.00     0.00     0.00     0.00     0.00     0.00     0.00     0.00     0.00     0.00     0.00     0.00     0.00    -0.07     0.00     0.00     0.00     0.00     0.00     0.00     0.00     0.00     0.00     0.00     0.00     0.00 
  -19.76   -19.75   -19.73   -19.72   -19.70   -19.69   -19.67   -19.65   -19.64   -19.62   -19.60   -19.57   -19.55   -19.53   -19.50   -19.48   -19.45   -19.42   -19.39   -19.36   -19.33   -19.29   -19.25   -19.21   -19.17     0.00   -19.08   -19.03   -18.98   -18.93   -18.87   -18.81   -18.75   -18.69   -18.62   -18.54   -18.47   -18.39   -18.30   -18.21   -18.12   -18.02   -17.91   -17.80   -17.69   -17.57   -17.44   -17.30   -17.16   -17.01     0.00   -16.69   -16.52   -16.33   -16.14   -15.94   -15.72   -15.50   -15.26   -15.01   -14.75   -14.47   -14.18   -13.87   -13.55   -13.21   -12.86   -12.48   -12.08   -11.67   -11.23   -10.77   -10.28    -9.77    -9.23     0.00    -8.07    -7.44    -6.78    -6.08    -5.35    -4.58    -3.77    -2.91    -2.01    -1.07    -0.07     0.98     2.08     3.25     4.47     5.76     7.11     8.54    10.04    11.62    13.29    15.04    16.88    18.82 
  -19.75   -19.73   -19.72   -19.70   -19.69   -19.67   -19.65   -19.64   -19.62   -19.60   -19.57   -19.55   -19.53   -19.50   -19.48   -19.45   -19.42   -19.39   -19.36   -19.33   -19.29   -19.25   -19.21   -19.17   -19.13     0.00   -19.03   -18.98   -18.93   -18.87   -18.81   -18.75   -18.69   -18.62   -18.54   -18.47   -18.39   -18.30   -18.21   -18.12   -18.02   -17.91   -17.80   -17.69   -17.57   -17.44   -17.30   -17.16   -17.01   -16.86     0.00   -16.52   -16.33   -16.14   -15.94   -15.72   -15.50   -15.26   -15.01   -14.75   -14.47   -14.18   -13.87   -13.55   -13.21   -12.86   -12.48   -12.08   -11.67   -11.23   -10.77   -10.28    -9.77    -9.23    -8.66     0.00    -7.44    -6.78    -6.08    -5.35    -4.58    -3.77    -2.91    -2.01    -1.07    -0.07     0.98     2.08     3.25     4.47     5.76     7.11     8.54    10.04    11.62    13.29    15.04    16.88    18.82    20.87 
  -19.73   -19.72   -19.70   -19.69   -19.67   -19.65   -19.64   -19.62   -19.60   -19.57   -19.55   -19.53   -19.50   -19.48   -19.45   -19.42   -19.39   -19.36   -19.33   -19.29   -19.25   -19.21   -19.17   -19.13   -19.08     0.00   -18.98   -18.93   -18.87   -18.81   -18.75   -18.69   -18.62   -18.54   -18.47   -18.39   -18.30   -18.21   -18.12   -18.02   -17.91   -17.80   -17.69   -17.57   -17.44   -17.30   -17.16   -17.01   -16.86   -16.69     0.00   -16.33   -16.14   -15.94   -15.72   -15.50   -15.26   -15.01   -14.75   -14.47   -14.18   -13.87   -13.55   -13.21   -12.86   -12.48   -12.08   -11.67   -11.23   -10.77   -10.28    -9.77    -9.23    -8.66    -8.07     0.00    -6.78    -6.08    -5.35    -4.58    -3.77    -2.91    -2.01    -1.07    -0.07     0.98     2.08     3.25     4.47     5.76     7.11     8.54    10.04    11.62    13.29    15.04    16.88    18.82    20.87    23.02 
  -19.72   -19.70   -19.69   -19.67   -19.65   -19.64   -19.62   -19.60   -19.57   -19.55   -19.53   -19.50   -19.48   -19.45   -19.42   -19.39   -19.36   -19.33   -19.29   -19.25   -19.21   -19.17   -19.13   -19.08   -19.03     0.00   -18.93   -18.87   -18.81   -18.75   -18.69   -18.62   -18.54   -18.47   -18.39   -18.30   -18.21   -18.12   -18.02   -17.91   -17.80   -17.69   -17.57   -17.44   -17.30   -17.16   -17.01   -16.86   -16.69   -16.52     0.00   -16.14   -15.94   -15.72   -15.50   -15.26   -15.01   -14.75   -14.47   -14.18   -13.87   -13.55   -13.21   -12.86   -12.48   -12.08   -11.67   -11.23   -10.77   -10.28    -9.77    -9.23    -8.66    -8.07    -7.44     0.00    -6.08    -5.35    -4.58    -3.77    -2.91    -2.01    -1.07    -0.07     0.98     2.08     3.25     4.47     5.76     7.11     8.54    10.04    11.62    13.29    15.04    16.88    18.82    20.87    23.02    25.28 
  -19.70   -19.69   -19.67   -19.65   -19.64   -19.62   -19.60   -19.57   -19.55   -19.53   -19.50   -19.48   -19.45   -19.42   -19.39   -19.36   -19.33   -19.29   -19.25   -19.21   -19.17   -19.13   -19.08   -19.03   -18.98     0.00   -18.87   -18.81   -18.75   -18.69   -18.62   -18.54   -18.47   -18.39   -18.30   -18.21   -18.12   -18.02   -17.91   -17.80   -17.69   -17.57   -17.44   -17.30   -17.16   -17.01   -16.86   -16.69   -16.52   -16.33     0.00   -15.94   -15.72   -15.50   -15.26   -15.01   -14.75   -14.47   -14.18   -13.87   -13.55   -13.21   -12.86   -12.48   -12.08   -11.67   -11.23   -10.77   -10.28    -9.77    -9.23    -8.66    -8.07    -7.44    -6.78     0.00    -5.35    -4.58    -3.77    -2.91    -2.01    -1.07    -0.07     0.98     2.08     3.25     4.47     5.76     7.11     8.54    10.04    11.62    13.29    15.04    16.88    18.82    20.87    23.02    25.28    27.67 
  -19.69   -19.67   -19.65   -19.64   -19.62   -19.60   -19.57   -19.55   -19.53   -19.50   -19.48   -19.45   -19.42   -19.39   -19.36   -19.33   -19.29   -19.25   -19.21   -19.17   -19.13   -19.08   -19.03   -18.98   -18.93     0.00   -18.81   -18.75   -18.69   -18.62   -18.54   -18.47   -18.39   -18.30   -18.21   -18.12   -18.02   -17.91   -17.80   -17.69   -17.57   -17.44   -17.30   -17.16   -17.01   -16.86   -16.69   -16.52   -16.33   -16.14     0.00   -15.72   -15.50   -15.26   -15.01   -14.75   -14.47   -14.18   -13.87   -13.55   -13.21   -12.86   -12.48   -12.08   -11.67   -11.23   -10.77   -10.28    -9.77    -9.23    -8.66    -8.07    -7.44    -6.78    -6.08     0.00    -4.58    -3.77    -2.91    -2.01    -1.07    -0.07     0.98     2.08     3.25     4.47     5.76     7.11     8.54    10.04    11.62    13.29    15.04    16.88    18.82    20.87    23.02    25.28    27.67    30.17 
  -19.67   -19.65   -19.64   -19.62   -19.60   -19.57   -19.55   -19.53   -19.50   -19.48   -19.45   -19.42   -19.39   -19.36   -19.33   -19.29   -19.25   -19.21   -19.17   -19.13   -19.08   -19.03   -18.98   -18.93   -18.87     0.00   -18.75   -18.69   -18.62   -18.54   -18.47   -18.39   -18.30   -18.21   -18.12   -18.02   -17.91   -17.80   -17.69   -17.57   -17.44   -17.30   -17.16   -17.01   -16.86   -16.69   -16.52   -16.33   -16.14   -15.94     0.00   -15.50   -15.26   -15.01   -14.75   -14.47   -14.18   -13.87   -13.55   -13.21   -12.86   -12.48   -12.08   -11.67   -11.23   -10.77   -10.28    -9.77    -9.23    -8.66    -8.07    -7.44    -6.78    -6.08    -5.35     0.00    -3.77    -2.91    -2.01    -1.07    -0.07     0.98     2.08     3.25     4.47     5.76     7.11     8.54    10.04    11.62    13.29    15.04    16.88    18.82    20.87    23.02    25.28    27.67    30.17    32.82 
  -19.65   -19.64   -19.62   -19.60   -19.57   -19.55   -19.53   -19.50   -19.48   -19.45   -19.42   -19.39   -19.36   -19.33   -19.29   -19.25   -19.21   -19.17   -19.13   -19.08   -19.03   -18.98   -18.93   -18.87   -18.81     0.00   -18.69   -18.62   -18.54   -18.47   -18.39   -18.30   -18.21   -18.12   -18.02   -17.91   -17.80   -17.69   -17.57   -17.44   -17.30   -17.16   -17.01   -16.86   -16.69   -16.52   -16.33   -16.14   -15.94   -15.72     0.00   -15.26   -15.01   -14.75   -14.47   -14.18   -13.87   -13.55   -13.21   -12.86   -12.48   -12.08   -11.67   -11.23   -10.77   -10.28    -9.77    -9.23    -8.66    -8.07    -7.44    -6.78    -6.08    -5.35    -4.58     0.00    -2.91    -2.01    -1.07    -0.07     0.98     2.08     3.25     4.47     5.76     7.11     8.54    10.04    11.62    13.29    15.04    16.88    18.82    20.87    23.02    25.28    27.67    30.17    32.82    35.59 
  -19.64   -19.62   -19.60   -19.57   -19.55   -19.53   -19.50   -19.48   -19.45   -19.42   -19.39   -19.36   -19.33   -19.29   -19.25   -19.21   -19.17   -19.13   -19.08   -19.03   -18.98   -18.93   -18.87   -18.81   -18.75     0.00   -18.62   -18.54   -18.47   -18.39   -18.30   -18.21   -18.12   -18.02   -17.91   -17.80   -17.69   -17.57   -17.44   -17.30   -17.16   -17.01   -16.86   -16.69   -16.52   -16.33   -16.14   -15.94   -15.72   -15.50     0.00   -15.01   -14.75   -14.47   -14.18   -13.87   -13.55   -13.21   -12.86   -12.48   -12.08   -11.67   -11.23   -10.77   -10.28    -9.77    -9.23    -8.66    -8.07    -7.44    -6.78    -6.08    -5.35    -4.58    -3.77     0.00    -2.01    -1.07    -0.07     0.98     2.08     3.25     4.47     5.76     7.11     8.54    10.04    11.62    13.29    15.04    16.88    18.82    20.87    23.02    25.28    27.67    30.17    32.82    35.59    38.52 
  -19.62   -19.60   -19.57   -19.55   -19.53   -19.50   -19.48   -19.45   -19.42   -19.39   -19.36   -19.33   -19.29   -19.25   -19.21   -19.17   -19.13   -19.08   -19.03   -18.98   -18.93   -18.87   -18.81   -18.75   -18.69     0.00   -18.54   -18.47   -18.39   -18.30   -18.21   -18.12   -18.02   -17.91   -17.80   -17.69   -17.57   -17.44   -17.30   -17.16   -17.01   -16.86   -16.69   -16.52   -16.33   -16.14   -15.94   -15.72   -15.50   -15.26     0.00   -14.75   -14.47   -14.18   -13.87   -13.55   -13.21   -12.86   -12.48   -12.08   -11.67   -11.23   -10.77   -10.28    -9.77    -9.23    -8.66    -8.07    -7.44    -6.78    -6.08    -5.35    -4.58    -3.77    -2.91     0.00    -1.07    -0.07     0.98     2.08     3.25     4.47     5.76     7.11     8.54    10.04    11.62    13.29    15.04    16.88    18.82    20.87    23.02    25.28    27.67    30.17    32.82    35.59    38.52    41.60 
  -19.60   -19.57   -19.55   -19.53   -19.50   -19.48   -19.45   -19.42   -19.39   -19.36   -19.33   -19.29   -19.25   -19.21   -19.17   -19.13   -19.08   -19.03   -18.98   -18.93   -18.87   -18.81   -18.75   -18.69   -18.62     0.00   -18.47   -18.39   -18.30   -18.21   -18.12   -18.02   -17.91   -17.80   -17.69   -17.57   -17.44   -17.30   -17.16   -17.01   -16.86   -16.69   -16.52   -16.33   -16.14   -15.94   -15.72   -15.50   -15.26   -15.01     0.00   -14.47   -14.18   -13.87   -13.55   -13.21   -12.86   -12.48   -12.08   -11.67   -11.23   -10.77   -10.28    -9.77    -9.23    -8.66    -8.07    -7.44    -6.78    -6.08    -5.35    -4.58    -3.77    -2.91    -2.01     0.00    -0.07     0.98     2.08     3.25     4.47     5.76     7.11     8.54    10.04    11.62    13.29    15.04    16.88    18.82    20.87    23.02    25.28    27.67    30.17    32.82    35.59    38.52    41.60    44.84 
  -19.57   -19.55   -19.53   -19.50   -19.48   -19.45   -19.42   -19.39   -19.36   -19.33   -19.29   -19.25   -19.21   -19.17   -19.13   -19.08   -19.03   -18.98   -18.93   -18.87   -18.81   -18.75   -18.69   -18.62   -18.54   -18.47   -18.39   -18.30   -18.21   -18.12   -18.02   -17.91   -17.80   -17.69   -17.57   -17.44   -17.30   -17.16   -17.01   -16.86   -16.69   -16.52   -16.33   -16.14   -15.94   -15.72   -15.50   -15.26   -15.01   -14.75   -14.47   -14.18   -13.87   -13.55   -13.21   -12.86   -12.48   -12.08   -11.67   -11.23   -10.77   -10.28    -9.77    -9.23    -8.66    -8.07    -7.44    -6.78    -6.08    -5.35    -4.58    -3.77    -2.91    -2.01    -1.07    -0.07     0.98     2.08     3.25     4.47     5.76     7.11     8.54    10.04    11.62    13.29    15.04    16.88    18.82    20.87    23.02    25.28    27.67    30.17    32.82    35.59    38.52    41.60    44.84    48.26 
  -19.60   -19.57   -19.55   -19.53   -19.50   -19.48   -19.45   -19.42   -19.39   -19.36   -19.33   -19.29   -19.25   -19.21   -19.17   -19.13   -19.08   -19.03   -18.98   -18.93   -18.87   -18.81   -18.75   -18.69   -18.62     0.00   -18.47   -18.39   -18.30   -18.21   -18.12   -18.02   -17.91   -17.80   -17.69   -17.57   -17.44   -17.30   -17.16   -17.01   -16.86   -16.69   -16.52   -16.33   -16.14   -15.94   -15.72   -15.50   -15.26   -15.01     0.00   -14.47   -14.18   -13.87   -13.55   -13.21   -12.86   -12.48   -12.08   -11.67   -11.23   -10.77   -10.28    -9.77    -9.23    -8.66    -8.07    -7.44    -6.78    -6.08    -5.35    -4.58    -3.77    -2.91    -2.01     0.00     2.08     3.25     4.47     5.76     7.11     8.54    10.04    11.62    13.29    15.04    16.88    18.82    20.87    23.02    25.28    27.67    30.17    32.82    35.59    38.52    41.60    44.84    48.26    51.85 
  -19.62   -19.60   -19.57   -19.55   -19.53   -19.50   -19.48   -19.45   -19.42   -19.39   -19.36   -19.33   -19.29   -19.25   -19.21   -19.17   -19.13   -19.08   -19.03   -18.98   -18.93   -18.87   -18.81   -18.75   -18.69     0.00   -18.54   -18.47   -18.39   -18.30   -18.21   -18.12   -18.02   -17.91   -17.80   -17.69   -17.57   -17.44   -17.30   -17.16   -17.01   -16.86   -16.69   -16.52   -16.33   -16.14   -15.94   -15.72   -15.50   -15.26     0.00   -14.75   -14.47   -14.18   -13.87   -13.55   -13.21   -12.86   -12.48   -12.08   -11.67   -11.23   -10.77   -10.28    -9.77    -9.23    -8.66    -8.07    -7.44    -6.78    -6.08    -5.35    -4.58    -3.77    -2.91     0.00     3.25     4.47     5.76     7.11     8.54    10.04    11.62    13.29    15.04    16.88    18.82    20.87    23.02    25.28    27.67    30.17    32.82    35.59    38.52    41.60    44.84    48.26    51.85    55.63 
  -19.64   -19.62   -19.60   -19.57   -19.55   -19.53   -19.50   -19.48   -19.45   -19.42   -19.39   -19.36   -19.33   -19.29   -19.25   -19.21   -19.17   -19.13   -19.08   -19.03   -18.98   -18.93   -18.87   -18.81   -18.75     0.00   -18.62   -18.54   -18.47   -18.39   -18.30   -18.21   -18.12   -18.02   -17.91   -17.80   -17.69   -17.57   -17.44   -17.30   -17.16   -17.01   -16.86   -16.69   -16.52   -16.33   -16.14   -15.94   -15.72   -15.50     0.00   -15.01   -14.75   -14.47   -14.18   -13.87   -13.55   -13.21   -12.86   -12.48   -12.08   -11.67   -11.23   -10.77   -10.28    -9.77    -9.23    -8.66    -8.07    -7.44    -6.78    -6.08    -5.35    -4.58    -3.77     0.00     4.47     5.76     7.11     8.54    10.04    11.62    13.29    15.04    16.88    18.82    20.87    23.02    25.28    27.67    30.17    32.82    35.59    38.52    41.60    44.84    48.26    51.85    55.63    59.61 
  -19.65   -19.64   -19.62   -19.60   -19.57   -19.55   -19.53   -19.50   -19.48   -19.45   -19.42   -19.39   -19.36   -19.33   -19.29   -19.25   -19.21   -19.17   -19.13   -19.08   -19.03   -18.98   -18.93   -18.87   -18.81     0.00   -18.69   -18.62   -18.54   -18.47   -18.39   -18.30   -18.21   -18.12   -18.02   -17.91   -17.80   -17.69   -17.57   -17.44   -17.30   -17.16   -17.01   -16.86   -16.69   -16.52   -16.33   -16.14   -15.94   -15.72     0.00   -15.26   -15.01   -14.75   -14.47   -14.18   -13.87   -13.55   -13.21   -12.86   -12.48   -12.08   -11.67   -11.23   -10.77   -10.28    -9.77    -9.23    -8.66    -8.07    -7.44    -6.78    -6.08    -5.35    -4.58     0.00     5.76     7.11     8.54    10.04    11.62    13.29    15.04    16.88    18.82    20.87    23.02    25.28    27.67    30.17    32.82    35.59    38.52    41.60    44.84    48.26    51.85    55.63    59.61    63.80 
  -19.67   -19.65   -19.64   -19.62   -19.60   -19.57   -19.55   -19.53   -19.50   -19.48   -19.45   -19.42   -19.39   -19.36   -19.33   -19.29   -19.25   -19.21   -19.17   -19.13   -19.08   -19.03   -18.98   -18.93   -18.87     0.00   -18.75   -18.69   -18.62   -18.54   -18.47   -18.39   -18.30   -18.21   -18.12   -18.02   -17.91   -17.80   -17.69   -17.57   -17.44   -17.30   -17.16   -17.01   -16.86   -16.69   -16.52   -16.33   -16.14   -15.94     0.00   -15.50   -15.26   -15.01   -14.75   -14.47   -14.18   -13.87   -13.55   -13.21   -12.86   -12.48   -12.08   -11.67   -11.23   -10.77   -10.28    -9.77    -9.23    -8.66    -8.07    -7.44    -6.78    -6.08    -5.35     0.00     7.11     8.54    10.04    11.62    13.29    15.04    16.88    18.82    20.87    23.02    25.28    27.67    30.17    32.82    35.59    38.52    41.60    44.84    48.26    51.85    55.63    59.61    63.80    68.21 
  -19.69   -19.67   -19.65   -19.64   -19.62   -19.60   -19.57   -19.55   -19.53   -19.50   -19.48   -19.45   -19.42   -19.39   -19.36   -19.33   -19.29   -19.25   -19.21   -19.17   -19.13   -19.08   -19.03   -18.98   -18.93     0.00   -18.81   -18.75   -18.69   -18.62   -18.54   -18.47   -18.39   -18.30   -18.21   -18.12   -18.02   -17.91   -17.80   -17.69   -17.57   -17.44   -17.30   -17.16   -17.01   -16.86   -16.69   -16.52   -16.33   -16.14     0.00   -15.72   -15.50   -15.26   -15.01   -14.75   -14.47   -14.18   -13.87   -13.55   -13.21   -12.86   -12.48   -12.08   -11.67   -11.23   -10.77   -10.28    -9.77    -9.23    -8.66    -8.07    -7.44    -6.78    -6.08     0.00     8.54    10.04    11.62    13.29    15.04    16.88    18.82    20.87    23.02    25.28    27.67    30.17    32.82    35.59    38.52    41.60    44.84    48.26    51.85    55.63    59.61    63.80    68.21    72.85 
  -19.70   -19.69   -19.67   -19.65   -19.64   -19.62   -19.60   -19.57   -19.55   -19.53   -19.50   -19.48   -19.45   -19.42   -19.39   -19.36   -19.33   -19.29   -19.25   -19.21   -19.17   -19.13   -19.08   -19.03   -18.98     0.00   -18.87   -18.81   -18.75   -18.69   -18.62   -18.54   -18.47   -18.39   -18.30   -18.21   -18.12   -18.02   -17.91   -17.80   -17.69   -17.57   -17.44   -17.30   -17.16   -17.01   -16.86   -16.69   -16.52   -16.33     0.00   -15.94   -15.72   -15.50   -15.26   -15.01   -14.75   -14.47   -14.18   -13.87   -13.55   -13.21   -12.86   -12.48   -12.08   -11.67   -11.23   -10.77   -10.28    -9.77    -9.23    -8.66    -8.07    -7.44    -6.78     0.00    10.04    11.62    13.29    15.04    16.88    18.82    20.87    23.02    25.28    27.67    30.17    32.82    35.59    38.52    41.60    44.84    48.26    51.85    55.63    59.61    63.80    68.21    72.85    77.74 
  -19.72   -19.70   -19.69   -19.67   -19.65   -19.64   -19.62   -19.60   -19.57   -19.55   -19.53   -19.50   -19.48   -19.45   -19.42   -19.39   -19.36   -19.33   -19.29   -19.25   -19.21   -19.17   -19.13   -19.08   -19.03     0.00   -18.93   -18.87   -18.81   -18.75   -18.69   -18.62   -18.54   -18.47   -18.39   -18.30   -18.21   -18.12   -18.02   -17.91   -17.80   -17.69   -17.57   -17.44   -17.30   -17.16   -17.01   -16.86   -16.69   -16.52     0.00   -16.14   -15.94   -15.72   -15.50   -15.26   -15.01   -14.75   -14.47   -14.18   -13.87   -13.55   -13.21   -12.86   -12.48   -12.08   -11.67   -11.23   -10.77   -10.28    -9.77    -9.23    -8.66    -8.07    -7.44     0.00    11.62    13.29    15.04    16.88    18.82    20.87    23.02    25.28    27.67    30.17    32.82    35.59    38.52    41.60    44.84    48.26    51.85    55.63    59.61    63.80    68.21    72.85    77.74    82.88 
  -19.73   -19.72   -19.70   -19.69   -19.67   -19.65   -19.64   -19.62   -19.60   -19.57   -19.55   -19.53   -19.50   -19.48   -19.45   -19.42   -19.39   -19.36   -19.33   -19.29   -19.25   -19.21   -19.17   -19.13   -19.08     0.00   -18.98   -18.93   -18.87   -18.81   -18.75   -18.69   -18.62   -18.54   -18.47   -18.39   -18.30   -18.21   -18.12   -18.02   -17.91   -17.80   -17.69   -17.57   -17.44   -17.30   -17.16   -17.01   -16.86   -16.69     0.00   -16.33   -16.14   -15.94   -15.72   -15.50   -15.26   -15.01   -14.75   -14.47   -14.18   -13.87   -13.55   -13.21   -12.86   -12.48   -12.08   -11.67   -11.23   -10.77   -10.28    -9.77    -9.23    -8.66    -8.07     0.00    13.29    15.04    16.88    18.82    20.87    23.02    25.28    27.67    30.17    32.82    35.59    38.52    41.60    44.84    48.26    51.85    55.63    59.61    63.80    68.21    72.85    77.74    82.88    88.30 
  -19.75   -19.73   -19.72   -19.70   -19.69   -19.67   -19.65   -19.64   -19.62   -19.60   -19.57   -19.55   -19.53   -19.50   -19.48   -19.45   -19.42   -19.39   -19.36   -19.33   -19.29   -19.25   -19.21   -19.17   -19.13     0.00   -19.03   -18.98   -18.93   -18.87   -18.81   -18.75   -18.69   -18.62   -18.54   -18.47   -18.39   -18.30   -18.21   -18.12   -18.02   -17.91   -17.80   -17.69   -17.57   -17.44   -17.30   -17.16   -17.01   -16.86     0.00   -16.52   -16.33   -16.14   -15.94   -15.72   -15.50   -15.26   -15.01   -14.75   -14.47   -14.18   -13.87   -13.55   -13.21   -12.86   -12.48   -12.08   -11.67   -11.23   -10.77   -10.28    -9.77    -9.23    -8.66     0.00    15.04    16.88    18.82    20.87    23.02    25.28    27.67    30.17    32.82    35.59    38.52    41.60    44.84    48.26    51.85    55.63    59.61    63.80    68.21    72.85    77.74    82.88    88.30    94.00 
  -19.76   -19.75   -19.73   -19.72   -19.70   -19.69   -19.67   -19.65   -19.64   -19.62   -19.60   -19.57   -19.55   -19.53   -19.50   -19.48   -19.45   -19.42   -19.39   -19.36   -19.33   -19.29   -19.25   -19.21   -19.17     0.00   -19.08   -19.03   -18.98   -18.93   -18.87   -18.81   -18.75   -18.69   -18.62   -18.54   -18.47   -18.39   -18.30   -18.21   -18.12   -18.02   -17.91   -17.80   -17.69   -17.57   -17.44   -17.30   -17.16   -17.01     0.00   -16.69   -16.52   -16.33   -16.14   -15.94   -15.72   -15.50   -15.26   -15.01   -14.75   -14.47   -14.18   -13.87   -13.55   -13.21   -12.86   -12.48   -12.08   -11.67   -11.23   -10.77   -10.28    -9.77    -9.23     0.00    16.88    18.82    20.87    23.02    25.28    27.67    30.17    32.82    35.59    38.52    41.60    44.84    48.26    51.85    55.63    59.61    63.80    68.21    72.85    77.74    82.88    88.30    94.00   100.00 
  -19.77   -19.76   -19.75   -19.73   -19.72   -19.70   -19.69   -19.67   -19.65   -19.64   -19.62   -19.60   -19.57   -19.55   -19.53   -19.50   -19.48   -19.45   -19.42   -19.39   -19.36   -19.33   -19.29   -19.25   -19.21     0.00   -19.13   -19.08   -19.03   -18.98   -18.93   -18.87   -18.81   -18.75   -18.69   -18.62   -18.54   -18.47   -18.39   -18.30   -18.21   -18.12   -18.02   -17.91   -17.80   -17.69   -17.57   -17.44   -17.30   -17.16     0.00   -16.86   -16.69   -16.52   -16.33   -16.14   -15.94   -15.72   -15.50   -15.26   -15.01   -14.75   -14.47   -14.18   -13.87   -13.55   -13.21   -12.86   -12.48   -12.08   -11.67   -11.23   -10.77   -10.28    -9.77     0.00    18.82    20.87    23.02    25.28    27.67    30.17    32.82    35.59    38.52    41.60    44.84    48.26    51.85    55.63    59.61    63.80    68.21    72.85    77.74    82.88    88.30    94.00   100.00     0.00 

--- POLITICA OTTIMA pi* ---
  v    v    v    v    v    v    v    v    v    v    v    v    v    v    v    v    v    v    v    v    v    v    v    v    v    .    v    v    v    v    v    v    v    v    v    v    v    v    v    v    v    v    v    v    v    v    v    v    v    v    .    v    v    v    v    v    v    v    v    v    v    v    v    v    v    v    v    v    v    v    v    v    v    v    v    .    v    v    v    v    v    v    v    v    v    v    v    v    v    v    v    v    v    v    v    v    v    v    v    v  
  v    v    v    v    v    v    v    v    v    v    v    v    v    v    v    v    v    v    v    v    v    v    v    v    v    .    v    v    v    v    v    v    v    v    v    v    v    v    v    v    v    v    v    v    v    v    v    v    v    v    .    v    v    v    v    v    v    v    v    v    v    v    v    v    v    v    v    v    v    v    v    v    v    v    v    .    v    v    v    v    v    v    v    v    v    v    v    v    v    v    v    v    v    v    v    v    v    v    v    v  
  v    v    v    v    v    v    v    v    v    v    v    v    v    v    v    v    v    v    v    v    v    v    v    v    v    .    v    v    v    v    v    v    v    v    v    v    v    v    v    v    v    v    v    v    v    v    v    v    v    v    .    v    v    v    v    v    v    v    v    v    v    v    v    v    v    v    v    v    v    v    v    v    v    v    v    .    v    v    v    v    v    v    v    v    v    v    v    v    v    v    v    v    v    v    v    v    v    v    v    v  
  v    v    v    v    v    v    v    v    v    v    v    v    v    v    v    v    v    v    v    v    v    v    v    v    v    .    v    v    v    v    v    v    v    v    v    v    v    v    v    v    v    v    v    v    v    v    v    v    v    v    .    v    v    v    v    v    v    v    v    v    v    v    v    v    v    v    v    v    v    v    v    v    v    v    v    .    v    v    v    v    v    v    v    v    v    v    v    v    v    v    v    v    v    v    v    v    v    v    v    v  
  v    v    v    v    v    v    v    v    v    v    v    v    v    v    v    v    v    v    v    v    v    v    v    v    v    .    v    v    v    v    v    v    v    v    v    v    v    v    v    v    v    v    v    v    v    v    v    v    v    v    .    v    v    v    v    v    v    v    v    v    v    v    v    v    v    v    v    v    v    v    v    v    v    v    v    .    v    v    v    v    v    v    v    v    v    v    v    v    v    v    v    v    v    v    v    v    v    v    v    v  
  v    v    v    v    v    v    v    v    v    v    v    v    v    v    v    v    v    v    v    v    v    v    v    v    v    .    v    v    v    v    v    v    v    v    v    v    v    v    v    v    v    v    v    v    v    v    v    v    v    v    .    v    v    v    v    v    v    v    v    v    v    v    v    v    v    v    v    v    v    v    v    v    v    v    v    .    v    v    v    v    v    v    v    v    v    v    v    v    v    v    v    v    v    v    v    v    v    v    v    v  
  v    v    v    v    v    v    v    v    v    v    v    v    v    v    v    v    v    v    v    v    v    v    v    v    v    .    v    v    v    v    v    v    v    v    v    v    v    v    v    v    v    v    v    v    v    v    v    v    v    v    .    v    v    v    v    v    v    v    v    v    v    v    v    v    v    v    v    v    v    v    v    v    v    v    v    .    v    v    v    v    v    v    v    v    v    v    v    v    v    v    v    v    v    v    v    v    v    v    v    v  
  v    v    v    v    v    v    v    v    v    v    v    v    v    v    v    v    v    v    v    v    v    v    v    v    v    .    v    v    v    v    v    v    v    v    v    v    v    v    v    v    v    v    v    v    v    v    v    v    v    v    .    v    v    v    v    v    v    v    v    v    v    v    v    v    v    v    v    v    v    v    v    v    v    v    v    .    v    v    v    v    v    v    v    v    v    v    v    v    v    v    v    v    v    v    v    v    v    v    v    v  
  v    v    v    v    v    v    v    v    v    v    v    v    v    v    v    v    v    v    v    v    v    v    v    v    v    .    v    v    v    v    v    v    v    v    v    v    v    v    v    v    v    v    v    v    v    v    v    v    v    v    .    v    v    v    v    v    v    v    v    v    v    v    v    v    v    v    v    v    v    v    v    v    v    v    v    .    v    v    v    v    v    v    v    v    v    v    v    v    v    v    v    v    v    v    v    v    v    v    v    v  
  v    v    v    v    v    v    v    v    v    v    v    v    v    v    v    v    v    v    v    v    v    v    v    v    v    .    v    v    v    v    v    v    v    v    v    v    v    v    v    v    v    v    v    v    v    v    v    v    v    v    .    v    v    v    v    v    v    v    v    v    v    v    v    v    v    v    v    v    v    v    v    v    v    v    v    .    v    v    v    v    v    v    v    v    v    v    v    v    v    v    v    v    v    v    v    v    v    v    v    v  
  v    v    v    v    v    v    v    v    v    v    v    v    v    v    v    v    v    v    v    v    v    v    v    v    v    .    v    v    v    v    v    v    v    v    v    v    v    v    v    v    v    v    v    v    v    v    v    v    v    v    .    v    v    v    v    v    v    v    v    v    v    v    v    v    v    v    v    v    v    v    v    v    v    v    v    .    v    v    v    v    v    v    v    v    v    v    v    v    v    v    v    v    v    v    v    v    v    v    v    v  
  v    v    v    v    v    v    v    v    v    v    v    v    v    v    v    v    v    v    v    v    v    v    v    v    v    .    v    v    v    v    v    v    v    v    v    v    v    v    v    v    v    v    v    v    v    v    v    v    v    v    .    v    v    v    v    v    v    v    v    v    v    v    v    v    v    v    v    v    v    v    v    v    v    v    v    .    v    v    v    v    v    v    v    v    v    v    v    v    v    v    v    v    v    v    v    v    v    v    v    v  
  v    v    v    v    v    v    v    v    v    v    v    v    v    >    >    >    >    >    >    >    >    >    >    >    >    >    v    v    v    v    v    v    v    v    v    v    v    v    >    >    >    >    >    >    >    >    >    >    >    >    >    v    v    v    v    v    v    v    v    v    v    v    v    >    >    >    >    >    >    >    >    >    >    >    >    >    v    v    v    v    v    v    v    v    v    v    v    v    v    v    v    v    v    v    v    v    v    v    v    v  
  v    v    v    v    v    v    v    v    v    v    v    v    v    ^    ^    ^    ^    ^    ^    ^    ^    ^    ^    ^    ^    .    v    v    v    v    v    v    v    v    v    v    v    v    ^    ^    ^    ^    ^    ^    ^    ^    ^    ^    ^    ^    .    v    v    v    v    v    v    v    v    v    v    v    v    ^    ^    ^    ^    ^    ^    ^    ^    ^    ^    ^    ^    .    v    v    v    v    v    v    v    v    v    v    v    v    v    v    v    v    v    v    v    v    v    v    v    v  
  v    v    v    v    v    v    v    v    v    v    v    v    v    v    ^    ^    ^    ^    ^    ^    ^    ^    ^    ^    ^    .    v    v    v    v    v    v    v    v    v    v    v    v    v    ^    ^    ^    ^    ^    ^    ^    ^    ^    ^    ^    .    v    v    v    v    v    v    v    v    v    v    v    v    v    ^    ^    ^    ^    ^    ^    ^    ^    ^    ^    ^    .    v    v    v    v    v    v    v    v    v    v    v    v    v    v    v    v    v    v    v    v    v    v    v    v  
  v    v    v    v    v    v    v    v    v    v    v    v    v    v    v    ^    ^    ^    ^    ^    ^    ^    ^    ^    ^    .    v    v    v    v    v    v    v    v    v    v    v    v    v    v    ^    ^    ^    ^    ^    ^    ^    ^    ^    ^    .    v    v    v    v    v    v    v    v    v    v    v    v    v    v    ^    ^    ^    ^    ^    ^    ^    ^    ^    ^    .    v    v    v    v    v    v    v    v    v    v    v    v    v    v    v    v    v    v    v    v    v    v    v    v  
  v    v    v    v    v    v    v    v    v    v    v    v    v    v    v    v    ^    ^    ^    ^    ^    ^    ^    ^    ^    .    v    v    v    v    v    v    v    v    v    v    v    v    v    v    v    ^    ^    ^    ^    ^    ^    ^    ^    ^    .    v    v    v    v    v    v    v    v    v    v    v    v    v    v    v    ^    ^    ^    ^    ^    ^    ^    ^    ^    .    v    v    v    v    v    v    v    v    v    v    v    v    v    v    v    v    v    v    v    v    v    v    v    v  
  v    v    v    v    v    v    v    v    v    v    v    v    v    v    v    v    v    ^    ^    ^    ^    ^    ^    ^    ^    .    v    v    v    v    v    v    v    v    v    v    v    v    v    v    v    v    ^    ^    ^    ^    ^    ^    ^    ^    .    v    v    v    v    v    v    v    v    v    v    v    v    v    v    v    v    ^    ^    ^    ^    ^    ^    ^    ^    .    v    v    v    v    v    v    v    v    v    v    v    v    v    v    v    v    v    v    v    v    v    v    v    v  
  v    v    v    v    v    v    v    v    v    v    v    v    v    v    v    v    v    v    ^    ^    ^    ^    ^    ^    ^    .    v    v    v    v    v    v    v    v    v    v    v    v    v    v    v    v    v    ^    ^    ^    ^    ^    ^    ^    .    v    v    v    v    v    v    v    v    v    v    v    v    v    v    v    v    v    ^    ^    ^    ^    ^    ^    ^    .    v    v    v    v    v    v    v    v    v    v    v    v    v    v    v    v    v    v    v    v    v    v    v    v  
  v    v    v    v    v    v    v    v    v    v    v    v    v    v    v    v    v    v    v    ^    ^    ^    ^    ^    ^    .    v    v    v    v    v    v    v    v    v    v    v    v    v    v    v    v    v    v    ^    ^    ^    ^    ^    ^    .    v    v    v    v    v    v    v    v    v    v    v    v    v    v    v    v    v    v    ^    ^    ^    ^    ^    ^    .    v    v    v    v    v    v    v    v    v    v    v    v    v    v    v    v    v    v    v    v    v    v    v    v  
  v    v    v    v    v    v    v    v    v    v    v    v    v    v    v    v    v    v    v    v    ^    ^    ^    ^    ^    .    v    v    v    v    v    v    v    v    v    v    v    v    v    v    v    v    v    v    v    ^    ^    ^    ^    ^    .    v    v    v    v    v    v    v    v    v    v    v    v    v    v    v    v    v    v    v    ^    ^    ^    ^    ^    .    v    v    v    v    v    v    v    v    v    v    v    v    v    v    v    v    v    v    v    v    v    v    v    v  
  v    v    v    v    v    v    v    v    v    v    v    v    v    v    v    v    v    v    v    v    v    ^    ^    ^    ^    .    v    v    v    v    v    v    v    v    v    v    v    v    v    v    v    v    v    v    v    v    ^    ^    ^    ^    .    v    v    v    v    v    v    v    v    v    v    v    v    v    v    v    v    v    v    v    v    ^    ^    ^    ^    .    v    v    v    v    v    v    v    v    v    v    v    v    v    v    v    v    v    v    v    v    v    v    v    v  
  v    v    v    v    v    v    v    v    v    v    v    v    v    v    v    v    v    v    v    v    v    v    ^    ^    ^    .    v    v    v    v    v    v    v    v    v    v    v    v    v    v    v    v    v    v    v    v    v    ^    ^    ^    .    v    v    v    v    v    v    v    v    v    v    v    v    v    v    v    v    v    v    v    v    v    ^    ^    ^    .    v    v    v    v    v    v    v    v    v    v    v    v    v    v    v    v    v    v    v    v    v    v    v    v  
  v    v    v    v    v    v    v    v    v    v    v    v    v    v    v    v    v    v    v    v    v    v    v    ^    ^    .    v    v    v    v    v    v    v    v    v    v    v    v    v    v    v    v    v    v    v    v    v    v    ^    ^    .    v    v    v    v    v    v    v    v    v    v    v    v    v    v    v    v    v    v    v    v    v    v    ^    ^    .    v    v    v    v    v    v    v    v    v    v    v    v    v    v    v    v    v    v    v    v    v    v    v    v  
  >    >    >    >    >    >    >    >    >    >    >    >    v    <    <    <    <    <    <    <    <    <    <    <    ^    .    >    >    >    >    >    >    >    >    >    >    >    v    <    <    <    <    <    <    <    <    <    <    <    ^    .    >    >    >    >    >    >    >    >    >    >    >    v    <    <    <    <    <    <    <    <    <    <    <    ^    .    >    >    >    >    >    >    >    >    >    >    >    v    <    <    <    <    <    <    <    <    <    <    <    <  
  .    .    .    .    .    .    .    .    .    .    .    .    v    .    .    .    .    .    .    .    .    .    .    .    .    .    .    .    .    .    .    .    .    .    .    .    .    v    .    .    .    .    .    .    .    .    .    .    .    .    .    .    .    .    .    .    .    .    .    .    .    .    v    .    .    .    .    .    .    .    .    .    .    .    .    .    .    .    .    .    .    .    .    .    .    .    .    v    .    .    .    .    .    .    .    .    .    .    .    .  
  v    v    v    v    v    v    v    v    v    v    v    v    v    v    v    v    v    v    v    v    v    v    v    v    v    .    v    v    v    v    v    v    v    v    v    v    v    v    v    v    v    v    v    v    v    v    v    v    v    v    .    v    v    v    v    v    v    v    v    v    v    v    v    v    v    v    v    v    v    v    v    v    v    v    v    .    v    v    v    v    v    v    v    v    v    v    v    v    v    v    v    v    v    v    v    v    v    v    v    v  
  v    v    v    v    v    v    v    v    v    v    v    v    v    v    v    v    v    v    v    v    v    v    v    v    v    .    v    v    v    v    v    v    v    v    v    v    v    v    v    v    v    v    v    v    v    v    v    v    v    v    .    v    v    v    v    v    v    v    v    v    v    v    v    v    v    v    v    v    v    v    v    v    v    v    v    .    v    v    v    v    v    v    v    v    v    v    v    v    v    v    v    v    v    v    v    v    v    v    v    v  
  v    v    v    v    v    v    v    v    v    v    v    v    v    v    v    v    v    v    v    v    v    v    v    v    v    .    v    v    v    v    v    v    v    v    v    v    v    v    v    v    v    v    v    v    v    v    v    v    v    v    .    v    v    v    v    v    v    v    v    v    v    v    v    v    v    v    v    v    v    v    v    v    v    v    v    .    v    v    v    v    v    v    v    v    v    v    v    v    v    v    v    v    v    v    v    v    v    v    v    v  
  v    v    v    v    v    v    v    v    v    v    v    v    v    v    v    v    v    v    v    v    v    v    v    v    v    .    v    v    v    v    v    v    v    v    v    v    v    v    v    v    v    v    v    v    v    v    v    v    v    v    .    v    v    v    v    v    v    v    v    v    v    v    v    v    v    v    v    v    v    v    v    v    v    v    v    .    v    v    v    v    v    v    v    v    v    v    v    v    v    v    v    v    v    v    v    v    v    v    v    v  
  v    v    v    v    v    v    v    v    v    v    v    v    v    v    v    v    v    v    v    v    v    v    v    v    v    .    v    v    v    v    v    v    v    v    v    v    v    v    v    v    v    v    v    v    v    v    v    v    v    v    .    v    v    v    v    v    v    v    v    v    v    v    v    v    v    v    v    v    v    v    v    v    v    v    v    .    v    v    v    v    v    v    v    v    v    v    v    v    v    v    v    v    v    v    v    v    v    v    v    v  
  v    v    v    v    v    v    v    v    v    v    v    v    v    v    v    v    v    v    v    v    v    v    v    v    v    .    v    v    v    v    v    v    v    v    v    v    v    v    v    v    v    v    v    v    v    v    v    v    v    v    .    v    v    v    v    v    v    v    v    v    v    v    v    v    v    v    v    v    v    v    v    v    v    v    v    .    v    v    v    v    v    v    v    v    v    v    v    v    v    v    v    v    v    v    v    v    v    v    v    v  
  v    v    v    v    v    v    v    v    v    v    v    v    v    v    v    v    v    v    v    v    v    v    v    v    v    .    v    v    v    v    v    v    v    v    v    v    v    v    v    v    v    v    v    v    v    v    v    v    v    v    .    v    v    v    v    v    v    v    v    v    v    v    v    v    v    v    v    v    v    v    v    v    v    v    v    .    v    v    v    v    v    v    v    v    v    v    v    v    v    v    v    v    v    v    v    v    v    v    v    v  
  v    v    v    v    v    v    v    v    v    v    v    v    v    v    v    v    v    v    v    v    v    v    v    v    v    .    v    v    v    v    v    v    v    v    v    v    v    v    v    v    v    v    v    v    v    v    v    v    v    v    .    v    v    v    v    v    v    v    v    v    v    v    v    v    v    v    v    v    v    v    v    v    v    v    v    .    v    v    v    v    v    v    v    v    v    v    v    v    v    v    v    v    v    v    v    v    v    v    v    v  
  v    v    v    v    v    v    v    v    v    v    v    v    v    v    v    v    v    v    v    v    v    v    v    v    v    .    v    v    v    v    v    v    v    v    v    v    v    v    v    v    v    v    v    v    v    v    v    v    v    v    .    v    v    v    v    v    v    v    v    v    v    v    v    v    v    v    v    v    v    v    v    v    v    v    v    .    v    v    v    v    v    v    v    v    v    v    v    v    v    v    v    v    v    v    v    v    v    v    v    v  
  v    v    v    v    v    v    v    v    v    v    v    v    v    v    v    v    v    v    v    v    v    v    v    v    v    .    v    v    v    v    v    v    v    v    v    v    v    v    v    v    v    v    v    v    v    v    v    v    v    v    .    v    v    v    v    v    v    v    v    v    v    v    v    v    v    v    v    v    v    v    v    v    v    v    v    .    v    v    v    v    v    v    v    v    v    v    v    v    v    v    v    v    v    v    v    v    v    v    v    v  
  v    v    v    v    v    v    v    v    v    v    v    v    v    v    v    v    v    v    v    v    v    v    v    v    v    .    v    v    v    v    v    v    v    v    v    v    v    v    v    v    v    v    v    v    v    v    v    v    v    v    .    v    v    v    v    v    v    v    v    v    v    v    v    v    v    v    v    v    v    v    v    v    v    v    v    .    v    v    v    v    v    v    v    v    v    v    v    v    v    v    v    v    v    v    v    v    v    v    v    v  
  v    v    v    v    v    v    v    v    v    v    v    v    v    >    >    >    >    >    >    >    >    >    >    >    >    >    v    v    v    v    v    v    v    v    v    v    v    v    >    >    >    >    >    >    >    >    >    >    >    >    >    v    v    v    v    v    v    v    v    v    v    v    v    >    >    >    >    >    >    >    >    >    >    >    >    >    v    v    v    v    v    v    v    v    v    v    v    v    v    v    v    v    v    v    v    v    v    v    v    v  
  v    v    v    v    v    v    v    v    v    v    v    v    v    ^    ^    ^    ^    ^    ^    ^    ^    ^    ^    ^    ^    .    v    v    v    v    v    v    v    v    v    v    v    v    ^    ^    ^    ^    ^    ^    ^    ^    ^    ^    ^    ^    .    v    v    v    v    v    v    v    v    v    v    v    v    ^    ^    ^    ^    ^    ^    ^    ^    ^    ^    ^    ^    .    v    v    v    v    v    v    v    v    v    v    v    v    v    v    v    v    v    v    v    v    v    v    v    v  
  v    v    v    v    v    v    v    v    v    v    v    v    v    v    ^    ^    ^    ^    ^    ^    ^    ^    ^    ^    ^    .    v    v    v    v    v    v    v    v    v    v    v    v    v    ^    ^    ^    ^    ^    ^    ^    ^    ^    ^    ^    .    v    v    v    v    v    v    v    v    v    v    v    v    v    ^    ^    ^    ^    ^    ^    ^    ^    ^    ^    ^    .    v    v    v    v    v    v    v    v    v    v    v    v    v    v    v    v    v    v    v    v    v    v    v    v  
  v    v    v    v    v    v    v    v    v    v    v    v    v    v    v    ^    ^    ^    ^    ^    ^    ^    ^    ^    ^    .    v    v    v    v    v    v    v    v    v    v    v    v    v    v    ^    ^    ^    ^    ^    ^    ^    ^    ^    ^    .    v    v    v    v    v    v    v    v    v    v    v    v    v    v    ^    ^    ^    ^    ^    ^    ^    ^    ^    ^    .    v    v    v    v    v    v    v    v    v    v    v    v    v    v    v    v    v    v    v    v    v    v    v    v  
  v    v    v    v    v    v    v    v    v    v    v    v    v    v    v    v    ^    ^    ^    ^    ^    ^    ^    ^    ^    .    v    v    v    v    v    v    v    v    v    v    v    v    v    v    v    ^    ^    ^    ^    ^    ^    ^    ^    ^    .    v    v    v    v    v    v    v    v    v    v    v    v    v    v    v    ^    ^    ^    ^    ^    ^    ^    ^    ^    .    v    v    v    v    v    v    v    v    v    v    v    v    v    v    v    v    v    v    v    v    v    v    v    v  
  v    v    v    v    v    v    v    v    v    v    v    v    v    v    v    v    v    ^    ^    ^    ^    ^    ^    ^    ^    .    v    v    v    v    v    v    v    v    v    v    v    v    v    v    v    v    ^    ^    ^    ^    ^    ^    ^    ^    .    v    v    v    v    v    v    v    v    v    v    v    v    v    v    v    v    ^    ^    ^    ^    ^    ^    ^    ^    .    v    v    v    v    v    v    v    v    v    v    v    v    v    v    v    v    v    v    v    v    v    v    v    v  
  v    v    v    v    v    v    v    v    v    v    v    v    v    v    v    v    v    v    ^    ^    ^    ^    ^    ^    ^    .    v    v    v    v    v    v    v    v    v    v    v    v    v    v    v    v    v    ^    ^    ^    ^    ^    ^    ^    .    v    v    v    v    v    v    v    v    v    v    v    v    v    v    v    v    v    ^    ^    ^    ^    ^    ^    ^    .    v    v    v    v    v    v    v    v    v    v    v    v    v    v    v    v    v    v    v    v    v    v    v    v  
  v    v    v    v    v    v    v    v    v    v    v    v    v    v    v    v    v    v    v    ^    ^    ^    ^    ^    ^    .    v    v    v    v    v    v    v    v    v    v    v    v    v    v    v    v    v    v    ^    ^    ^    ^    ^    ^    .    v    v    v    v    v    v    v    v    v    v    v    v    v    v    v    v    v    v    ^    ^    ^    ^    ^    ^    .    v    v    v    v    v    v    v    v    v    v    v    v    v    v    v    v    v    v    v    v    v    v    v    v  
  v    v    v    v    v    v    v    v    v    v    v    v    v    v    v    v    v    v    v    v    ^    ^    ^    ^    ^    .    v    v    v    v    v    v    v    v    v    v    v    v    v    v    v    v    v    v    v    ^    ^    ^    ^    ^    .    v    v    v    v    v    v    v    v    v    v    v    v    v    v    v    v    v    v    v    ^    ^    ^    ^    ^    .    v    v    v    v    v    v    v    v    v    v    v    v    v    v    v    v    v    v    v    v    v    v    v    v  
  v    v    v    v    v    v    v    v    v    v    v    v    v    v    v    v    v    v    v    v    v    ^    ^    ^    ^    .    v    v    v    v    v    v    v    v    v    v    v    v    v    v    v    v    v    v    v    v    ^    ^    ^    ^    .    v    v    v    v    v    v    v    v    v    v    v    v    v    v    v    v    v    v    v    v    ^    ^    ^    ^    .    v    v    v    v    v    v    v    v    v    v    v    v    v    v    v    v    v    v    v    v    v    v    v    v  
  v    v    v    v    v    v    v    v    v    v    v    v    v    v    v    v    v    v    v    v    v    v    ^    ^    ^    .    v    v    v    v    v    v    v    v    v    v    v    v    v    v    v    v    v    v    v    v    v    ^    ^    ^    .    v    v    v    v    v    v    v    v    v    v    v    v    v    v    v    v    v    v    v    v    v    ^    ^    ^    .    v    v    v    v    v    v    v    v    v    v    v    v    v    v    v    v    v    v    v    v    v    v    v    v  
  v    v    v    v    v    v    v    v    v    v    v    v    v    v    v    v    v    v    v    v    v    v    v    ^    ^    .    v    v    v    v    v    v    v    v    v    v    v    v    v    v    v    v    v    v    v    v    v    v    ^    ^    .    v    v    v    v    v    v    v    v    v    v    v    v    v    v    v    v    v    v    v    v    v    v    ^    ^    .    v    v    v    v    v    v    v    v    v    v    v    v    v    v    v    v    v    v    v    v    v    v    v    v  
  >    >    >    >    >    >    >    >    >    >    >    >    v    <    <    <    <    <    <    <    <    <    <    <    ^    .    >    >    >    >    >    >    >    >    >    >    >    v    <    <    <    <    <    <    <    <    <    <    <    ^    .    >    >    >    >    >    >    >    >    >    >    >    v    <    <    <    <    <    <    <    <    <    <    <    ^    .    >    >    >    >    >    >    >    >    >    >    >    v    <    <    <    <    <    <    <    <    <    <    <    <  
  .    .    .    .    .    .    .    .    .    .    .    .    v    .    .    .    .    .    .    .    .    .    .    .    .    .    .    .    .    .    .    .    .    .    .    .    .    v    .    .    .    .    .    .    .    .    .    .    .    .    .    .    .    .    .    .    .    .    .    .    .    .    v    .    .    .    .    .    .    .    .    .    .    .    .    .    .    .    .    .    .    .    .    .    .    .    .    v    .    .    .    .    .    .    .    .    .    .    .    .  
  v    v    v    v    v    v    v    v    v    v    v    v    v    v    v    v    v    v    v    v    v    v    v    v    v    .    v    v    v    v    v    v    v    v    v    v    v    v    v    v    v    v    v    v    v    v    v    v    v    v    .    v    v    v    v    v    v    v    v    v    v    v    v    v    v    v    v    v    v    v    v    v    v    v    v    .    v    v    v    v    v    v    v    v    v    v    v    v    v    v    v    v    v    v    v    v    v    v    v    v  
  v    v    v    v    v    v    v    v    v    v    v    v    v    v    v    v    v    v    v    v    v    v    v    v    v    .    v    v    v    v    v    v    v    v    v    v    v    v    v    v    v    v    v    v    v    v    v    v    v    v    .    v    v    v    v    v    v    v    v    v    v    v    v    v    v    v    v    v    v    v    v    v    v    v    v    .    v    v    v    v    v    v    v    v    v    v    v    v    v    v    v    v    v    v    v    v    v    v    v    v  
  v    v    v    v    v    v    v    v    v    v    v    v    v    v    v    v    v    v    v    v    v    v    v    v    v    .    v    v    v    v    v    v    v    v    v    v    v    v    v    v    v    v    v    v    v    v    v    v    v    v    .    v    v    v    v    v    v    v    v    v    v    v    v    v    v    v    v    v    v    v    v    v    v    v    v    .    v    v    v    v    v    v    v    v    v    v    v    v    v    v    v    v    v    v    v    v    v    v    v    v  
  v    v    v    v    v    v    v    v    v    v    v    v    v    v    v    v    v    v    v    v    v    v    v    v    v    .    v    v    v    v    v    v    v    v    v    v    v    v    v    v    v    v    v    v    v    v    v    v    v    v    .    v    v    v    v    v    v    v    v    v    v    v    v    v    v    v    v    v    v    v    v    v    v    v    v    .    v    v    v    v    v    v    v    v    v    v    v    v    v    v    v    v    v    v    v    v    v    v    v    v  
  v    v    v    v    v    v    v    v    v    v    v    v    v    v    v    v    v    v    v    v    v    v    v    v    v    .    v    v    v    v    v    v    v    v    v    v    v    v    v    v    v    v    v    v    v    v    v    v    v    v    .    v    v    v    v    v    v    v    v    v    v    v    v    v    v    v    v    v    v    v    v    v    v    v    v    .    v    v    v    v    v    v    v    v    v    v    v    v    v    v    v    v    v    v    v    v    v    v    v    v  
  v    v    v    v    v    v    v    v    v    v    v    v    v    v    v    v    v    v    v    v    v    v    v    v    v    .    v    v    v    v    v    v    v    v    v    v    v    v    v    v    v    v    v    v    v    v    v    v    v    v    .    v    v    v    v    v    v    v    v    v    v    v    v    v    v    v    v    v    v    v    v    v    v    v    v    .    v    v    v    v    v    v    v    v    v    v    v    v    v    v    v    v    v    v    v    v    v    v    v    v  
  v    v    v    v    v    v    v    v    v    v    v    v    v    v    v    v    v    v    v    v    v    v    v    v    v    .    v    v    v    v    v    v    v    v    v    v    v    v    v    v    v    v    v    v    v    v    v    v    v    v    .    v    v    v    v    v    v    v    v    v    v    v    v    v    v    v    v    v    v    v    v    v    v    v    v    .    v    v    v    v    v    v    v    v    v    v    v    v    v    v    v    v    v    v    v    v    v    v    v    v  
  v    v    v    v    v    v    v    v    v    v    v    v    v    v    v    v    v    v    v    v    v    v    v    v    v    .    v    v    v    v    v    v    v    v    v    v    v    v    v    v    v    v    v    v    v    v    v    v    v    v    .    v    v    v    v    v    v    v    v    v    v    v    v    v    v    v    v    v    v    v    v    v    v    v    v    .    v    v    v    v    v    v    v    v    v    v    v    v    v    v    v    v    v    v    v    v    v    v    v    v  
  v    v    v    v    v    v    v    v    v    v    v    v    v    v    v    v    v    v    v    v    v    v    v    v    v    .    v    v    v    v    v    v    v    v    v    v    v    v    v    v    v    v    v    v    v    v    v    v    v    v    .    v    v    v    v    v    v    v    v    v    v    v    v    v    v    v    v    v    v    v    v    v    v    v    v    .    v    v    v    v    v    v    v    v    v    v    v    v    v    v    v    v    v    v    v    v    v    v    v    v  
  v    v    v    v    v    v    v    v    v    v    v    v    v    v    v    v    v    v    v    v    v    v    v    v    v    .    v    v    v    v    v    v    v    v    v    v    v    v    v    v    v    v    v    v    v    v    v    v    v    v    .    v    v    v    v    v    v    v    v    v    v    v    v    v    v    v    v    v    v    v    v    v    v    v    v    .    v    v    v    v    v    v    v    v    v    v    v    v    v    v    v    v    v    v    v    v    v    v    v    v  
  v    v    v    v    v    v    v    v    v    v    v    v    v    v    v    v    v    v    v    v    v    v    v    v    v    .    v    v    v    v    v    v    v    v    v    v    v    v    v    v    v    v    v    v    v    v    v    v    v    v    .    v    v    v    v    v    v    v    v    v    v    v    v    v    v    v    v    v    v    v    v    v    v    v    v    .    v    v    v    v    v    v    v    v    v    v    v    v    v    v    v    v    v    v    v    v    v    v    v    v  
  v    v    v    v    v    v    v    v    v    v    v    v    v    >    >    >    >    >    >    >    >    >    >    >    >    >    v    v    v    v    v    v    v    v    v    v    v    v    >    >    >    >    >    >    >    >    >    >    >    >    >    v    v    v    v    v    v    v    v    v    v    v    v    >    >    >    >    >    >    >    >    >    >    >    >    >    v    v    v    v    v    v    v    v    v    v    v    v    v    v    v    v    v    v    v    v    v    v    v    v  
  v    v    v    v    v    v    v    v    v    v    v    v    v    ^    ^    ^    ^    ^    ^    ^    ^    ^    ^    ^    ^    .    v    v    v    v    v    v    v    v    v    v    v    v    ^    ^    ^    ^    ^    ^    ^    ^    ^    ^    ^    ^    .    v    v    v    v    v    v    v    v    v    v    v    v    ^    ^    ^    ^    ^    ^    ^    ^    ^    ^    ^    ^    .    v    v    v    v    v    v    v    v    v    v    v    v    v    v    v    v    v    v    v    v    v    v    v    v  
  v    v    v    v    v    v    v    v    v    v    v    v    v    v    ^    ^    ^    ^    ^    ^    ^    ^    ^    ^    ^    .    v    v    v    v    v    v    v    v    v    v    v    v    v    ^    ^    ^    ^    ^    ^    ^    ^    ^    ^    ^    .    v    v    v    v    v    v    v    v    v    v    v    v    v    ^    ^    ^    ^    ^    ^    ^    ^    ^    ^    ^    .    v    v    v    v    v    v    v    v    v    v    v    v    v    v    v    v    v    v    v    v    v    v    v    v  
  v    v    v    v    v    v    v    v    v    v    v    v    v    v    v    ^    ^    ^    ^    ^    ^    ^    ^    ^    ^    .    v    v    v    v    v    v    v    v    v    v    v    v    v    v    ^    ^    ^    ^    ^    ^    ^    ^    ^    ^    .    v    v    v    v    v    v    v    v    v    v    v    v    v    v    ^    ^    ^    ^    ^    ^    ^    ^    ^    ^    .    v    v    v    v    v    v    v    v    v    v    v    v    v    v    v    v    v    v    v    v    v    v    v    v  
  v    v    v    v    v    v    v    v    v    v    v    v    v    v    v    v    ^    ^    ^    ^    ^    ^    ^    ^    ^    .    v    v    v    v    v    v    v    v    v    v    v    v    v    v    v    ^    ^    ^    ^    ^    ^    ^    ^    ^    .    v    v    v    v    v    v    v    v    v    v    v    v    v    v    v    ^    ^    ^    ^    ^    ^    ^    ^    ^    .    v    v    v    v    v    v    v    v    v    v    v    v    v    v    v    v    v    v    v    v    v    v    v    v  
  v    v    v    v    v    v    v    v    v    v    v    v    v    v    v    v    v    ^    ^    ^    ^    ^    ^    ^    ^    .    v    v    v    v    v    v    v    v    v    v    v    v    v    v    v    v    ^    ^    ^    ^    ^    ^    ^    ^    .    v    v    v    v    v    v    v    v    v    v    v    v    v    v    v    v    ^    ^    ^    ^    ^    ^    ^    ^    .    v    v    v    v    v    v    v    v    v    v    v    v    v    v    v    v    v    v    v    v    v    v    v    v  
  v    v    v    v    v    v    v    v    v    v    v    v    v    v    v    v    v    v    ^    ^    ^    ^    ^    ^    ^    .    v    v    v    v    v    v    v    v    v    v    v    v    v    v    v    v    v    ^    ^    ^    ^    ^    ^    ^    .    v    v    v    v    v    v    v    v    v    v    v    v    v    v    v    v    v    ^    ^    ^    ^    ^    ^    ^    .    v    v    v    v    v    v    v    v    v    v    v    v    v    v    v    v    v    v    v    v    v    v    v    v  
  v    v    v    v    v    v    v    v    v    v    v    v    v    v    v    v    v    v    v    ^    ^    ^    ^    ^    ^    .    v    v    v    v    v    v    v    v    v    v    v    v    v    v    v    v    v    v    ^    ^    ^    ^    ^    ^    .    v    v    v    v    v    v    v    v    v    v    v    v    v    v    v    v    v    v    ^    ^    ^    ^    ^    ^    .    v    v    v    v    v    v    v    v    v    v    v    v    v    v    v    v    v    v    v    v    v    v    v    v  
  v    v    v    v    v    v    v    v    v    v    v    v    v    v    v    v    v    v    v    v    ^    ^    ^    ^    ^    .    v    v    v    v    v    v    v    v    v    v    v    v    v    v    v    v    v    v    v    ^    ^    ^    ^    ^    .    v    v    v    v    v    v    v    v    v    v    v    v    v    v    v    v    v    v    v    ^    ^    ^    ^    ^    .    v    v    v    v    v    v    v    v    v    v    v    v    v    v    v    v    v    v    v    v    v    v    v    v  
  v    v    v    v    v    v    v    v    v    v    v    v    v    v    v    v    v    v    v    v    v    ^    ^    ^    ^    .    v    v    v    v    v    v    v    v    v    v    v    v    v    v    v    v    v    v    v    v    ^    ^    ^    ^    .    v    v    v    v    v    v    v    v    v    v    v    v    v    v    v    v    v    v    v    v    ^    ^    ^    ^    .    v    v    v    v    v    v    v    v    v    v    v    v    v    v    v    v    v    v    v    v    v    v    v    v  
  v    v    v    v    v    v    v    v    v    v    v    v    v    v    v    v    v    v    v    v    v    v    ^    ^    ^    .    v    v    v    v    v    v    v    v    v    v    v    v    v    v    v    v    v    v    v    v    v    ^    ^    ^    .    v    v    v    v    v    v    v    v    v    v    v    v    v    v    v    v    v    v    v    v    v    ^    ^    ^    .    v    v    v    v    v    v    v    v    v    v    v    v    v    v    v    v    v    v    v    v    v    v    v    v  
  v    v    v    v    v    v    v    v    v    v    v    v    v    v    v    v    v    v    v    v    v    v    v    ^    ^    .    v    v    v    v    v    v    v    v    v    v    v    v    v    v    v    v    v    v    v    v    v    v    ^    ^    .    v    v    v    v    v    v    v    v    v    v    v    v    v    v    v    v    v    v    v    v    v    v    ^    ^    .    v    v    v    v    v    v    v    v    v    v    v    v    v    v    v    v    v    v    v    v    v    v    v    v  
  >    >    >    >    >    >    >    >    >    >    >    >    v    <    <    <    <    <    <    <    <    <    <    <    ^    .    >    >    >    >    >    >    >    >    >    >    >    v    <    <    <    <    <    <    <    <    <    <    <    ^    .    >    >    >    >    >    >    >    >    >    >    >    v    <    <    <    <    <    <    <    <    <    <    <    ^    .    >    >    >    >    >    >    >    >    >    >    >    v    <    <    <    <    <    <    <    <    <    <    <    <  
  .    .    .    .    .    .    .    .    .    .    .    .    v    .    .    .    .    .    .    .    .    .    .    .    .    .    .    .    .    .    .    .    .    .    .    .    .    v    .    .    .    .    .    .    .    .    .    .    .    .    .    .    .    .    .    .    .    .    .    .    .    .    v    .    .    .    .    .    .    .    .    .    .    .    .    .    .    .    .    .    .    .    .    .    .    .    .    v    .    .    .    .    .    .    .    .    .    .    .    .  
  v    v    v    v    v    v    v    v    v    v    v    v    v    v    v    v    v    v    v    v    v    v    v    v    v    .    v    v    v    v    v    v    v    v    v    v    v    v    v    v    v    v    v    v    v    v    v    v    v    v    .    v    v    v    v    v    v    v    v    v    v    v    v    v    v    v    v    v    v    v    v    v    v    v    v    .    v    v    v    v    v    v    v    v    v    v    v    v    v    v    v    v    v    v    v    v    v    v    v    v  
  v    v    v    v    v    v    v    v    v    v    v    v    v    v    v    v    v    v    v    v    v    v    v    v    v    .    v    v    v    v    v    v    v    v    v    v    v    v    v    v    v    v    v    v    v    v    v    v    v    v    .    v    v    v    v    v    v    v    v    v    v    v    v    v    v    v    v    v    v    v    v    v    v    v    v    .    v    v    v    v    v    v    v    v    v    v    v    v    v    v    v    v    v    v    v    v    v    v    v    v  
  v    v    v    v    v    v    v    v    v    v    v    v    v    v    v    v    v    v    v    v    v    v    v    v    v    .    v    v    v    v    v    v    v    v    v    v    v    v    v    v    v    v    v    v    v    v    v    v    v    v    .    v    v    v    v    v    v    v    v    v    v    v    v    v    v    v    v    v    v    v    v    v    v    v    v    .    v    v    v    v    v    v    v    v    v    v    v    v    v    v    v    v    v    v    v    v    v    v    v    v  
  v    v    v    v    v    v    v    v    v    v    v    v    v    v    v    v    v    v    v    v    v    v    v    v    v    .    v    v    v    v    v    v    v    v    v    v    v    v    v    v    v    v    v    v    v    v    v    v    v    v    .    v    v    v    v    v    v    v    v    v    v    v    v    v    v    v    v    v    v    v    v    v    v    v    v    .    v    v    v    v    v    v    v    v    v    v    v    v    v    v    v    v    v    v    v    v    v    v    v    v  
  v    v    v    v    v    v    v    v    v    v    v    v    v    v    v    v    v    v    v    v    v    v    v    v    v    .    v    v    v    v    v    v    v    v    v    v    v    v    v    v    v    v    v    v    v    v    v    v    v    v    .    v    v    v    v    v    v    v    v    v    v    v    v    v    v    v    v    v    v    v    v    v    v    v    v    .    v    v    v    v    v    v    v    v    v    v    v    v    v    v    v    v    v    v    v    v    v    v    v    v  
  v    v    v    v    v    v    v    v    v    v    v    v    v    v    v    v    v    v    v    v    v    v    v    v    v    .    v    v    v    v    v    v    v    v    v    v    v    v    v    v    v    v    v    v    v    v    v    v    v    v    .    v    v    v    v    v    v    v    v    v    v    v    v    v    v    v    v    v    v    v    v    v    v    v    v    .    v    v    v    v    v    v    v    v    v    v    v    v    v    v    v    v    v    v    v    v    v    v    v    v  
  v    v    v    v    v    v    v    v    v    v    v    v    v    v    v    v    v    v    v    v    v    v    v    v    v    .    v    v    v    v    v    v    v    v    v    v    v    v    v    v    v    v    v    v    v    v    v    v    v    v    .    v    v    v    v    v    v    v    v    v    v    v    v    v    v    v    v    v    v    v    v    v    v    v    v    .    v    v    v    v    v    v    v    v    v    v    v    v    v    v    v    v    v    v    v    v    v    v    v    v  
  v    v    v    v    v    v    v    v    v    v    v    v    v    v    v    v    v    v    v    v    v    v    v    v    v    .    v    v    v    v    v    v    v    v    v    v    v    v    v    v    v    v    v    v    v    v    v    v    v    v    .    v    v    v    v    v    v    v    v    v    v    v    v    v    v    v    v    v    v    v    v    v    v    v    v    .    v    v    v    v    v    v    v    v    v    v    v    v    v    v    v    v    v    v    v    v    v    v    v    v  
  v    v    v    v    v    v    v    v    v    v    v    v    v    v    v    v    v    v    v    v    v    v    v    v    v    .    v    v    v    v    v    v    v    v    v    v    v    v    v    v    v    v    v    v    v    v    v    v    v    v    .    v    v    v    v    v    v    v    v    v    v    v    v    v    v    v    v    v    v    v    v    v    v    v    v    .    v    v    v    v    v    v    v    v    v    v    v    v    v    v    v    v    v    v    v    v    v    v    v    v  
  v    v    v    v    v    v    v    v    v    v    v    v    v    v    v    v    v    v    v    v    v    v    v    v    v    .    v    v    v    v    v    v    v    v    v    v    v    v    v    v    v    v    v    v    v    v    v    v    v    v    .    v    v    v    v    v    v    v    v    v    v    v    v    v    v    v    v    v    v    v    v    v    v    v    v    .    v    v    v    v    v    v    v    v    v    v    v    v    v    v    v    v    v    v    v    v    v    v    v    v  
  v    v    v    v    v    v    v    v    v    v    v    v    v    v    v    v    v    v    v    v    v    v    v    v    v    .    v    v    v    v    v    v    v    v    v    v    v    v    v    v    v    v    v    v    v    v    v    v    v    v    .    v    v    v    v    v    v    v    v    v    v    v    v    v    v    v    v    v    v    v    v    v    v    v    v    .    v    v    v    v    v    v    v    v    v    v    v    v    v    v    v    v    v    v    v    v    v    v    v    v  
  >    >    >    >    >    >    >    >    >    >    >    >    >    >    >    >    >    >    >    >    >    >    >    >    >    >    >    >    >    >    >    >    >    >    >    >    >    >    >    >    >    >    >    >    >    >    >    >    >    >    >    >    >    >    >    >    >    >    >    >    >    >    >    >    >    >    >    >    >    >    >    >    >    >    >    >    v    v    v    v    v    v    v    v    v    v    v    v    v    v    v    v    v    v    v    v    v    v    v    v  
  ^    ^    ^    ^    ^    ^    ^    ^    ^    ^    ^    ^    ^    ^    ^    ^    ^    ^    ^    ^    ^    ^    ^    ^    ^    .    ^    ^    ^    ^    ^    ^    ^    ^    ^    ^    ^    ^    ^    ^    ^    ^    ^    ^    ^    ^    ^    ^    ^    ^    .    ^    ^    ^    ^    ^    ^    ^    ^    ^    ^    ^    ^    ^    ^    ^    ^    ^    ^    ^    ^    ^    ^    ^    ^    .    v    v    v    v    v    v    v    v    v    v    v    v    v    v    v    v    v    v    v    v    v    v    v    v  
  ^    ^    ^    ^    ^    ^    ^    ^    ^    ^    ^    ^    ^    ^    ^    ^    ^    ^    ^    ^    ^    ^    ^    ^    ^    .    ^    ^    ^    ^    ^    ^    ^    ^    ^    ^    ^    ^    ^    ^    ^    ^    ^    ^    ^    ^    ^    ^    ^    ^    .    ^    ^    ^    ^    ^    ^    ^    ^    ^    ^    ^    ^    ^    ^    ^    ^    ^    ^    ^    ^    ^    ^    ^    ^    .    v    v    v    v    v    v    v    v    v    v    v    v    v    v    v    v    v    v    v    v    v    v    v    v  
  ^    ^    ^    ^    ^    ^    ^    ^    ^    ^    ^    ^    ^    ^    ^    ^    ^    ^    ^    ^    ^    ^    ^    ^    ^    .    ^    ^    ^    ^    ^    ^    ^    ^    ^    ^    ^    ^    ^    ^    ^    ^    ^    ^    ^    ^    ^    ^    ^    ^    .    ^    ^    ^    ^    ^    ^    ^    ^    ^    ^    ^    ^    ^    ^    ^    ^    ^    ^    ^    ^    ^    ^    ^    ^    .    v    v    v    v    v    v    v    v    v    v    v    v    v    v    v    v    v    v    v    v    v    v    v    v  
  ^    ^    ^    ^    ^    ^    ^    ^    ^    ^    ^    ^    ^    ^    ^    ^    ^    ^    ^    ^    ^    ^    ^    ^    ^    .    ^    ^    ^    ^    ^    ^    ^    ^    ^    ^    ^    ^    ^    ^    ^    ^    ^    ^    ^    ^    ^    ^    ^    ^    .    ^    ^    ^    ^    ^    ^    ^    ^    ^    ^    ^    ^    ^    ^    ^    ^    ^    ^    ^    ^    ^    ^    ^    ^    .    v    v    v    v    v    v    v    v    v    v    v    v    v    v    v    v    v    v    v    v    v    v    v    v  
  ^    ^    ^    ^    ^    ^    ^    ^    ^    ^    ^    ^    ^    ^    ^    ^    ^    ^    ^    ^    ^    ^    ^    ^    ^    .    ^    ^    ^    ^    ^    ^    ^    ^    ^    ^    ^    ^    ^    ^    ^    ^    ^    ^    ^    ^    ^    ^    ^    ^    .    ^    ^    ^    ^    ^    ^    ^    ^    ^    ^    ^    ^    ^    ^    ^    ^    ^    ^    ^    ^    ^    ^    ^    ^    .    v    v    v    v    v    v    v    v    v    v    v    v    v    v    v    v    v    v    v    v    v    v    v    v  
  ^    ^    ^    ^    ^    ^    ^    ^    ^    ^    ^    ^    ^    ^    ^    ^    ^    ^    ^    ^    ^    ^    ^    ^    ^    .    ^    ^    ^    ^    ^    ^    ^    ^    ^    ^    ^    ^    ^    ^    ^    ^    ^    ^    ^    ^    ^    ^    ^    ^    .    ^    ^    ^    ^    ^    ^    ^    ^    ^    ^    ^    ^    ^    ^    ^    ^    ^    ^    ^    ^    ^    ^    ^    ^    .    v    v    v    v    v    v    v    v    v    v    v    v    v    v    v    v    v    v    v    v    v    v    v    v  
  ^    ^    ^    ^    ^    ^    ^    ^    ^    ^    ^    ^    ^    ^    ^    ^    ^    ^    ^    ^    ^    ^    ^    ^    ^    .    ^    ^    ^    ^    ^    ^    ^    ^    ^    ^    ^    ^    ^    ^    ^    ^    ^    ^    ^    ^    ^    ^    ^    ^    .    ^    ^    ^    ^    ^    ^    ^    ^    ^    ^    ^    ^    ^    ^    ^    ^    ^    ^    ^    ^    ^    ^    ^    ^    .    v    v    v    v    v    v    v    v    v    v    v    v    v    v    v    v    v    v    v    v    v    v    v    v  
  ^    ^    ^    ^    ^    ^    ^    ^    ^    ^    ^    ^    ^    ^    ^    ^    ^    ^    ^    ^    ^    ^    ^    ^    ^    .    ^    ^    ^    ^    ^    ^    ^    ^    ^    ^    ^    ^    ^    ^    ^    ^    ^    ^    ^    ^    ^    ^    ^    ^    .    ^    ^    ^    ^    ^    ^    ^    ^    ^    ^    ^    ^    ^    ^    ^    ^    ^    ^    ^    ^    ^    ^    ^    ^    .    v    v    v    v    v    v    v    v    v    v    v    v    v    v    v    v    v    v    v    v    v    v    v    v  
  ^    ^    ^    ^    ^    ^    ^    ^    ^    ^    ^    ^    ^    ^    ^    ^    ^    ^    ^    ^    ^    ^    ^    ^    ^    .    ^    ^    ^    ^    ^    ^    ^    ^    ^    ^    ^    ^    ^    ^    ^    ^    ^    ^    ^    ^    ^    ^    ^    ^    .    ^    ^    ^    ^    ^    ^    ^    ^    ^    ^    ^    ^    ^    ^    ^    ^    ^    ^    ^    ^    ^    ^    ^    ^    .    v    v    v    v    v    v    v    v    v    v    v    v    v    v    v    v    v    v    v    v    v    v    v    v  
  ^    ^    ^    ^    ^    ^    ^    ^    ^    ^    ^    ^    ^    ^    ^    ^    ^    ^    ^    ^    ^    ^    ^    ^    ^    .    ^    ^    ^    ^    ^    ^    ^    ^    ^    ^    ^    ^    ^    ^    ^    ^    ^    ^    ^    ^    ^    ^    ^    ^    .    ^    ^    ^    ^    ^    ^    ^    ^    ^    ^    ^    ^    ^    ^    ^    ^    ^    ^    ^    ^    ^    ^    ^    ^    .    v    v    v    v    v    v    v    v    v    v    v    v    v    v    v    v    v    v    v    v    v    v    v    v  
  ^    ^    ^    ^    ^    ^    ^    ^    ^    ^    ^    ^    ^    ^    ^    ^    ^    ^    ^    ^    ^    ^    ^    ^    ^    .    ^    ^    ^    ^    ^    ^    ^    ^    ^    ^    ^    ^    ^    ^    ^    ^    ^    ^    ^    ^    ^    ^    ^    ^    .    ^    ^    ^    ^    ^    ^    ^    ^    ^    ^    ^    ^    ^    ^    ^    ^    ^    ^    ^    ^    ^    ^    ^    ^    .    v    v    v    v    v    v    v    v    v    v    v    v    v    v    v    v    v    v    v    v    v    v    v    v  
  ^    ^    ^    ^    ^    ^    ^    ^    ^    ^    ^    ^    ^    ^    ^    ^    ^    ^    ^    ^    ^    ^    ^    ^    ^    .    ^    ^    ^    ^    ^    ^    ^    ^    ^    ^    ^    ^    ^    ^    ^    ^    ^    ^    ^    ^    ^    ^    ^    ^    .    ^    ^    ^    ^    ^    ^    ^    ^    ^    ^    ^    ^    ^    ^    ^    ^    ^    ^    ^    ^    ^    ^    ^    ^    .    >    >    >    >    >    >    >    >    >    >    >    >    >    >    >    >    >    >    >    >    >    >    >    .  

--- GRIGLIA CON PERCORSO ROBOT ('S'=Start, 'G'=Goal, '*'=Percorso, '#'=Ostacolo) ---
S . . . . . . . . . . . . . . . . . . . . . . . . # . . . . . . . . . . . . . . . . . . . . . . . . # . . . . . . . . . . . . . . . . . . . . . . . . # . . . . . . . . . . . . . . . . . . . . . . . . 
* . . . . . . . . . . . . . . . . . . . . . . . . # . . . . . . . . . . . . . . . . . . . . . . . . # . . . . . . . . . . . . . . . . . . . . . . . . # . . . . . . . . . . . . . . . . . . . . . . . . 
* . . . . . . . . . . . . . . . . . . . . . . . . # . . . . . . . . . . . . . . . . . . . . . . . . # . . . . . . . . . . . . . . . . . . . . . . . . # . . . . . . . . . . . . . . . . . . . . . . . . 
* . . . . . . . . . . . . . . . . . . . . . . . . # . . . . . . . . . . . . . . . . . . . . . . . . # . . . . . . . . . . . . . . . . . . . . . . . . # . . . . . . . . . . . . . . . . . . . . . . . . 
* . . . . . . . . . . . . . . . . . . . . . . . . # . . . . . . . . . . . . . . . . . . . . . . . . # . . . . . . . . . . . . . . . . . . . . . . . . # . . . . . . . . . . . . . . . . . . . . . . . . 
* . . . . . . . . . . . . . . . . . . . . . . . . # . . . . . . . . . . . . . . . . . . . . . . . . # . . . . . . . . . . . . . . . . . . . . . . . . # . . . . . . . . . . . . . . . . . . . . . . . . 
* . . . . . . . . . . . . . . . . . . . . . . . . # . . . . . . . . . . . . . . . . . . . . . . . . # . . . . . . . . . . . . . . . . . . . . . . . . # . . . . . . . . . . . . . . . . . . . . . . . . 
* . . . . . . . . . . . . . . . . . . . . . . . . # . . . . . . . . . . . . . . . . . . . . . . . . # . . . . . . . . . . . . . . . . . . . . . . . . # . . . . . . . . . . . . . . . . . . . . . . . . 
* . . . . . . . . . . . . . . . . . . . . . . . . # . . . . . . . . . . . . . . . . . . . . . . . . # . . . . . . . . . . . . . . . . . . . . . . . . # . . . . . . . . . . . . . . . . . . . . . . . . 
* . . . . . . . . . . . . . . . . . . . . . . . . # . . . . . . . . . . . . . . . . . . . . . . . . # . . . . . . . . . . . . . . . . . . . . . . . . # . . . . . . . . . . . . . . . . . . . . . . . . 
* . . . . . . . . . . . . . . . . . . . . . . . . # . . . . . . . . . . . . . . . . . . . . . . . . # . . . . . . . . . . . . . . . . . . . . . . . . # . . . . . . . . . . . . . . . . . . . . . . . . 
* . . . . . . . . . . . . . . . . . . . . . . . . # . . . . . . . . . . . . . . . . . . . . . . . . # . . . . . . . . . . . . . . . . . . . . . . . . # . . . . . . . . . . . . . . . . . . . . . . . . 
* . . . . . . . . . . . . . . . . . . . . . . . . . . . . . . . . . . . . . . . . . . . . . . . . . . . . . . . . . . . . . . . . . . . . . . . . . . . . . . . . . . . . . . . . . . . . . . . . . . . 
* . . . . . . . . . . . . . . . . . . . . . . . . # . . . . . . . . . . . . . . . . . . . . . . . . # . . . . . . . . . . . . . . . . . . . . . . . . # . . . . . . . . . . . . . . . . . . . . . . . . 
* . . . . . . . . . . . . . . . . . . . . . . . . # . . . . . . . . . . . . . . . . . . . . . . . . # . . . . . . . . . . . . . . . . . . . . . . . . # . . . . . . . . . . . . . . . . . . . . . . . . 
* . . . . . . . . . . . . . . . . . . . . . . . . # . . . . . . . . . . . . . . . . . . . . . . . . # . . . . . . . . . . . . . . . . . . . . . . . . # . . . . . . . . . . . . . . . . . . . . . . . . 
* . . . . . . . . . . . . . . . . . . . . . . . . # . . . . . . . . . . . . . . . . . . . . . . . . # . . . . . . . . . . . . . . . . . . . . . . . . # . . . . . . . . . . . . . . . . . . . . . . . . 
* . . . . . . . . . . . . . . . . . . . . . . . . # . . . . . . . . . . . . . . . . . . . . . . . . # . . . . . . . . . . . . . . . . . . . . . . . . # . . . . . . . . . . . . . . . . . . . . . . . . 
* . . . . . . . . . . . . . . . . . . . . . . . . # . . . . . . . . . . . . . . . . . . . . . . . . # . . . . . . . . . . . . . . . . . . . . . . . . # . . . . . . . . . . . . . . . . . . . . . . . . 
* . . . . . . . . . . . . . . . . . . . . . . . . # . . . . . . . . . . . . . . . . . . . . . . . . # . . . . . . . . . . . . . . . . . . . . . . . . # . . . . . . . . . . . . . . . . . . . . . . . . 
* . . . . . . . . . . . . . . . . . . . . . . . . # . . . . . . . . . . . . . . . . . . . . . . . . # . . . . . . . . . . . . . . . . . . . . . . . . # . . . . . . . . . . . . . . . . . . . . . . . . 
* . . . . . . . . . . . . . . . . . . . . . . . . # . . . . . . . . . . . . . . . . . . . . . . . . # . . . . . . . . . . . . . . . . . . . . . . . . # . . . . . . . . . . . . . . . . . . . . . . . . 
* . . . . . . . . . . . . . . . . . . . . . . . . # . . . . . . . . . . . . . . . . . . . . . . . . # . . . . . . . . . . . . . . . . . . . . . . . . # . . . . . . . . . . . . . . . . . . . . . . . . 
* . . . . . . . . . . . . . . . . . . . . . . . . # . . . . . . . . . . . . . . . . . . . . . . . . # . . . . . . . . . . . . . . . . . . . . . . . . # . . . . . . . . . . . . . . . . . . . . . . . . 
* * * * * * * * * * * * * . . . . . . . . . . . . # . . . . . . . . . . . . . . . . . . . . . . . . # . . . . . . . . . . . . . . . . . . . . . . . . # . . . . . . . . . . . . . . . . . . . . . . . . 
# # # # # # # # # # # # * # # # # # # # # # # # # # # # # # # # # # # # # . # # # # # # # # # # # # # # # # # # # # # # # # . # # # # # # # # # # # # # # # # # # # # # # # # . # # # # # # # # # # # # 
. . . . . . . . . . . . * . . . . . . . . . . . . # . . . . . . . . . . . . . . . . . . . . . . . . # . . . . . . . . . . . . . . . . . . . . . . . . # . . . . . . . . . . . . . . . . . . . . . . . . 
. . . . . . . . . . . . * . . . . . . . . . . . . # . . . . . . . . . . . . . . . . . . . . . . . . # . . . . . . . . . . . . . . . . . . . . . . . . # . . . . . . . . . . . . . . . . . . . . . . . . 
. . . . . . . . . . . . * . . . . . . . . . . . . # . . . . . . . . . . . . . . . . . . . . . . . . # . . . . . . . . . . . . . . . . . . . . . . . . # . . . . . . . . . . . . . . . . . . . . . . . . 
. . . . . . . . . . . . * . . . . . . . . . . . . # . . . . . . . . . . . . . . . . . . . . . . . . # . . . . . . . . . . . . . . . . . . . . . . . . # . . . . . . . . . . . . . . . . . . . . . . . . 
. . . . . . . . . . . . * . . . . . . . . . . . . # . . . . . . . . . . . . . . . . . . . . . . . . # . . . . . . . . . . . . . . . . . . . . . . . . # . . . . . . . . . . . . . . . . . . . . . . . . 
. . . . . . . . . . . . * . . . . . . . . . . . . # . . . . . . . . . . . . . . . . . . . . . . . . # . . . . . . . . . . . . . . . . . . . . . . . . # . . . . . . . . . . . . . . . . . . . . . . . . 
. . . . . . . . . . . . * . . . . . . . . . . . . # . . . . . . . . . . . . . . . . . . . . . . . . # . . . . . . . . . . . . . . . . . . . . . . . . # . . . . . . . . . . . . . . . . . . . . . . . . 
. . . . . . . . . . . . * . . . . . . . . . . . . # . . . . . . . . . . . . . . . . . . . . . . . . # . . . . . . . . . . . . . . . . . . . . . . . . # . . . . . . . . . . . . . . . . . . . . . . . . 
. . . . . . . . . . . . * . . . . . . . . . . . . # . . . . . . . . . . . . . . . . . . . . . . . . # . . . . . . . . . . . . . . . . . . . . . . . . # . . . . . . . . . . . . . . . . . . . . . . . . 
. . . . . . . . . . . . * . . . . . . . . . . . . # . . . . . . . . . . . . . . . . . . . . . . . . # . . . . . . . . . . . . . . . . . . . . . . . . # . . . . . . . . . . . . . . . . . . . . . . . . 
. . . . . . . . . . . . * . . . . . . . . . . . . # . . . . . . . . . . . . . . . . . . . . . . . . # . . . . . . . . . . . . . . . . . . . . . . . . # . . . . . . . . . . . . . . . . . . . . . . . . 
. . . . . . . . . . . . * . . . . . . . . . . . . . . . . . . . . . . . . . . . . . . . . . . . . . . . . . . . . . . . . . . . . . . . . . . . . . . . . . . . . . . . . . . . . . . . . . . . . . . . 
. . . . . . . . . . . . * . . . . . . . . . . . . # . . . . . . . . . . . . . . . . . . . . . . . . # . . . . . . . . . . . . . . . . . . . . . . . . # . . . . . . . . . . . . . . . . . . . . . . . . 
. . . . . . . . . . . . * . . . . . . . . . . . . # . . . . . . . . . . . . . . . . . . . . . . . . # . . . . . . . . . . . . . . . . . . . . . . . . # . . . . . . . . . . . . . . . . . . . . . . . . 
. . . . . . . . . . . . * . . . . . . . . . . . . # . . . . . . . . . . . . . . . . . . . . . . . . # . . . . . . . . . . . . . . . . . . . . . . . . # . . . . . . . . . . . . . . . . . . . . . . . . 
. . . . . . . . . . . . * . . . . . . . . . . . . # . . . . . . . . . . . . . . . . . . . . . . . . # . . . . . . . . . . . . . . . . . . . . . . . . # . . . . . . . . . . . . . . . . . . . . . . . . 
. . . . . . . . . . . . * . . . . . . . . . . . . # . . . . . . . . . . . . . . . . . . . . . . . . # . . . . . . . . . . . . . . . . . . . . . . . . # . . . . . . . . . . . . . . . . . . . . . . . . 
. . . . . . . . . . . . * . . . . . . . . . . . . # . . . . . . . . . . . . . . . . . . . . . . . . # . . . . . . . . . . . . . . . . . . . . . . . . # . . . . . . . . . . . . . . . . . . . . . . . . 
. . . . . . . . . . . . * . . . . . . . . . . . . # . . . . . . . . . . . . . . . . . . . . . . . . # . . . . . . . . . . . . . . . . . . . . . . . . # . . . . . . . . . . . . . . . . . . . . . . . . 
. . . . . . . . . . . . * . . . . . . . . . . . . # . . . . . . . . . . . . . . . . . . . . . . . . # . . . . . . . . . . . . . . . . . . . . . . . . # . . . . . . . . . . . . . . . . . . . . . . . . 
. . . . . . . . . . . . * . . . . . . . . . . . . # . . . . . . . . . . . . . . . . . . . . . . . . # . . . . . . . . . . . . . . . . . . . . . . . . # . . . . . . . . . . . . . . . . . . . . . . . . 
. . . . . . . . . . . . * . . . . . . . . . . . . # . . . . . . . . . . . . . . . . . . . . . . . . # . . . . . . . . . . . . . . . . . . . . . . . . # . . . . . . . . . . . . . . . . . . . . . . . . 
. . . . . . . . . . . . * . . . . . . . . . . . . # . . . . . . . . . . . . . . . . . . . . . . . . # . . . . . . . . . . . . . . . . . . . . . . . . # . . . . . . . . . . . . . . . . . . . . . . . . 
. . . . . . . . . . . . * . . . . . . . . . . . . # . . . . . . . . . . . . . . . . . . . . . . . . # . . . . . . . . . . . . . . . . . . . . . . . . # . . . . . . . . . . . . . . . . . . . . . . . . 
# # # # # # # # # # # # * # # # # # # # # # # # # # # # # # # # # # # # # . # # # # # # # # # # # # # # # # # # # # # # # # . # # # # # # # # # # # # # # # # # # # # # # # # . # # # # # # # # # # # # 
. . . . . . . . . . . . * . . . . . . . . . . . . # . . . . . . . . . . . . . . . . . . . . . . . . # . . . . . . . . . . . . . . . . . . . . . . . . # . . . . . . . . . . . . . . . . . . . . . . . . 
. . . . . . . . . . . . * . . . . . . . . . . . . # . . . . . . . . . . . . . . . . . . . . . . . . # . . . . . . . . . . . . . . . . . . . . . . . . # . . . . . . . . . . . . . . . . . . . . . . . . 
. . . . . . . . . . . . * . . . . . . . . . . . . # . . . . . . . . . . . . . . . . . . . . . . . . # . . . . . . . . . . . . . . . . . . . . . . . . # . . . . . . . . . . . . . . . . . . . . . . . . 
. . . . . . . . . . . . * . . . . . . . . . . . . # . . . . . . . . . . . . . . . . . . . . . . . . # . . . . . . . . . . . . . . . . . . . . . . . . # . . . . . . . . . . . . . . . . . . . . . . . . 
. . . . . . . . . . . . * . . . . . . . . . . . . # . . . . . . . . . . . . . . . . . . . . . . . . # . . . . . . . . . . . . . . . . . . . . . . . . # . . . . . . . . . . . . . . . . . . . . . . . . 
. . . . . . . . . . . . * . . . . . . . . . . . . # . . . . . . . . . . . . . . . . . . . . . . . . # . . . . . . . . . . . . . . . . . . . . . . . . # . . . . . . . . . . . . . . . . . . . . . . . . 
. . . . . . . . . . . . * . . . . . . . . . . . . # . . . . . . . . . . . . . . . . . . . . . . . . # . . . . . . . . . . . . . . . . . . . . . . . . # . . . . . . . . . . . . . . . . . . . . . . . . 
. . . . . . . . . . . . * . . . . . . . . . . . . # . . . . . . . . . . . . . . . . . . . . . . . . # . . . . . . . . . . . . . . . . . . . . . . . . # . . . . . . . . . . . . . . . . . . . . . . . . 
. . . . . . . . . . . . * . . . . . . . . . . . . # . . . . . . . . . . . . . . . . . . . . . . . . # . . . . . . . . . . . . . . . . . . . . . . . . # . . . . . . . . . . . . . . . . . . . . . . . . 
. . . . . . . . . . . . * . . . . . . . . . . . . # . . . . . . . . . . . . . . . . . . . . . . . . # . . . . . . . . . . . . . . . . . . . . . . . . # . . . . . . . . . . . . . . . . . . . . . . . . 
. . . . . . . . . . . . * . . . . . . . . . . . . # . . . . . . . . . . . . . . . . . . . . . . . . # . . . . . . . . . . . . . . . . . . . . . . . . # . . . . . . . . . . . . . . . . . . . . . . . . 
. . . . . . . . . . . . * . . . . . . . . . . . . . . . . . . . . . . . . . . . . . . . . . . . . . . . . . . . . . . . . . . . . . . . . . . . . . . . . . . . . . . . . . . . . . . . . . . . . . . . 
. . . . . . . . . . . . * . . . . . . . . . . . . # . . . . . . . . . . . . . . . . . . . . . . . . # . . . . . . . . . . . . . . . . . . . . . . . . # . . . . . . . . . . . . . . . . . . . . . . . . 
. . . . . . . . . . . . * . . . . . . . . . . . . # . . . . . . . . . . . . . . . . . . . . . . . . # . . . . . . . . . . . . . . . . . . . . . . . . # . . . . . . . . . . . . . . . . . . . . . . . . 
. . . . . . . . . . . . * . . . . . . . . . . . . # . . . . . . . . . . . . . . . . . . . . . . . . # . . . . . . . . . . . . . . . . . . . . . . . . # . . . . . . . . . . . . . . . . . . . . . . . . 
. . . . . . . . . . . . * . . . . . . . . . . . . # . . . . . . . . . . . . . . . . . . . . . . . . # . . . . . . . . . . . . . . . . . . . . . . . . # . . . . . . . . . . . . . . . . . . . . . . . . 
. . . . . . . . . . . . * . . . . . . . . . . . . # . . . . . . . . . . . . . . . . . . . . . . . . # . . . . . . . . . . . . . . . . . . . . . . . . # . . . . . . . . . . . . . . . . . . . . . . . . 
. . . . . . . . . . . . * . . . . . . . . . . . . # . . . . . . . . . . . . . . . . . . . . . . . . # . . . . . . . . . . . . . . . . . . . . . . . . # . . . . . . . . . . . . . . . . . . . . . . . . 
. . . . . . . . . . . . * . . . . . . . . . . . . # . . . . . . . . . . . . . . . . . . . . . . . . # . . . . . . . . . . . . . . . . . . . . . . . . # . . . . . . . . . . . . . . . . . . . . . . . . 
. . . . . . . . . . . . * . . . . . . . . . . . . # . . . . . . . . . . . . . . . . . . . . . . . . # . . . . . . . . . . . . . . . . . . . . . . . . # . . . . . . . . . . . . . . . . . . . . . . . . 
. . . . . . . . . . . . * . . . . . . . . . . . . # . . . . . . . . . . . . . . . . . . . . . . . . # . . . . . . . . . . . . . . . . . . . . . . . . # . . . . . . . . . . . . . . . . . . . . . . . . 
. . . . . . . . . . . . * . . . . . . . . . . . . # . . . . . . . . . . . . . . . . . . . . . . . . # . . . . . . . . . . . . . . . . . . . . . . . . # . . . . . . . . . . . . . . . . . . . . . . . . 
. . . . . . . . . . . . * . . . . . . . . . . . . # . . . . . . . . . . . . . . . . . . . . . . . . # . . . . . . . . . . . . . . . . . . . . . . . . # . . . . . . . . . . . . . . . . . . . . . . . . 
. . . . . . . . . . . . * . . . . . . . . . . . . # . . . . . . . . . . . . . . . . . . . . . . . . # . . . . . . . . . . . . . . . . . . . . . . . . # . . . . . . . . . . . . . . . . . . . . . . . . 
# # # # # # # # # # # # * # # # # # # # # # # # # # # # # # # # # # # # # . # # # # # # # # # # # # # # # # # # # # # # # # . # # # # # # # # # # # # # # # # # # # # # # # # . # # # # # # # # # # # # 
. . . . . . . . . . . . * . . . . . . . . . . . . # . . . . . . . . . . . . . . . . . . . . . . . . # . . . . . . . . . . . . . . . . . . . . . . . . # . . . . . . . . . . . . . . . . . . . . . . . . 
. . . . . . . . . . . . * . . . . . . . . . . . . # . . . . . . . . . . . . . . . . . . . . . . . . # . . . . . . . . . . . . . . . . . . . . . . . . # . . . . . . . . . . . . . . . . . . . . . . . . 
. . . . . . . . . . . . * . . . . . . . . . . . . # . . . . . . . . . . . . . . . . . . . . . . . . # . . . . . . . . . . . . . . . . . . . . . . . . # . . . . . . . . . . . . . . . . . . . . . . . . 
. . . . . . . . . . . . * . . . . . . . . . . . . # . . . . . . . . . . . . . . . . . . . . . . . . # . . . . . . . . . . . . . . . . . . . . . . . . # . . . . . . . . . . . . . . . . . . . . . . . . 
. . . . . . . . . . . . * . . . . . . . . . . . . # . . . . . . . . . . . . . . . . . . . . . . . . # . . . . . . . . . . . . . . . . . . . . . . . . # . . . . . . . . . . . . . . . . . . . . . . . . 
. . . . . . . . . . . . * . . . . . . . . . . . . # . . . . . . . . . . . . . . . . . . . . . . . . # . . . . . . . . . . . . . . . . . . . . . . . . # . . . . . . . . . . . . . . . . . . . . . . . . 
. . . . . . . . . . . . * . . . . . . . . . . . . # . . . . . . . . . . . . . . . . . . . . . . . . # . . . . . . . . . . . . . . . . . . . . . . . . # . . . . . . . . . . . . . . . . . . . . . . . . 
. . . . . . . . . . . . * . . . . . . . . . . . . # . . . . . . . . . . . . . . . . . . . . . . . . # . . . . . . . . . . . . . . . . . . . . . . . . # . . . . . . . . . . . . . . . . . . . . . . . . 
. . . . . . . . . . . . * . . . . . . . . . . . . # . . . . . . . . . . . . . . . . . . . . . . . . # . . . . . . . . . . . . . . . . . . . . . . . . # . . . . . . . . . . . . . . . . . . . . . . . . 
. . . . . . . . . . . . * . . . . . . . . . . . . # . . . . . . . . . . . . . . . . . . . . . . . . # . . . . . . . . . . . . . . . . . . . . . . . . # . . . . . . . . . . . . . . . . . . . . . . . . 
. . . . . . . . . . . . * . . . . . . . . . . . . # . . . . . . . . . . . . . . . . . . . . . . . . # . . . . . . . . . . . . . . . . . . . . . . . . # . . . . . . . . . . . . . . . . . . . . . . . . 
. . . . . . . . . . . . * * * * * * * * * * * * * * * * * * * * * * * * * * * * * * * * * * * * * * * * * * * * * * * * * * * * * * * * * * * * * * * * * . . . . . . . . . . . . . . . . . . . . . . . 
. . . . . . . . . . . . . . . . . . . . . . . . . # . . . . . . . . . . . . . . . . . . . . . . . . # . . . . . . . . . . . . . . . . . . . . . . . . # * . . . . . . . . . . . . . . . . . . . . . . . 
. . . . . . . . . . . . . . . . . . . . . . . . . # . . . . . . . . . . . . . . . . . . . . . . . . # . . . . . . . . . . . . . . . . . . . . . . . . # * . . . . . . . . . . . . . . . . . . . . . . . 
. . . . . . . . . . . . . . . . . . . . . . . . . # . . . . . . . . . . . . . . . . . . . . . . . . # . . . . . . . . . . . . . . . . . . . . . . . . # * . . . . . . . . . . . . . . . . . . . . . . . 
. . . . . . . . . . . . . . . . . . . . . . . . . # . . . . . . . . . . . . . . . . . . . . . . . . # . . . . . . . . . . . . . . . . . . . . . . . . # * . . . . . . . . . . . . . . . . . . . . . . . 
. . . . . . . . . . . . . . . . . . . . . . . . . # . . . . . . . . . . . . . . . . . . . . . . . . # . . . . . . . . . . . . . . . . . . . . . . . . # * . . . . . . . . . . . . . . . . . . . . . . . 
. . . . . . . . . . . . . . . . . . . . . . . . . # . . . . . . . . . . . . . . . . . . . . . . . . # . . . . . . . . . . . . . . . . . . . . . . . . # * . . . . . . . . . . . . . . . . . . . . . . . 
. . . . . . . . . . . . . . . . . . . . . . . . . # . . . . . . . . . . . . . . . . . . . . . . . . # . . . . . . . . . . . . . . . . . . . . . . . . # * . . . . . . . . . . . . . . . . . . . . . . . 
. . . . . . . . . . . . . . . . . . . . . . . . . # . . . . . . . . . . . . . . . . . . . . . . . . # . . . . . . . . . . . . . . . . . . . . . . . . # * . . . . . . . . . . . . . . . . . . . . . . . 
. . . . . . . . . . . . . . . . . . . . . . . . . # . . . . . . . . . . . . . . . . . . . . . . . . # . . . . . . . . . . . . . . . . . . . . . . . . # * . . . . . . . . . . . . . . . . . . . . . . . 
. . . . . . . . . . . . . . . . . . . . . . . . . # . . . . . . . . . . . . . . . . . . . . . . . . # . . . . . . . . . . . . . . . . . . . . . . . . # * . . . . . . . . . . . . . . . . . . . . . . . 
. . . . . . . . . . . . . . . . . . . . . . . . . # . . . . . . . . . . . . . . . . . . . . . . . . # . . . . . . . . . . . . . . . . . . . . . . . . # * . . . . . . . . . . . . . . . . . . . . . . . 
. . . . . . . . . . . . . . . . . . . . . . . . . # . . . . . . . . . . . . . . . . . . . . . . . . # . . . . . . . . . . . . . . . . . . . . . . . . # * * * * * * * * * * * * * * * * * * * * * * * G 

--- SEQUENZA COORDINATE DEL PERCORSO (N = 100) ---
(0,0) -> (1,0) -> (2,0) -> (3,0) -> (4,0) -> (5,0) -> (6,0) -> (7,0) -> (8,0) -> (9,0) -> 
(10,0) -> (11,0) -> (12,0) -> (13,0) -> (14,0) -> (15,0) -> (16,0) -> (17,0) -> (18,0) -> (19,0) -> 
(20,0) -> (21,0) -> (22,0) -> (23,0) -> (24,0) -> (24,1) -> (24,2) -> (24,3) -> (24,4) -> (24,5) -> 
(24,6) -> (24,7) -> (24,8) -> (24,9) -> (24,10) -> (24,11) -> (24,12) -> (25,12) -> (26,12) -> (27,12) -> 
(28,12) -> (29,12) -> (30,12) -> (31,12) -> (32,12) -> (33,12) -> (34,12) -> (35,12) -> (36,12) -> (37,12) -> 
(38,12) -> (39,12) -> (40,12) -> (41,12) -> (42,12) -> (43,12) -> (44,12) -> (45,12) -> (46,12) -> (47,12) -> 
(48,12) -> (49,12) -> (50,12) -> (51,12) -> (52,12) -> (53,12) -> (54,12) -> (55,12) -> (56,12) -> (57,12) -> 
(58,12) -> (59,12) -> (60,12) -> (61,12) -> (62,12) -> (63,12) -> (64,12) -> (65,12) -> (66,12) -> (67,12) -> 
(68,12) -> (69,12) -> (70,12) -> (71,12) -> (72,12) -> (73,12) -> (74,12) -> (75,12) -> (76,12) -> (77,12) -> 
(78,12) -> (79,12) -> (80,12) -> (81,12) -> (82,12) -> (83,12) -> (84,12) -> (85,12) -> (86,12) -> (87,12) -> 
(87,13) -> (87,14) -> (87,15) -> (87,16) -> (87,17) -> (87,18) -> (87,19) -> (87,20) -> (87,21) -> (87,22) -> 
(87,23) -> (87,24) -> (87,25) -> (87,26) -> (87,27) -> (87,28) -> (87,29) -> (87,30) -> (87,31) -> (87,32) -> 
(87,33) -> (87,34) -> (87,35) -> (87,36) -> (87,37) -> (87,38) -> (87,39) -> (87,40) -> (87,41) -> (87,42) -> 
(87,43) -> (87,44) -> (87,45) -> (87,46) -> (87,47) -> (87,48) -> (87,49) -> (87,50) -> (87,51) -> (87,52) -> 
(87,53) -> (87,54) -> (87,55) -> (87,56) -> (87,57) -> (87,58) -> (87,59) -> (87,60) -> (87,61) -> (87,62) -> 
(87,63) -> (87,64) -> (87,65) -> (87,66) -> (87,67) -> (87,68) -> (87,69) -> (87,70) -> (87,71) -> (87,72) -> 
(87,73) -> (87,74) -> (87,75) -> (87,76) -> (88,76) -> (89,76) -> (90,76) -> (91,76) -> (92,76) -> (93,76) -> 
(94,76) -> (95,76) -> (96,76) -> (97,76) -> (98,76) -> (99,76) -> (99,77) -> (99,78) -> (99,79) -> (99,80) -> 
(99,81) -> (99,82) -> (99,83) -> (99,84) -> (99,85) -> (99,86) -> (99,87) -> (99,88) -> (99,89) -> (99,90) -> 
(99,91) -> (99,92) -> (99,93) -> (99,94) -> (99,95) -> (99,96) -> (99,97) -> (99,98) -> (99,99)
