========================================================================================
   RISOLUZIONE MDP E CAMMINATA OTTIMA (STANDARD): soluzioni/soluzione_std_grid_8.txt
   Dimensioni Griglia: 80x80 | Start: (0,0) | Goal: (79,79)
========================================================================================

--- MATRICE DEI VALORI V* ('#'=Ostacolo) ---
  -57.00   -56.00   -55.00   -54.00   -53.00   -52.00   -51.00   -50.00   -49.00   -48.00   -47.00   -46.00   -45.00   -44.00   -43.00   -42.00   -41.00   -40.00   -39.00   -38.00   -37.00   -36.00   -35.00   -34.00   -33.00   -32.00   -31.00   -30.00   -29.00   -28.00   -27.00   -26.00   -25.00   -24.00   -23.00   -22.00   -21.00   -20.00   -19.00   -18.00   -17.00   -16.00   -15.00   -14.00   -13.00   -12.00   -11.00   -10.00    -9.00    -8.00    -7.00    -6.00    -5.00    -4.00    -3.00    -2.00    -1.00     0.00     1.00     2.00     3.00     4.00     5.00     6.00     7.00     8.00     9.00    10.00    11.00    12.00    13.00    14.00    15.00    16.00    17.00    18.00    19.00    20.00    21.00    22.00 
  -56.00   -55.00   -54.00   -53.00   -52.00   -51.00   -50.00   -49.00   -48.00   -47.00   -46.00   -45.00   -44.00   -43.00   -42.00   -41.00   -40.00   -39.00   -38.00   -37.00   -36.00   -35.00   -34.00   -33.00   -32.00   -31.00   -30.00   -29.00   -28.00   -27.00   -26.00   -25.00   -24.00   -23.00   -22.00   -21.00   -20.00   -19.00   -18.00   -17.00   -16.00   -15.00   -14.00   -13.00   -12.00   -11.00   -10.00    -9.00    -8.00    -7.00    -6.00    -5.00    -4.00    -3.00    -2.00    -1.00     0.00     1.00     2.00     3.00     4.00     5.00     6.00     7.00     8.00     9.00    10.00    11.00    12.00    13.00    14.00    15.00    16.00    17.00    18.00    19.00    20.00    21.00    22.00    23.00 
  -55.00   -54.00   -53.00   -52.00   -51.00   -50.00   -49.00   -48.00   -47.00   -46.00   -45.00   -44.00   -43.00   -42.00   -41.00   -40.00   -39.00   -38.00   -37.00   -36.00   -35.00   -34.00   -33.00   -32.00   -31.00   -30.00   -29.00   -28.00   -27.00   -26.00   -25.00   -24.00   -23.00   -22.00   -21.00   -20.00   -19.00   -18.00   -17.00   -16.00   -15.00   -14.00   -13.00   -12.00   -11.00   -10.00    -9.00    -8.00    -7.00    -6.00    -5.00    -4.00    -3.00    -2.00    -1.00     0.00     1.00     2.00     3.00     4.00     5.00     6.00     7.00     8.00     9.00    10.00    11.00    12.00    13.00    14.00    15.00    16.00    17.00    18.00    19.00    20.00    21.00    22.00    23.00    24.00 
  -54.00   -53.00   -52.00   -51.00   -50.00   -49.00   -48.00   -47.00   -46.00   -45.00   -44.00   -43.00   -42.00   -41.00   -40.00   -39.00   -38.00   -37.00   -36.00   -35.00   -34.00   -33.00   -32.00   -31.00   -30.00   -29.00   -28.00   -27.00   -26.00   -25.00   -24.00   -23.00   -22.00   -21.00   -20.00   -19.00   -18.00   -17.00   -16.00   -15.00   -14.00   -13.00   -12.00   -11.00   -10.00    -9.00    -8.00    -7.00    -6.00    -5.00    -4.00    -3.00    -2.00    -1.00     0.00     1.00     2.00     3.00     4.00     5.00     6.00     7.00     8.00     9.00    10.00    11.00    12.00    13.00    14.00    15.00    16.00    17.00    18.00    19.00    20.00    21.00    22.00    23.00    24.00    25.00 
  -53.00   -52.00   -51.00   -50.00        #   -50.00   -49.00   -48.00        #   -44.00   -43.00   -42.00        #   -42.00   -41.00   -40.00        #   -36.00   -35.00   -34.00        #   -34.00   -33.00   -32.00        #   -28.00   -27.00   -26.00        #   -26.00   -25.00   -24.00        #   -20.00   -19.00   -18.00        #   -18.00   -17.00   -16.00        #   -12.00   -11.00   -10.00        #   -10.00    -9.00    -8.00        #    -4.00    -3.00    -2.00        #    -2.00    -1.00     0.00        #     4.00     5.00     6.00        #     6.00     7.00     8.00        #    12.00    13.00    14.00        #    14.00    15.00    16.00        #    20.00    21.00    22.00    23.00    24.00    25.00    26.00 
  -52.00   -51.00   -50.00   -49.00        #   -51.00   -50.00   -49.00        #   -43.00   -42.00   -41.00        #   -43.00   -42.00   -41.00        #   -35.00   -34.00   -33.00        #   -35.00   -34.00   -33.00        #   -27.00   -26.00   -25.00        #   -27.00   -26.00   -25.00        #   -19.00   -18.00   -17.00        #   -19.00   -18.00   -17.00        #   -11.00   -10.00    -9.00        #   -11.00   -10.00    -9.00        #    -3.00    -2.00    -1.00        #    -3.00    -2.00    -1.00        #     5.00     6.00     7.00        #     5.00     6.00     7.00        #    13.00    14.00    15.00        #    13.00    14.00    15.00        #    21.00    22.00    23.00    24.00    25.00    26.00    27.00 
  -51.00   -50.00   -49.00   -48.00        #   -52.00   -51.00   -50.00        #   -42.00   -41.00   -40.00        #   -44.00   -43.00   -42.00        #   -34.00   -33.00   -32.00        #   -36.00   -35.00   -34.00        #   -26.00   -25.00   -24.00        #   -28.00   -27.00   -26.00        #   -18.00   -17.00   -16.00        #   -20.00   -19.00   -18.00        #   -10.00    -9.00    -8.00        #   -12.00   -11.00   -10.00        #    -2.00    -1.00     0.00        #    -4.00    -3.00    -2.00        #     6.00     7.00     8.00        #     4.00     5.00     6.00        #    14.00    15.00    16.00        #    12.00    13.00    14.00        #    22.00    23.00    24.00    25.00    26.00    27.00    28.00 
  -50.00   -49.00   -48.00   -47.00        #   -53.00   -52.00   -51.00        #   -41.00   -40.00   -39.00        #   -45.00   -44.00   -43.00        #   -33.00   -32.00   -31.00        #   -37.00   -36.00   -35.00        #   -25.00   -24.00   -23.00        #   -29.00   -28.00   -27.00        #   -17.00   -16.00   -15.00        #   -21.00   -20.00   -19.00        #    -9.00    -8.00    -7.00        #   -13.00   -12.00   -11.00        #    -1.00     0.00     1.00        #    -5.00    -4.00    -3.00        #     7.00     8.00     9.00        #     3.00     4.00     5.00        #    15.00    16.00    17.00        #    11.00    12.00    13.00        #    23.00    24.00    25.00    26.00    27.00    28.00    29.00 
  -49.00   -48.00   -47.00   -46.00        #        #        #        #        #   -40.00   -39.00   -38.00        #        #        #        #        #   -32.00   -31.00   -30.00        #        #        #        #        #   -24.00   -23.00   -22.00        #        #        #        #        #   -16.00   -15.00   -14.00        #        #        #        #        #    -8.00    -7.00    -6.00        #        #        #        #        #     0.00     1.00     2.00        #        #        #        #        #     8.00     9.00    10.00        #        #        #        #        #    16.00    17.00    18.00        #        #        #        #        #    24.00    25.00    26.00    27.00    28.00    29.00    30.00 
  -48.00   -47.00   -46.00   -45.00   -44.00   -43.00   -42.00   -41.00   -40.00   -39.00   -38.00   -37.00   -36.00   -35.00   -34.00   -33.00   -32.00   -31.00   -30.00   -29.00   -28.00   -27.00   -26.00   -25.00   -24.00   -23.00   -22.00   -21.00   -20.00   -19.00   -18.00   -17.00   -16.00   -15.00   -14.00   -13.00   -12.00   -11.00   -10.00    -9.00    -8.00    -7.00    -6.00    -5.00    -4.00    -3.00    -2.00    -1.00     0.00     1.00     2.00     3.00     4.00     5.00     6.00     7.00     8.00     9.00    10.00    11.00    12.00    13.00    14.00    15.00    16.00    17.00    18.00    19.00    20.00    21.00    22.00    23.00    24.00    25.00    26.00    27.00    28.00    29.00    30.00    31.00 
  -47.00   -46.00   -45.00   -44.00   -43.00   -42.00   -41.00   -40.00   -39.00   -38.00   -37.00   -36.00   -35.00   -34.00   -33.00   -32.00   -31.00   -30.00   -29.00   -28.00   -27.00   -26.00   -25.00   -24.00   -23.00   -22.00   -21.00   -20.00   -19.00   -18.00   -17.00   -16.00   -15.00   -14.00   -13.00   -12.00   -11.00   -10.00    -9.00    -8.00    -7.00    -6.00    -5.00    -4.00    -3.00    -2.00    -1.00     0.00     1.00     2.00     3.00     4.00     5.00     6.00     7.00     8.00     9.00    10.00    11.00    12.00    13.00    14.00    15.00    16.00    17.00    18.00    19.00    20.00    21.00    22.00    23.00    24.00    25.00    26.00    27.00    28.00    29.00    30.00    31.00    32.00 
  -46.00   -45.00   -44.00   -43.00   -42.00   -41.00   -40.00   -39.00   -38.00   -37.00   -36.00   -35.00   -34.00   -33.00   -32.00   -31.00   -30.00   -29.00   -28.00   -27.00   -26.00   -25.00   -24.00   -23.00   -22.00   -21.00   -20.00   -19.00   -18.00   -17.00   -16.00   -15.00   -14.00   -13.00   -12.00   -11.00   -10.00    -9.00    -8.00    -7.00    -6.00    -5.00    -4.00    -3.00    -2.00    -1.00     0.00     1.00     2.00     3.00     4.00     5.00     6.00     7.00     8.00     9.00    10.00    11.00    12.00    13.00    14.00    15.00    16.00    17.00    18.00    19.00    20.00    21.00    22.00    23.00    24.00    25.00    26.00    27.00    28.00    29.00    30.00    31.00    32.00    33.00 
  -45.00   -44.00   -43.00   -42.00        #   -42.00   -41.00   -40.00        #   -36.00   -35.00   -34.00        #   -34.00   -33.00   -32.00        #   -28.00   -27.00   -26.00        #   -26.00   -25.00   -24.00        #   -20.00   -19.00   -18.00        #   -18.00   -17.00   -16.00        #   -12.00   -11.00   -10.00        #   -10.00    -9.00    -8.00        #    -4.00    -3.00    -2.00        #    -2.00    -1.00     0.00        #     4.00     5.00     6.00        #     6.00     7.00     8.00        #    12.00    13.00    14.00        #    14.00    15.00    16.00        #    20.00    21.00    22.00        #    22.00    23.00    24.00        #    28.00    29.00    30.00    31.00    32.00    33.00    34.00 
  -44.00   -43.00   -42.00   -41.00        #   -43.00   -42.00   -41.00        #   -35.00   -34.00   -33.00        #   -35.00   -34.00   -33.00        #   -27.00   -26.00   -25.00        #   -27.00   -26.00   -25.00        #   -19.00   -18.00   -17.00        #   -19.00   -18.00   -17.00        #   -11.00   -10.00    -9.00        #   -11.00   -10.00    -9.00        #    -3.00    -2.00    -1.00        #    -3.00    -2.00    -1.00        #     5.00     6.00     7.00        #     5.00     6.00     7.00        #    13.00    14.00    15.00        #    13.00    14.00    15.00        #    21.00    22.00    23.00        #    21.00    22.00    23.00        #    29.00    30.00    31.00    32.00    33.00    34.00    35.00 
  -43.00   -42.00   -41.00   -40.00        #   -44.00   -43.00   -42.00        #   -34.00   -33.00   -32.00        #   -36.00   -35.00   -34.00        #   -26.00   -25.00   -24.00        #   -28.00   -27.00   -26.00        #   -18.00   -17.00   -16.00        #   -20.00   -19.00   -18.00        #   -10.00    -9.00    -8.00        #   -12.00   -11.00   -10.00        #    -2.00    -1.00     0.00        #    -4.00    -3.00    -2.00        #     6.00     7.00     8.00        #     4.00     5.00     6.00        #    14.00    15.00    16.00        #    12.00    13.00    14.00        #    22.00    23.00    24.00        #    20.00    21.00    22.00        #    30.00    31.00    32.00    33.00    34.00    35.00    36.00 
  -42.00   -41.00   -40.00   -39.00        #   -45.00   -44.00   -43.00        #   -33.00   -32.00   -31.00        #   -37.00   -36.00   -35.00        #   -25.00   -24.00   -23.00        #   -29.00   -28.00   -27.00        #   -17.00   -16.00   -15.00        #   -21.00   -20.00   -19.00        #    -9.00    -8.00    -7.00        #   -13.00   -12.00   -11.00        #    -1.00     0.00     1.00        #    -5.00    -4.00    -3.00        #     7.00     8.00     9.00        #     3.00     4.00     5.00        #    15.00    16.00    17.00        #    11.00    12.00    13.00        #    23.00    24.00    25.00        #    19.00    20.00    21.00        #    31.00    32.00    33.00    34.00    35.00    36.00    37.00 
  -41.00   -40.00   -39.00   -38.00        #        #        #        #        #   -32.00   -31.00   -30.00        #        #        #        #        #   -24.00   -23.00   -22.00        #        #        #        #        #   -16.00   -15.00   -14.00        #        #        #        #        #    -8.00    -7.00    -6.00        #        #        #        #        #     0.00     1.00     2.00        #        #        #        #        #     8.00     9.00    10.00        #        #        #        #        #    16.00    17.00    18.00        #        #        #        #        #    24.00    25.00    26.00        #        #        #        #        #    32.00    33.00    34.00    35.00    36.00    37.00    38.00 
  -40.00   -39.00   -38.00   -37.00   -36.00   -35.00   -34.00   -33.00   -32.00   -31.00   -30.00   -29.00   -28.00   -27.00   -26.00   -25.00   -24.00   -23.00   -22.00   -21.00   -20.00   -19.00   -18.00   -17.00   -16.00   -15.00   -14.00   -13.00   -12.00   -11.00   -10.00    -9.00    -8.00    -7.00    -6.00    -5.00    -4.00    -3.00    -2.00    -1.00     0.00     1.00     2.00     3.00     4.00     5.00     6.00     7.00     8.00     9.00    10.00    11.00    12.00    13.00    14.00    15.00    16.00    17.00    18.00    19.00    20.00    21.00    22.00    23.00    24.00    25.00    26.00    27.00    28.00    29.00    30.00    31.00    32.00    33.00    34.00    35.00    36.00    37.00    38.00    39.00 
  -39.00   -38.00   -37.00   -36.00   -35.00   -34.00   -33.00   -32.00   -31.00   -30.00   -29.00   -28.00   -27.00   -26.00   -25.00   -24.00   -23.00   -22.00   -21.00   -20.00   -19.00   -18.00   -17.00   -16.00   -15.00   -14.00   -13.00   -12.00   -11.00   -10.00    -9.00    -8.00    -7.00    -6.00    -5.00    -4.00    -3.00    -2.00    -1.00     0.00     1.00     2.00     3.00     4.00     5.00     6.00     7.00     8.00     9.00    10.00    11.00    12.00    13.00    14.00    15.00    16.00    17.00    18.00    19.00    20.00    21.00    22.00    23.00    24.00    25.00    26.00    27.00    28.00    29.00    30.00    31.00    32.00    33.00    34.00    35.00    36.00    37.00    38.00    39.00    40.00 
  -38.00   -37.00   -36.00   -35.00   -34.00   -33.00   -32.00   -31.00   -30.00   -29.00   -28.00   -27.00   -26.00   -25.00   -24.00   -23.00   -22.00   -21.00   -20.00   -19.00   -18.00   -17.00   -16.00   -15.00   -14.00   -13.00   -12.00   -11.00   -10.00    -9.00    -8.00    -7.00    -6.00    -5.00    -4.00    -3.00    -2.00    -1.00     0.00     1.00     2.00     3.00     4.00     5.00     6.00     7.00     8.00     9.00    10.00    11.00    12.00    13.00    14.00    15.00    16.00    17.00    18.00    19.00    20.00    21.00    22.00    23.00    24.00    25.00    26.00    27.00    28.00    29.00    30.00    31.00    32.00    33.00    34.00    35.00    36.00    37.00    38.00    39.00    40.00    41.00 
  -37.00   -36.00   -35.00   -34.00        #   -34.00   -33.00   -32.00        #   -28.00   -27.00   -26.00        #   -26.00   -25.00   -24.00        #   -20.00   -19.00   -18.00        #   -18.00   -17.00   -16.00        #   -12.00   -11.00   -10.00        #   -10.00    -9.00    -8.00        #    -4.00    -3.00    -2.00        #    -2.00    -1.00     0.00        #     4.00     5.00     6.00        #     6.00     7.00     8.00        #    12.00    13.00    14.00        #    14.00    15.00    16.00        #    20.00    21.00    22.00        #    22.00    23.00    24.00        #    28.00    29.00    30.00        #    30.00    31.00    32.00        #    36.00    37.00    38.00    39.00    40.00    41.00    42.00 
  -36.00   -35.00   -34.00   -33.00        #   -35.00   -34.00   -33.00        #   -27.00   -26.00   -25.00        #   -27.00   -26.00   -25.00        #   -19.00   -18.00   -17.00        #   -19.00   -18.00   -17.00        #   -11.00   -10.00    -9.00        #   -11.00   -10.00    -9.00        #    -3.00    -2.00    -1.00        #    -3.00    -2.00    -1.00        #     5.00     6.00     7.00        #     5.00     6.00     7.00        #    13.00    14.00    15.00        #    13.00    14.00    15.00        #    21.00    22.00    23.00        #    21.00    22.00    23.00        #    29.00    30.00    31.00        #    29.00    30.00    31.00        #    37.00    38.00    39.00    40.00    41.00    42.00    43.00 
  -35.00   -34.00   -33.00   -32.00        #   -36.00   -35.00   -34.00        #   -26.00   -25.00   -24.00        #   -28.00   -27.00   -26.00        #   -18.00   -17.00   -16.00        #   -20.00   -19.00   -18.00        #   -10.00    -9.00    -8.00        #   -12.00   -11.00   -10.00        #    -2.00    -1.00     0.00        #    -4.00    -3.00    -2.00        #     6.00     7.00     8.00        #     4.00     5.00     6.00        #    14.00    15.00    16.00        #    12.00    13.00    14.00        #    22.00    23.00    24.00        #    20.00    21.00    22.00        #    30.00    31.00    32.00        #    28.00    29.00    30.00        #    38.00    39.00    40.00    41.00    42.00    43.00    44.00 
  -34.00   -33.00   -32.00   -31.00        #   -37.00   -36.00   -35.00        #   -25.00   -24.00   -23.00        #   -29.00   -28.00   -27.00        #   -17.00   -16.00   -15.00        #   -21.00   -20.00   -19.00        #    -9.00    -8.00    -7.00        #   -13.00   -12.00   -11.00        #    -1.00     0.00     1.00        #    -5.00    -4.00    -3.00        #     7.00     8.00     9.00        #     3.00     4.00     5.00        #    15.00    16.00    17.00        #    11.00    12.00    13.00        #    23.00    24.00    25.00        #    19.00    20.00    21.00        #    31.00    32.00    33.00        #    27.00    28.00    29.00        #    39.00    40.00    41.00    42.00    43.00    44.00    45.00 
  -33.00   -32.00   -31.00   -30.00        #        #        #        #        #   -24.00   -23.00   -22.00        #        #        #        #        #   -16.00   -15.00   -14.00        #        #        #        #        #    -8.00    -7.00    -6.00        #        #        #        #        #     0.00     1.00     2.00        #        #        #        #        #     8.00     9.00    10.00        #        #        #        #        #    16.00    17.00    18.00        #        #        #        #        #    24.00    25.00    26.00        #        #        #        #        #    32.00    33.00    34.00        #        #        #        #        #    40.00    41.00    42.00    43.00    44.00    45.00    46.00 
  -32.00   -31.00   -30.00   -29.00   -28.00   -27.00   -26.00   -25.00   -24.00   -23.00   -22.00   -21.00   -20.00   -19.00   -18.00   -17.00   -16.00   -15.00   -14.00   -13.00   -12.00   -11.00   -10.00    -9.00    -8.00    -7.00    -6.00    -5.00    -4.00    -3.00    -2.00    -1.00     0.00     1.00     2.00     3.00     4.00     5.00     6.00     7.00     8.00     9.00    10.00    11.00    12.00    13.00    14.00    15.00    16.00    17.00    18.00    19.00    20.00    21.00    22.00    23.00    24.00    25.00    26.00    27.00    28.00    29.00    30.00    31.00    32.00    33.00    34.00    35.00    36.00    37.00    38.00    39.00    40.00    41.00    42.00    43.00    44.00    45.00    46.00    47.00 
  -31.00   -30.00   -29.00   -28.00   -27.00   -26.00   -25.00   -24.00   -23.00   -22.00   -21.00   -20.00   -19.00   -18.00   -17.00   -16.00   -15.00   -14.00   -13.00   -12.00   -11.00   -10.00    -9.00    -8.00    -7.00    -6.00    -5.00    -4.00    -3.00    -2.00    -1.00     0.00     1.00     2.00     3.00     4.00     5.00     6.00     7.00     8.00     9.00    10.00    11.00    12.00    13.00    14.00    15.00    16.00    17.00    18.00    19.00    20.00    21.00    22.00    23.00    24.00    25.00    26.00    27.00    28.00    29.00    30.00    31.00    32.00    33.00    34.00    35.00    36.00    37.00    38.00    39.00    40.00    41.00    42.00    43.00    44.00    45.00    46.00    47.00    48.00 
  -30.00   -29.00   -28.00   -27.00   -26.00   -25.00   -24.00   -23.00   -22.00   -21.00   -20.00   -19.00   -18.00   -17.00   -16.00   -15.00   -14.00   -13.00   -12.00   -11.00   -10.00    -9.00    -8.00    -7.00    -6.00    -5.00    -4.00    -3.00    -2.00    -1.00     0.00     1.00     2.00     3.00     4.00     5.00     6.00     7.00     8.00     9.00    10.00    11.00    12.00    13.00    14.00    15.00    16.00    17.00    18.00    19.00    20.00    21.00    22.00    23.00    24.00    25.00    26.00    27.00    28.00    29.00    30.00    31.00    32.00    33.00    34.00    35.00    36.00    37.00    38.00    39.00    40.00    41.00    42.00    43.00    44.00    45.00    46.00    47.00    48.00    49.00 
  -29.00   -28.00   -27.00   -26.00        #   -26.00   -25.00   -24.00        #   -20.00   -19.00   -18.00        #   -18.00   -17.00   -16.00        #   -12.00   -11.00   -10.00        #   -10.00    -9.00    -8.00        #    -4.00    -3.00    -2.00        #    -2.00    -1.00     0.00        #     4.00     5.00     6.00        #     6.00     7.00     8.00        #    12.00    13.00    14.00        #    14.00    15.00    16.00        #    20.00    21.00    22.00        #    22.00    23.00    24.00        #    28.00    29.00    30.00        #    30.00    31.00    32.00        #    36.00    37.00    38.00        #    38.00    39.00    40.00        #    44.00    45.00    46.00    47.00    48.00    49.00    50.00 
  -28.00   -27.00   -26.00   -25.00        #   -27.00   -26.00   -25.00        #   -19.00   -18.00   -17.00        #   -19.00   -18.00   -17.00        #   -11.00   -10.00    -9.00        #   -11.00   -10.00    -9.00        #    -3.00    -2.00    -1.00        #    -3.00    -2.00    -1.00        #     5.00     6.00     7.00        #     5.00     6.00     7.00        #    13.00    14.00    15.00        #    13.00    14.00    15.00        #    21.00    22.00    23.00        #    21.00    22.00    23.00        #    29.00    30.00    31.00        #    29.00    30.00    31.00        #    37.00    38.00    39.00        #    37.00    38.00    39.00        #    45.00    46.00    47.00    48.00    49.00    50.00    51.00 
  -27.00   -26.00   -25.00   -24.00        #   -28.00   -27.00   -26.00        #   -18.00   -17.00   -16.00        #   -20.00   -19.00   -18.00        #   -10.00    -9.00    -8.00        #   -12.00   -11.00   -10.00        #    -2.00    -1.00     0.00        #    -4.00    -3.00    -2.00        #     6.00     7.00     8.00        #     4.00     5.00     6.00        #    14.00    15.00    16.00        #    12.00    13.00    14.00        #    22.00    23.00    24.00        #    20.00    21.00    22.00        #    30.00    31.00    32.00        #    28.00    29.00    30.00        #    38.00    39.00    40.00        #    36.00    37.00    38.00        #    46.00    47.00    48.00    49.00    50.00    51.00    52.00 
  -26.00   -25.00   -24.00   -23.00        #   -29.00   -28.00   -27.00        #   -17.00   -16.00   -15.00        #   -21.00   -20.00   -19.00        #    -9.00    -8.00    -7.00        #   -13.00   -12.00   -11.00        #    -1.00     0.00     1.00        #    -5.00    -4.00    -3.00        #     7.00     8.00     9.00        #     3.00     4.00     5.00        #    15.00    16.00    17.00        #    11.00    12.00    13.00        #    23.00    24.00    25.00        #    19.00    20.00    21.00        #    31.00    32.00    33.00        #    27.00    28.00    29.00        #    39.00    40.00    41.00        #    35.00    36.00    37.00        #    47.00    48.00    49.00    50.00    51.00    52.00    53.00 
  -25.00   -24.00   -23.00   -22.00        #        #        #        #        #   -16.00   -15.00   -14.00        #        #        #        #        #    -8.00    -7.00    -6.00        #        #        #        #        #     0.00     1.00     2.00        #        #        #        #        #     8.00     9.00    10.00        #        #        #        #        #    16.00    17.00    18.00        #        #        #        #        #    24.00    25.00    26.00        #        #        #        #        #    32.00    33.00    34.00        #        #        #        #        #    40.00    41.00    42.00        #        #        #        #        #    48.00    49.00    50.00    51.00    52.00    53.00    54.00 
  -24.00   -23.00   -22.00   -21.00   -20.00   -19.00   -18.00   -17.00   -16.00   -15.00   -14.00   -13.00   -12.00   -11.00   -10.00    -9.00    -8.00    -7.00    -6.00    -5.00    -4.00    -3.00    -2.00    -1.00     0.00     1.00     2.00     3.00     4.00     5.00     6.00     7.00     8.00     9.00    10.00    11.00    12.00    13.00    14.00    15.00    16.00    17.00    18.00    19.00    20.00    21.00    22.00    23.00    24.00    25.00    26.00    27.00    28.00    29.00    30.00    31.00    32.00    33.00    34.00    35.00    36.00    37.00    38.00    39.00    40.00    41.00    42.00    43.00    44.00    45.00    46.00    47.00    48.00    49.00    50.00    51.00    52.00    53.00    54.00    55.00 
  -23.00   -22.00   -21.00   -20.00   -19.00   -18.00   -17.00   -16.00   -15.00   -14.00   -13.00   -12.00   -11.00   -10.00    -9.00    -8.00    -7.00    -6.00    -5.00    -4.00    -3.00    -2.00    -1.00     0.00     1.00     2.00     3.00     4.00     5.00     6.00     7.00     8.00     9.00    10.00    11.00    12.00    13.00    14.00    15.00    16.00    17.00    18.00    19.00    20.00    21.00    22.00    23.00    24.00    25.00    26.00    27.00    28.00    29.00    30.00    31.00    32.00    33.00    34.00    35.00    36.00    37.00    38.00    39.00    40.00    41.00    42.00    43.00    44.00    45.00    46.00    47.00    48.00    49.00    50.00    51.00    52.00    53.00    54.00    55.00    56.00 
  -22.00   -21.00   -20.00   -19.00   -18.00   -17.00   -16.00   -15.00   -14.00   -13.00   -12.00   -11.00   -10.00    -9.00    -8.00    -7.00    -6.00    -5.00    -4.00    -3.00    -2.00    -1.00     0.00     1.00     2.00     3.00     4.00     5.00     6.00     7.00     8.00     9.00    10.00    11.00    12.00    13.00    14.00    15.00    16.00    17.00    18.00    19.00    20.00    21.00    22.00    23.00    24.00    25.00    26.00    27.00    28.00    29.00    30.00    31.00    32.00    33.00    34.00    35.00    36.00    37.00    38.00    39.00    40.00    41.00    42.00    43.00    44.00    45.00    46.00    47.00    48.00    49.00    50.00    51.00    52.00    53.00    54.00    55.00    56.00    57.00 
  -21.00   -20.00   -19.00   -18.00        #   -18.00   -17.00   -16.00        #   -12.00   -11.00   -10.00        #   -10.00    -9.00    -8.00        #    -4.00    -3.00    -2.00        #    -2.00    -1.00     0.00        #     4.00     5.00     6.00        #     6.00     7.00     8.00        #    12.00    13.00    14.00        #    14.00    15.00    16.00        #    20.00    21.00    22.00        #    22.00    23.00    24.00        #    28.00    29.00    30.00        #    30.00    31.00    32.00        #    36.00    37.00    38.00        #    38.00    39.00    40.00        #    44.00    45.00    46.00        #    46.00    47.00    48.00        #    52.00    53.00    54.00    55.00    56.00    57.00    58.00 
  -20.00   -19.00   -18.00   -17.00        #   -19.00   -18.00   -17.00        #   -11.00   -10.00    -9.00        #   -11.00   -10.00    -9.00        #    -3.00    -2.00    -1.00        #    -3.00    -2.00    -1.00        #     5.00     6.00     7.00        #     5.00     6.00     7.00        #    13.00    14.00    15.00        #    13.00    14.00    15.00        #    21.00    22.00    23.00        #    21.00    22.00    23.00        #    29.00    30.00    31.00        #    29.00    30.00    31.00        #    37.00    38.00    39.00        #    37.00    38.00    39.00        #    45.00    46.00    47.00        #    45.00    46.00    47.00        #    53.00    54.00    55.00    56.00    57.00    58.00    59.00 
  -19.00   -18.00   -17.00   -16.00        #   -20.00   -19.00   -18.00        #   -10.00    -9.00    -8.00        #   -12.00   -11.00   -10.00        #    -2.00    -1.00     0.00        #    -4.00    -3.00    -2.00        #     6.00     7.00     8.00        #     4.00     5.00     6.00        #    14.00    15.00    16.00        #    12.00    13.00    14.00        #    22.00    23.00    24.00        #    20.00    21.00    22.00        #    30.00    31.00    32.00        #    28.00    29.00    30.00        #    38.00    39.00    40.00        #    36.00    37.00    38.00        #    46.00    47.00    48.00        #    44.00    45.00    46.00        #    54.00    55.00    56.00    57.00    58.00    59.00    60.00 
  -18.00   -17.00   -16.00   -15.00        #   -21.00   -20.00   -19.00        #    -9.00    -8.00    -7.00        #   -13.00   -12.00   -11.00        #    -1.00     0.00     1.00        #    -5.00    -4.00    -3.00        #     7.00     8.00     9.00        #     3.00     4.00     5.00        #    15.00    16.00    17.00        #    11.00    12.00    13.00        #    23.00    24.00    25.00        #    19.00    20.00    21.00        #    31.00    32.00    33.00        #    27.00    28.00    29.00        #    39.00    40.00    41.00        #    35.00    36.00    37.00        #    47.00    48.00    49.00        #    43.00    44.00    45.00        #    55.00    56.00    57.00    58.00    59.00    60.00    61.00 
  -17.00   -16.00   -15.00   -14.00        #        #        #        #        #    -8.00    -7.00    -6.00        #        #        #        #        #     0.00     1.00     2.00        #        #        #        #        #     8.00     9.00    10.00        #        #        #        #        #    16.00    17.00    18.00        #        #        #        #        #    24.00    25.00    26.00        #        #        #        #        #    32.00    33.00    34.00        #        #        #        #        #    40.00    41.00    42.00        #        #        #        #        #    48.00    49.00    50.00        #        #        #        #        #    56.00    57.00    58.00    59.00    60.00    61.00    62.00 
  -16.00   -15.00   -14.00   -13.00   -12.00   -11.00   -10.00    -9.00    -8.00    -7.00    -6.00    -5.00    -4.00    -3.00    -2.00    -1.00     0.00     1.00     2.00     3.00     4.00     5.00     6.00     7.00     8.00     9.00    10.00    11.00    12.00    13.00    14.00    15.00    16.00    17.00    18.00    19.00    20.00    21.00    22.00    23.00    24.00    25.00    26.00    27.00    28.00    29.00    30.00    31.00    32.00    33.00    34.00    35.00    36.00    37.00    38.00    39.00    40.00    41.00    42.00    43.00    44.00    45.00    46.00    47.00    48.00    49.00    50.00    51.00    52.00    53.00    54.00    55.00    56.00    57.00    58.00    59.00    60.00    61.00    62.00    63.00 
  -15.00   -14.00   -13.00   -12.00   -11.00   -10.00    -9.00    -8.00    -7.00    -6.00    -5.00    -4.00    -3.00    -2.00    -1.00     0.00     1.00     2.00     3.00     4.00     5.00     6.00     7.00     8.00     9.00    10.00    11.00    12.00    13.00    14.00    15.00    16.00    17.00    18.00    19.00    20.00    21.00    22.00    23.00    24.00    25.00    26.00    27.00    28.00    29.00    30.00    31.00    32.00    33.00    34.00    35.00    36.00    37.00    38.00    39.00    40.00    41.00    42.00    43.00    44.00    45.00    46.00    47.00    48.00    49.00    50.00    51.00    52.00    53.00    54.00    55.00    56.00    57.00    58.00    59.00    60.00    61.00    62.00    63.00    64.00 
  -14.00   -13.00   -12.00   -11.00   -10.00    -9.00    -8.00    -7.00    -6.00    -5.00    -4.00    -3.00    -2.00    -1.00     0.00     1.00     2.00     3.00     4.00     5.00     6.00     7.00     8.00     9.00    10.00    11.00    12.00    13.00    14.00    15.00    16.00    17.00    18.00    19.00    20.00    21.00    22.00    23.00    24.00    25.00    26.00    27.00    28.00    29.00    30.00    31.00    32.00    33.00    34.00    35.00    36.00    37.00    38.00    39.00    40.00    41.00    42.00    43.00    44.00    45.00    46.00    47.00    48.00    49.00    50.00    51.00    52.00    53.00    54.00    55.00    56.00    57.00    58.00    59.00    60.00    61.00    62.00    63.00    64.00    65.00 
  -13.00   -12.00   -11.00   -10.00        #   -10.00    -9.00    -8.00        #    -4.00    -3.00    -2.00        #    -2.00    -1.00     0.00        #     4.00     5.00     6.00        #     6.00     7.00     8.00        #    12.00    13.00    14.00        #    14.00    15.00    16.00        #    20.00    21.00    22.00        #    22.00    23.00    24.00        #    28.00    29.00    30.00        #    30.00    31.00    32.00        #    36.00    37.00    38.00        #    38.00    39.00    40.00        #    44.00    45.00    46.00        #    46.00    47.00    48.00        #    52.00    53.00    54.00        #    54.00    55.00    56.00        #    60.00    61.00    62.00    63.00    64.00    65.00    66.00 
  -12.00   -11.00   -10.00    -9.00        #   -11.00   -10.00    -9.00        #    -3.00    -2.00    -1.00        #    -3.00    -2.00    -1.00        #     5.00     6.00     7.00        #     5.00     6.00     7.00        #    13.00    14.00    15.00        #    13.00    14.00    15.00        #    21.00    22.00    23.00        #    21.00    22.00    23.00        #    29.00    30.00    31.00        #    29.00    30.00    31.00        #    37.00    38.00    39.00        #    37.00    38.00    39.00        #    45.00    46.00    47.00        #    45.00    46.00    47.00        #    53.00    54.00    55.00        #    53.00    54.00    55.00        #    61.00    62.00    63.00    64.00    65.00    66.00    67.00 
  -11.00   -10.00    -9.00    -8.00        #   -12.00   -11.00   -10.00        #    -2.00    -1.00     0.00        #    -4.00    -3.00    -2.00        #     6.00     7.00     8.00        #     4.00     5.00     6.00        #    14.00    15.00    16.00        #    12.00    13.00    14.00        #    22.00    23.00    24.00        #    20.00    21.00    22.00        #    30.00    31.00    32.00        #    28.00    29.00    30.00        #    38.00    39.00    40.00        #    36.00    37.00    38.00        #    46.00    47.00    48.00        #    44.00    45.00    46.00        #    54.00    55.00    56.00        #    52.00    53.00    54.00        #    62.00    63.00    64.00    65.00    66.00    67.00    68.00 
  -10.00    -9.00    -8.00    -7.00        #   -13.00   -12.00   -11.00        #    -1.00     0.00     1.00        #    -5.00    -4.00    -3.00        #     7.00     8.00     9.00        #     3.00     4.00     5.00        #    15.00    16.00    17.00        #    11.00    12.00    13.00        #    23.00    24.00    25.00        #    19.00    20.00    21.00        #    31.00    32.00    33.00        #    27.00    28.00    29.00        #    39.00    40.00    41.00        #    35.00    36.00    37.00        #    47.00    48.00    49.00        #    43.00    44.00    45.00        #    55.00    56.00    57.00        #    51.00    52.00    53.00        #    63.00    64.00    65.00    66.00    67.00    68.00    69.00 
   -9.00    -8.00    -7.00    -6.00        #        #        #        #        #     0.00     1.00     2.00        #        #        #        #        #     8.00     9.00    10.00        #        #        #        #        #    16.00    17.00    18.00        #        #        #        #        #    24.00    25.00    26.00        #        #        #        #        #    32.00    33.00    34.00        #        #        #        #        #    40.00    41.00    42.00        #        #        #        #        #    48.00    49.00    50.00        #        #        #        #        #    56.00    57.00    58.00        #        #        #        #        #    64.00    65.00    66.00    67.00    68.00    69.00    70.00 
   -8.00    -7.00    -6.00    -5.00    -4.00    -3.00    -2.00    -1.00     0.00     1.00     2.00     3.00     4.00     5.00     6.00     7.00     8.00     9.00    10.00    11.00    12.00    13.00    14.00    15.00    16.00    17.00    18.00    19.00    20.00    21.00    22.00    23.00    24.00    25.00    26.00    27.00    28.00    29.00    30.00    31.00    32.00    33.00    34.00    35.00    36.00    37.00    38.00    39.00    40.00    41.00    42.00    43.00    44.00    45.00    46.00    47.00    48.00    49.00    50.00    51.00    52.00    53.00    54.00    55.00    56.00    57.00    58.00    59.00    60.00    61.00    62.00    63.00    64.00    65.00    66.00    67.00    68.00    69.00    70.00    71.00 
   -7.00    -6.00    -5.00    -4.00    -3.00    -2.00    -1.00     0.00     1.00     2.00     3.00     4.00     5.00     6.00     7.00     8.00     9.00    10.00    11.00    12.00    13.00    14.00    15.00    16.00    17.00    18.00    19.00    20.00    21.00    22.00    23.00    24.00    25.00    26.00    27.00    28.00    29.00    30.00    31.00    32.00    33.00    34.00    35.00    36.00    37.00    38.00    39.00    40.00    41.00    42.00    43.00    44.00    45.00    46.00    47.00    48.00    49.00    50.00    51.00    52.00    53.00    54.00    55.00    56.00    57.00    58.00    59.00    60.00    61.00    62.00    63.00    64.00    65.00    66.00    67.00    68.00    69.00    70.00    71.00    72.00 
   -6.00    -5.00    -4.00    -3.00    -2.00    -1.00     0.00     1.00     2.00     3.00     4.00     5.00     6.00     7.00     8.00     9.00    10.00    11.00    12.00    13.00    14.00    15.00    16.00    17.00    18.00    19.00    20.00    21.00    22.00    23.00    24.00    25.00    26.00    27.00    28.00    29.00    30.00    31.00    32.00    33.00    34.00    35.00    36.00    37.00    38.00    39.00    40.00    41.00    42.00    43.00    44.00    45.00    46.00    47.00    48.00    49.00    50.00    51.00    52.00    53.00    54.00    55.00    56.00    57.00    58.00    59.00    60.00    61.00    62.00    63.00    64.00    65.00    66.00    67.00    68.00    69.00    70.00    71.00    72.00    73.00 
   -5.00    -4.00    -3.00    -2.00        #    -2.00    -1.00     0.00        #     4.00     5.00     6.00        #     6.00     7.00     8.00        #    12.00    13.00    14.00        #    14.00    15.00    16.00        #    20.00    21.00    22.00        #    22.00    23.00    24.00        #    28.00    29.00    30.00        #    30.00    31.00    32.00        #    36.00    37.00    38.00        #    38.00    39.00    40.00        #    44.00    45.00    46.00        #    46.00    47.00    48.00        #    52.00    53.00    54.00        #    54.00    55.00    56.00        #    60.00    61.00    62.00        #    62.00    63.00    64.00        #    68.00    69.00    70.00    71.00    72.00    73.00    74.00 
   -4.00    -3.00    -2.00    -1.00        #    -3.00    -2.00    -1.00        #     5.00     6.00     7.00        #     5.00     6.00     7.00        #    13.00    14.00    15.00        #    13.00    14.00    15.00        #    21.00    22.00    23.00        #    21.00    22.00    23.00        #    29.00    30.00    31.00        #    29.00    30.00    31.00        #    37.00    38.00    39.00        #    37.00    38.00    39.00        #    45.00    46.00    47.00        #    45.00    46.00    47.00        #    53.00    54.00    55.00        #    53.00    54.00    55.00        #    61.00    62.00    63.00        #    61.00    62.00    63.00        #    69.00    70.00    71.00    72.00    73.00    74.00    75.00 
   -3.00    -2.00    -1.00     0.00        #    -4.00    -3.00    -2.00        #     6.00     7.00     8.00        #     4.00     5.00     6.00        #    14.00    15.00    16.00        #    12.00    13.00    14.00        #    22.00    23.00    24.00        #    20.00    21.00    22.00        #    30.00    31.00    32.00        #    28.00    29.00    30.00        #    38.00    39.00    40.00        #    36.00    37.00    38.00        #    46.00    47.00    48.00        #    44.00    45.00    46.00        #    54.00    55.00    56.00        #    52.00    53.00    54.00        #    62.00    63.00    64.00        #    60.00    61.00    62.00        #    70.00    71.00    72.00    73.00    74.00    75.00    76.00 
   -2.00    -1.00     0.00     1.00        #    -5.00    -4.00    -3.00        #     7.00     8.00     9.00        #     3.00     4.00     5.00        #    15.00    16.00    17.00        #    11.00    12.00    13.00        #    23.00    24.00    25.00        #    19.00    20.00    21.00        #    31.00    32.00    33.00        #    27.00    28.00    29.00        #    39.00    40.00    41.00        #    35.00    36.00    37.00        #    47.00    48.00    49.00        #    43.00    44.00    45.00        #    55.00    56.00    57.00        #    51.00    52.00    53.00        #    63.00    64.00    65.00        #    59.00    60.00    61.00        #    71.00    72.00    73.00    74.00    75.00    76.00    77.00 
   -1.00     0.00     1.00     2.00        #        #        #        #        #     8.00     9.00    10.00        #        #        #        #        #    16.00    17.00    18.00        #        #        #        #        #    24.00    25.00    26.00        #        #        #        #        #    32.00    33.00    34.00        #        #        #        #        #    40.00    41.00    42.00        #        #        #        #        #    48.00    49.00    50.00        #        #        #        #        #    56.00    57.00    58.00        #        #        #        #        #    64.00    65.00    66.00        #        #        #        #        #    72.00    73.00    74.00    75.00    76.00    77.00    78.00 
    0.00     1.00     2.00     3.00     4.00     5.00     6.00     7.00     8.00     9.00    10.00    11.00    12.00    13.00    14.00    15.00    16.00    17.00    18.00    19.00    20.00    21.00    22.00    23.00    24.00    25.00    26.00    27.00    28.00    29.00    30.00    31.00    32.00    33.00    34.00    35.00    36.00    37.00    38.00    39.00    40.00    41.00    42.00    43.00    44.00    45.00    46.00    47.00    48.00    49.00    50.00    51.00    52.00    53.00    54.00    55.00    56.00    57.00    58.00    59.00    60.00    61.00    62.00    63.00    64.00    65.00    66.00    67.00    68.00    69.00    70.00    71.00    72.00    73.00    74.00    75.00    76.00    77.00    78.00    79.00 
    1.00     2.00     3.00     4.00     5.00     6.00     7.00     8.00     9.00    10.00    11.00    12.00    13.00    14.00    15.00    16.00    17.00    18.00    19.00    20.00    21.00    22.00    23.00    24.00    25.00    26.00    27.00    28.00    29.00    30.00    31.00    32.00    33.00    34.00    35.00    36.00    37.00    38.00    39.00    40.00    41.00    42.00    43.00    44.00    45.00    46.00    47.00    48.00    49.00    50.00    51.00    52.00    53.00    54.00    55.00    56.00    57.00    58.00    59.00    60.00    61.00    62.00    63.00    64.00    65.00    66.00    67.00    68.00    69.00    70.00    71.00    72.00    73.00    74.00    75.00    76.00    77.00    78.00    79.00    80.00 
    2.00     3.00     4.00     5.00     6.00     7.00     8.00     9.00    10.00    11.00    12.00    13.00    14.00    15.00    16.00    17.00    18.00    19.00    20.00    21.00    22.00    23.00    24.00    25.00    26.00    27.00    28.00    29.00    30.00    31.00    32.00    33.00    34.00    35.00    36.00    37.00    38.00    39.00    40.00    41.00    42.00    43.00    44.00    45.00    46.00    47.00    48.00    49.00    50.00    51.00    52.00    53.00    54.00    55.00    56.00    57.00    58.00    59.00    60.00    61.00    62.00    63.00    64.00    65.00    66.00    67.00    68.00    69.00    70.00    71.00    72.00    73.00    74.00    75.00    76.00    77.00    78.00    79.00    80.00    81.00 
    3.00     4.00     5.00     6.00        #     6.00     7.00     8.00        #    12.00    13.00    14.00        #    14.00    15.00    16.00        #    20.00    21.00    22.00        #    22.00    23.00    24.00        #    28.00    29.00    30.00        #    30.00    31.00    32.00        #    36.00    37.00    38.00        #    38.00    39.00    40.00        #    44.00    45.00    46.00        #    46.00    47.00    48.00        #    52.00    53.00    54.00        #    54.00    55.00    56.00        #    60.00    61.00    62.00        #    62.00    63.00    64.00        #    68.00    69.00    70.00        #    70.00    71.00    72.00        #    76.00    77.00    78.00    79.00    80.00    81.00    82.00 
    4.00     5.00     6.00     7.00        #     5.00     6.00     7.00        #    13.00    14.00    15.00        #    13.00    14.00    15.00        #    21.00    22.00    23.00        #    21.00    22.00    23.00        #    29.00    30.00    31.00        #    29.00    30.00    31.00        #    37.00    38.00    39.00        #    37.00    38.00    39.00        #    45.00    46.00    47.00        #    45.00    46.00    47.00        #    53.00    54.00    55.00        #    53.00    54.00    55.00        #    61.00    62.00    63.00        #    61.00    62.00    63.00        #    69.00    70.00    71.00        #    69.00    70.00    71.00        #    77.00    78.00    79.00    80.00    81.00    82.00    83.00 
    5.00     6.00     7.00     8.00        #     4.00     5.00     6.00        #    14.00    15.00    16.00        #    12.00    13.00    14.00        #    22.00    23.00    24.00        #    20.00    21.00    22.00        #    30.00    31.00    32.00        #    28.00    29.00    30.00        #    38.00    39.00    40.00        #    36.00    37.00    38.00        #    46.00    47.00    48.00        #    44.00    45.00    46.00        #    54.00    55.00    56.00        #    52.00    53.00    54.00        #    62.00    63.00    64.00        #    60.00    61.00    62.00        #    70.00    71.00    72.00        #    68.00    69.00    70.00        #    78.00    79.00    80.00    81.00    82.00    83.00    84.00 
    6.00     7.00     8.00     9.00        #     3.00     4.00     5.00        #    15.00    16.00    17.00        #    11.00    12.00    13.00        #    23.00    24.00    25.00        #    19.00    20.00    21.00        #    31.00    32.00    33.00        #    27.00    28.00    29.00        #    39.00    40.00    41.00        #    35.00    36.00    37.00        #    47.00    48.00    49.00        #    43.00    44.00    45.00        #    55.00    56.00    57.00        #    51.00    52.00    53.00        #    63.00    64.00    65.00        #    59.00    60.00    61.00        #    71.00    72.00    73.00        #    67.00    68.00    69.00        #    79.00    80.00    81.00    82.00    83.00    84.00    85.00 
    7.00     8.00     9.00    10.00        #        #        #        #        #    16.00    17.00    18.00        #        #        #        #        #    24.00    25.00    26.00        #        #        #        #        #    32.00    33.00    34.00        #        #        #        #        #    40.00    41.00    42.00        #        #        #        #        #    48.00    49.00    50.00        #        #        #        #        #    56.00    57.00    58.00        #        #        #        #        #    64.00    65.00    66.00        #        #        #        #        #    72.00    73.00    74.00        #        #        #        #        #    80.00    81.00    82.00    83.00    84.00    85.00    86.00 
    8.00     9.00    10.00    11.00    12.00    13.00    14.00    15.00    16.00    17.00    18.00    19.00    20.00    21.00    22.00    23.00    24.00    25.00    26.00    27.00    28.00    29.00    30.00    31.00    32.00    33.00    34.00    35.00    36.00    37.00    38.00    39.00    40.00    41.00    42.00    43.00    44.00    45.00    46.00    47.00    48.00    49.00    50.00    51.00    52.00    53.00    54.00    55.00    56.00    57.00    58.00    59.00    60.00    61.00    62.00    63.00    64.00    65.00    66.00    67.00    68.00    69.00    70.00    71.00    72.00    73.00    74.00    75.00    76.00    77.00    78.00    79.00    80.00    81.00    82.00    83.00    84.00    85.00    86.00    87.00 
    9.00    10.00    11.00    12.00    13.00    14.00    15.00    16.00    17.00    18.00    19.00    20.00    21.00    22.00    23.00    24.00    25.00    26.00    27.00    28.00    29.00    30.00    31.00    32.00    33.00    34.00    35.00    36.00    37.00    38.00    39.00    40.00    41.00    42.00    43.00    44.00    45.00    46.00    47.00    48.00    49.00    50.00    51.00    52.00    53.00    54.00    55.00    56.00    57.00    58.00    59.00    60.00    61.00    62.00    63.00    64.00    65.00    66.00    67.00    68.00    69.00    70.00    71.00    72.00    73.00    74.00    75.00    76.00    77.00    78.00    79.00    80.00    81.00    82.00    83.00    84.00    85.00    86.00    87.00    88.00 
   10.00    11.00    12.00    13.00    14.00    15.00    16.00    17.00    18.00    19.00    20.00    21.00    22.00    23.00    24.00    25.00    26.00    27.00    28.00    29.00    30.00    31.00    32.00    33.00    34.00    35.00    36.00    37.00    38.00    39.00    40.00    41.00    42.00    43.00    44.00    45.00    46.00    47.00    48.00    49.00    50.00    51.00    52.00    53.00    54.00    55.00    56.00    57.00    58.00    59.00    60.00    61.00    62.00    63.00    64.00    65.00    66.00    67.00    68.00    69.00    70.00    71.00    72.00    73.00    74.00    75.00    76.00    77.00    78.00    79.00    80.00    81.00    82.00    83.00    84.00    85.00    86.00    87.00    88.00    89.00 
   11.00    12.00    13.00    14.00        #    14.00    15.00    16.00        #    20.00    21.00    22.00        #    22.00    23.00    24.00        #    28.00    29.00    30.00        #    30.00    31.00    32.00        #    36.00    37.00    38.00        #    38.00    39.00    40.00        #    44.00    45.00    46.00        #    46.00    47.00    48.00        #    52.00    53.00    54.00        #    54.00    55.00    56.00        #    60.00    61.00    62.00        #    62.00    63.00    64.00        #    68.00    69.00    70.00        #    70.00    71.00    72.00        #    76.00    77.00    78.00        #    78.00    79.00    80.00        #    84.00    85.00    86.00    87.00    88.00    89.00    90.00 
   12.00    13.00    14.00    15.00        #    13.00    14.00    15.00        #    21.00    22.00    23.00        #    21.00    22.00    23.00        #    29.00    30.00    31.00        #    29.00    30.00    31.00        #    37.00    38.00    39.00        #    37.00    38.00    39.00        #    45.00    46.00    47.00        #    45.00    46.00    47.00        #    53.00    54.00    55.00        #    53.00    54.00    55.00        #    61.00    62.00    63.00        #    61.00    62.00    63.00        #    69.00    70.00    71.00        #    69.00    70.00    71.00        #    77.00    78.00    79.00        #    77.00    78.00    79.00        #    85.00    86.00    87.00    88.00    89.00    90.00    91.00 
   13.00    14.00    15.00    16.00        #    12.00    13.00    14.00        #    22.00    23.00    24.00        #    20.00    21.00    22.00        #    30.00    31.00    32.00        #    28.00    29.00    30.00        #    38.00    39.00    40.00        #    36.00    37.00    38.00        #    46.00    47.00    48.00        #    44.00    45.00    46.00        #    54.00    55.00    56.00        #    52.00    53.00    54.00        #    62.00    63.00    64.00        #    60.00    61.00    62.00        #    70.00    71.00    72.00        #    68.00    69.00    70.00        #    78.00    79.00    80.00        #    76.00    77.00    78.00        #    86.00    87.00    88.00    89.00    90.00    91.00    92.00 
   14.00    15.00    16.00    17.00        #    11.00    12.00    13.00        #    23.00    24.00    25.00        #    19.00    20.00    21.00        #    31.00    32.00    33.00        #    27.00    28.00    29.00        #    39.00    40.00    41.00        #    35.00    36.00    37.00        #    47.00    48.00    49.00        #    43.00    44.00    45.00        #    55.00    56.00    57.00        #    51.00    52.00    53.00        #    63.00    64.00    65.00        #    59.00    60.00    61.00        #    71.00    72.00    73.00        #    67.00    68.00    69.00        #    79.00    80.00    81.00        #    75.00    76.00    77.00        #    87.00    88.00    89.00    90.00    91.00    92.00    93.00 
   15.00    16.00    17.00    18.00        #        #        #        #        #    24.00    25.00    26.00        #        #        #        #        #    32.00    33.00    34.00        #        #        #        #        #    40.00    41.00    42.00        #        #        #        #        #    48.00    49.00    50.00        #        #        #        #        #    56.00    57.00    58.00        #        #        #        #        #    64.00    65.00    66.00        #        #        #        #        #    72.00    73.00    74.00        #        #        #        #        #    80.00    81.00    82.00        #        #        #        #        #    88.00    89.00    90.00    91.00    92.00    93.00    94.00 
   16.00    17.00    18.00    19.00    20.00    21.00    22.00    23.00    24.00    25.00    26.00    27.00    28.00    29.00    30.00    31.00    32.00    33.00    34.00    35.00    36.00    37.00    38.00    39.00    40.00    41.00    42.00    43.00    44.00    45.00    46.00    47.00    48.00    49.00    50.00    51.00    52.00    53.00    54.00    55.00    56.00    57.00    58.00    59.00    60.00    61.00    62.00    63.00    64.00    65.00    66.00    67.00    68.00    69.00    70.00    71.00    72.00    73.00    74.00    75.00    76.00    77.00    78.00    79.00    80.00    81.00    82.00    83.00    84.00    85.00    86.00    87.00    88.00    89.00    90.00    91.00    92.00    93.00    94.00    95.00 
   17.00    18.00    19.00    20.00    21.00    22.00    23.00    24.00    25.00    26.00    27.00    28.00    29.00    30.00    31.00    32.00    33.00    34.00    35.00    36.00    37.00    38.00    39.00    40.00    41.00    42.00    43.00    44.00    45.00    46.00    47.00    48.00    49.00    50.00    51.00    52.00    53.00    54.00    55.00    56.00    57.00    58.00    59.00    60.00    61.00    62.00    63.00    64.00    65.00    66.00    67.00    68.00    69.00    70.00    71.00    72.00    73.00    74.00    75.00    76.00    77.00    78.00    79.00    80.00    81.00    82.00    83.00    84.00    85.00    86.00    87.00    88.00    89.00    90.00    91.00    92.00    93.00    94.00    95.00    96.00 
   18.00    19.00    20.00    21.00    22.00    23.00    24.00    25.00    26.00    27.00    28.00    29.00    30.00    31.00    32.00    33.00    34.00    35.00    36.00    37.00    38.00    39.00    40.00    41.00    42.00    43.00    44.00    45.00    46.00    47.00    48.00    49.00    50.00    51.00    52.00    53.00    54.00    55.00    56.00    57.00    58.00    59.00    60.00    61.00    62.00    63.00    64.00    65.00    66.00    67.00    68.00    69.00    70.00    71.00    72.00    73.00    74.00    75.00    76.00    77.00    78.00    79.00    80.00    81.00    82.00    83.00    84.00    85.00    86.00    87.00    88.00    89.00    90.00    91.00    92.00    93.00    94.00    95.00    96.00    97.00 
   19.00    20.00    21.00    22.00    23.00    24.00    25.00    26.00    27.00    28.00    29.00    30.00    31.00    32.00    33.00    34.00    35.00    36.00    37.00    38.00    39.00    40.00    41.00    42.00    43.00    44.00    45.00    46.00    47.00    48.00    49.00    50.00    51.00    52.00    53.00    54.00    55.00    56.00    57.00    58.00    59.00    60.00    61.00    62.00    63.00    64.00    65.00    66.00    67.00    68.00    69.00    70.00    71.00    72.00    73.00    74.00    75.00    76.00    77.00    78.00    79.00    80.00    81.00    82.00    83.00    84.00    85.00    86.00    87.00    88.00    89.00    90.00    91.00    92.00    93.00    94.00    95.00    96.00    97.00    98.00 
   20.00    21.00    22.00    23.00    24.00    25.00    26.00    27.00    28.00    29.00    30.00    31.00    32.00    33.00    34.00    35.00    36.00    37.00    38.00    39.00    40.00    41.00    42.00    43.00    44.00    45.00    46.00    47.00    48.00    49.00    50.00    51.00    52.00    53.00    54.00    55.00    56.00    57.00    58.00    59.00    60.00    61.00    62.00    63.00    64.00    65.00    66.00    67.00    68.00    69.00    70.00    71.00    72.00    73.00    74.00    75.00    76.00    77.00    78.00    79.00    80.00    81.00    82.00    83.00    84.00    85.00    86.00    87.00    88.00    89.00    90.00    91.00    92.00    93.00    94.00    95.00    96.00    97.00    98.00    99.00 
   21.00    22.00    23.00    24.00    25.00    26.00    27.00    28.00    29.00    30.00    31.00    32.00    33.00    34.00    35.00    36.00    37.00    38.00    39.00    40.00    41.00    42.00    43.00    44.00    45.00    46.00    47.00    48.00    49.00    50.00    51.00    52.00    53.00    54.00    55.00    56.00    57.00    58.00    59.00    60.00    61.00    62.00    63.00    64.00    65.00    66.00    67.00    68.00    69.00    70.00    71.00    72.00    73.00    74.00    75.00    76.00    77.00    78.00    79.00    80.00    81.00    82.00    83.00    84.00    85.00    86.00    87.00    88.00    89.00    90.00    91.00    92.00    93.00    94.00    95.00    96.00    97.00    98.00    99.00   100.00 
   22.00    23.00    24.00    25.00    26.00    27.00    28.00    29.00    30.00    31.00    32.00    33.00    34.00    35.00    36.00    37.00    38.00    39.00    40.00    41.00    42.00    43.00    44.00    45.00    46.00    47.00    48.00    49.00    50.00    51.00    52.00    53.00    54.00    55.00    56.00    57.00    58.00    59.00    60.00    61.00    62.00    63.00    64.00    65.00    66.00    67.00    68.00    69.00    70.00    71.00    72.00    73.00    74.00    75.00    76.00    77.00    78.00    79.00    80.00    81.00    82.00    83.00    84.00    85.00    86.00    87.00    88.00    89.00    90.00    91.00    92.00    93.00    94.00    95.00    96.00    97.00    98.00    99.00   100.00     0.00 

--- POLITICA OTTIMA pi* ('#'=Ostacolo, 'G'=Goal) ---
  v    v    v    v    v    v    v    v    v    v    v    v    v    v    v    v    v    v    v    v    v    v    v    v    v    v    v    v    v    v    v    v    v    v    v    v    v    v    v    v    v    v    v    v    v    v    v    v    v    v    v    v    v    v    v    v    v    v    v    v    v    v    v    v    v    v    v    v    v    v    v    v    v    v    v    v    v    v    v    v  
  v    v    v    v    v    v    v    v    v    v    v    v    v    v    v    v    v    v    v    v    v    v    v    v    v    v    v    v    v    v    v    v    v    v    v    v    v    v    v    v    v    v    v    v    v    v    v    v    v    v    v    v    v    v    v    v    v    v    v    v    v    v    v    v    v    v    v    v    v    v    v    v    v    v    v    v    v    v    v    v  
  v    v    v    v    v    v    v    v    v    v    v    v    v    v    v    v    v    v    v    v    v    v    v    v    v    v    v    v    v    v    v    v    v    v    v    v    v    v    v    v    v    v    v    v    v    v    v    v    v    v    v    v    v    v    v    v    v    v    v    v    v    v    v    v    v    v    v    v    v    v    v    v    v    v    v    v    v    v    v    v  
  v    v    v    v    >    >    >    >    >    v    v    v    >    >    >    >    >    v    v    v    >    >    >    >    >    v    v    v    >    >    >    >    >    v    v    v    >    >    >    >    >    v    v    v    >    >    >    >    >    v    v    v    >    >    >    >    >    v    v    v    >    >    >    >    >    v    v    v    >    >    >    >    >    v    v    v    v    v    v    v  
  v    v    v    v    #    ^    ^    ^    #    v    v    v    #    ^    ^    ^    #    v    v    v    #    ^    ^    ^    #    v    v    v    #    ^    ^    ^    #    v    v    v    #    ^    ^    ^    #    v    v    v    #    ^    ^    ^    #    v    v    v    #    ^    ^    ^    #    v    v    v    #    ^    ^    ^    #    v    v    v    #    ^    ^    ^    #    v    v    v    v    v    v    v  
  v    v    v    v    #    ^    ^    ^    #    v    v    v    #    ^    ^    ^    #    v    v    v    #    ^    ^    ^    #    v    v    v    #    ^    ^    ^    #    v    v    v    #    ^    ^    ^    #    v    v    v    #    ^    ^    ^    #    v    v    v    #    ^    ^    ^    #    v    v    v    #    ^    ^    ^    #    v    v    v    #    ^    ^    ^    #    v    v    v    v    v    v    v  
  v    v    v    v    #    ^    ^    ^    #    v    v    v    #    ^    ^    ^    #    v    v    v    #    ^    ^    ^    #    v    v    v    #    ^    ^    ^    #    v    v    v    #    ^    ^    ^    #    v    v    v    #    ^    ^    ^    #    v    v    v    #    ^    ^    ^    #    v    v    v    #    ^    ^    ^    #    v    v    v    #    ^    ^    ^    #    v    v    v    v    v    v    v  
  v    v    v    v    #    ^    ^    ^    #    v    v    v    #    ^    ^    ^    #    v    v    v    #    ^    ^    ^    #    v    v    v    #    ^    ^    ^    #    v    v    v    #    ^    ^    ^    #    v    v    v    #    ^    ^    ^    #    v    v    v    #    ^    ^    ^    #    v    v    v    #    ^    ^    ^    #    v    v    v    #    ^    ^    ^    #    v    v    v    v    v    v    v  
  v    v    v    v    #    #    #    #    #    v    v    v    #    #    #    #    #    v    v    v    #    #    #    #    #    v    v    v    #    #    #    #    #    v    v    v    #    #    #    #    #    v    v    v    #    #    #    #    #    v    v    v    #    #    #    #    #    v    v    v    #    #    #    #    #    v    v    v    #    #    #    #    #    v    v    v    v    v    v    v  
  v    v    v    v    v    v    v    v    v    v    v    v    v    v    v    v    v    v    v    v    v    v    v    v    v    v    v    v    v    v    v    v    v    v    v    v    v    v    v    v    v    v    v    v    v    v    v    v    v    v    v    v    v    v    v    v    v    v    v    v    v    v    v    v    v    v    v    v    v    v    v    v    v    v    v    v    v    v    v    v  
  v    v    v    v    v    v    v    v    v    v    v    v    v    v    v    v    v    v    v    v    v    v    v    v    v    v    v    v    v    v    v    v    v    v    v    v    v    v    v    v    v    v    v    v    v    v    v    v    v    v    v    v    v    v    v    v    v    v    v    v    v    v    v    v    v    v    v    v    v    v    v    v    v    v    v    v    v    v    v    v  
  v    v    v    v    >    >    >    >    >    v    v    v    >    >    >    >    >    v    v    v    >    >    >    >    >    v    v    v    >    >    >    >    >    v    v    v    >    >    >    >    >    v    v    v    >    >    >    >    >    v    v    v    >    >    >    >    >    v    v    v    >    >    >    >    >    v    v    v    >    >    >    >    >    v    v    v    v    v    v    v  
  v    v    v    v    #    ^    ^    ^    #    v    v    v    #    ^    ^    ^    #    v    v    v    #    ^    ^    ^    #    v    v    v    #    ^    ^    ^    #    v    v    v    #    ^    ^    ^    #    v    v    v    #    ^    ^    ^    #    v    v    v    #    ^    ^    ^    #    v    v    v    #    ^    ^    ^    #    v    v    v    #    ^    ^    ^    #    v    v    v    v    v    v    v  
  v    v    v    v    #    ^    ^    ^    #    v    v    v    #    ^    ^    ^    #    v    v    v    #    ^    ^    ^    #    v    v    v    #    ^    ^    ^    #    v    v    v    #    ^    ^    ^    #    v    v    v    #    ^    ^    ^    #    v    v    v    #    ^    ^    ^    #    v    v    v    #    ^    ^    ^    #    v    v    v    #    ^    ^    ^    #    v    v    v    v    v    v    v  
  v    v    v    v    #    ^    ^    ^    #    v    v    v    #    ^    ^    ^    #    v    v    v    #    ^    ^    ^    #    v    v    v    #    ^    ^    ^    #    v    v    v    #    ^    ^    ^    #    v    v    v    #    ^    ^    ^    #    v    v    v    #    ^    ^    ^    #    v    v    v    #    ^    ^    ^    #    v    v    v    #    ^    ^    ^    #    v    v    v    v    v    v    v  
  v    v    v    v    #    ^    ^    ^    #    v    v    v    #    ^    ^    ^    #    v    v    v    #    ^    ^    ^    #    v    v    v    #    ^    ^    ^    #    v    v    v    #    ^    ^    ^    #    v    v    v    #    ^    ^    ^    #    v    v    v    #    ^    ^    ^    #    v    v    v    #    ^    ^    ^    #    v    v    v    #    ^    ^    ^    #    v    v    v    v    v    v    v  
  v    v    v    v    #    #    #    #    #    v    v    v    #    #    #    #    #    v    v    v    #    #    #    #    #    v    v    v    #    #    #    #    #    v    v    v    #    #    #    #    #    v    v    v    #    #    #    #    #    v    v    v    #    #    #    #    #    v    v    v    #    #    #    #    #    v    v    v    #    #    #    #    #    v    v    v    v    v    v    v  
  v    v    v    v    v    v    v    v    v    v    v    v    v    v    v    v    v    v    v    v    v    v    v    v    v    v    v    v    v    v    v    v    v    v    v    v    v    v    v    v    v    v    v    v    v    v    v    v    v    v    v    v    v    v    v    v    v    v    v    v    v    v    v    v    v    v    v    v    v    v    v    v    v    v    v    v    v    v    v    v  
  v    v    v    v    v    v    v    v    v    v    v    v    v    v    v    v    v    v    v    v    v    v    v    v    v    v    v    v    v    v    v    v    v    v    v    v    v    v    v    v    v    v    v    v    v    v    v    v    v    v    v    v    v    v    v    v    v    v    v    v    v    v    v    v    v    v    v    v    v    v    v    v    v    v    v    v    v    v    v    v  
  v    v    v    v    >    >    >    >    >    v    v    v    >    >    >    >    >    v    v    v    >    >    >    >    >    v    v    v    >    >    >    >    >    v    v    v    >    >    >    >    >    v    v    v    >    >    >    >    >    v    v    v    >    >    >    >    >    v    v    v    >    >    >    >    >    v    v    v    >    >    >    >    >    v    v    v    v    v    v    v  
  v    v    v    v    #    ^    ^    ^    #    v    v    v    #    ^    ^    ^    #    v    v    v    #    ^    ^    ^    #    v    v    v    #    ^    ^    ^    #    v    v    v    #    ^    ^    ^    #    v    v    v    #    ^    ^    ^    #    v    v    v    #    ^    ^    ^    #    v    v    v    #    ^    ^    ^    #    v    v    v    #    ^    ^    ^    #    v    v    v    v    v    v    v  
  v    v    v    v    #    ^    ^    ^    #    v    v    v    #    ^    ^    ^    #    v    v    v    #    ^    ^    ^    #    v    v    v    #    ^    ^    ^    #    v    v    v    #    ^    ^    ^    #    v    v    v    #    ^    ^    ^    #    v    v    v    #    ^    ^    ^    #    v    v    v    #    ^    ^    ^    #    v    v    v    #    ^    ^    ^    #    v    v    v    v    v    v    v  
  v    v    v    v    #    ^    ^    ^    #    v    v    v    #    ^    ^    ^    #    v    v    v    #    ^    ^    ^    #    v    v    v    #    ^    ^    ^    #    v    v    v    #    ^    ^    ^    #    v    v    v    #    ^    ^    ^    #    v    v    v    #    ^    ^    ^    #    v    v    v    #    ^    ^    ^    #    v    v    v    #    ^    ^    ^    #    v    v    v    v    v    v    v  
  v    v    v    v    #    ^    ^    ^    #    v    v    v    #    ^    ^    ^    #    v    v    v    #    ^    ^    ^    #    v    v    v    #    ^    ^    ^    #    v    v    v    #    ^    ^    ^    #    v    v    v    #    ^    ^    ^    #    v    v    v    #    ^    ^    ^    #    v    v    v    #    ^    ^    ^    #    v    v    v    #    ^    ^    ^    #    v    v    v    v    v    v    v  
  v    v    v    v    #    #    #    #    #    v    v    v    #    #    #    #    #    v    v    v    #    #    #    #    #    v    v    v    #    #    #    #    #    v    v    v    #    #    #    #    #    v    v    v    #    #    #    #    #    v    v    v    #    #    #    #    #    v    v    v    #    #    #    #    #    v    v    v    #    #    #    #    #    v    v    v    v    v    v    v  
  v    v    v    v    v    v    v    v    v    v    v    v    v    v    v    v    v    v    v    v    v    v    v    v    v    v    v    v    v    v    v    v    v    v    v    v    v    v    v    v    v    v    v    v    v    v    v    v    v    v    v    v    v    v    v    v    v    v    v    v    v    v    v    v    v    v    v    v    v    v    v    v    v    v    v    v    v    v    v    v  
  v    v    v    v    v    v    v    v    v    v    v    v    v    v    v    v    v    v    v    v    v    v    v    v    v    v    v    v    v    v    v    v    v    v    v    v    v    v    v    v    v    v    v    v    v    v    v    v    v    v    v    v    v    v    v    v    v    v    v    v    v    v    v    v    v    v    v    v    v    v    v    v    v    v    v    v    v    v    v    v  
  v    v    v    v    >    >    >    >    >    v    v    v    >    >    >    >    >    v    v    v    >    >    >    >    >    v    v    v    >    >    >    >    >    v    v    v    >    >    >    >    >    v    v    v    >    >    >    >    >    v    v    v    >    >    >    >    >    v    v    v    >    >    >    >    >    v    v    v    >    >    >    >    >    v    v    v    v    v    v    v  
  v    v    v    v    #    ^    ^    ^    #    v    v    v    #    ^    ^    ^    #    v    v    v    #    ^    ^    ^    #    v    v    v    #    ^    ^    ^    #    v    v    v    #    ^    ^    ^    #    v    v    v    #    ^    ^    ^    #    v    v    v    #    ^    ^    ^    #    v    v    v    #    ^    ^    ^    #    v    v    v    #    ^    ^    ^    #    v    v    v    v    v    v    v  
  v    v    v    v    #    ^    ^    ^    #    v    v    v    #    ^    ^    ^    #    v    v    v    #    ^    ^    ^    #    v    v    v    #    ^    ^    ^    #    v    v    v    #    ^    ^    ^    #    v    v    v    #    ^    ^    ^    #    v    v    v    #    ^    ^    ^    #    v    v    v    #    ^    ^    ^    #    v    v    v    #    ^    ^    ^    #    v    v    v    v    v    v    v  
  v    v    v    v    #    ^    ^    ^    #    v    v    v    #    ^    ^    ^    #    v    v    v    #    ^    ^    ^    #    v    v    v    #    ^    ^    ^    #    v    v    v    #    ^    ^    ^    #    v    v    v    #    ^    ^    ^    #    v    v    v    #    ^    ^    ^    #    v    v    v    #    ^    ^    ^    #    v    v    v    #    ^    ^    ^    #    v    v    v    v    v    v    v  
  v    v    v    v    #    ^    ^    ^    #    v    v    v    #    ^    ^    ^    #    v    v    v    #    ^    ^    ^    #    v    v    v    #    ^    ^    ^    #    v    v    v    #    ^    ^    ^    #    v    v    v    #    ^    ^    ^    #    v    v    v    #    ^    ^    ^    #    v    v    v    #    ^    ^    ^    #    v    v    v    #    ^    ^    ^    #    v    v    v    v    v    v    v  
  v    v    v    v    #    #    #    #    #    v    v    v    #    #    #    #    #    v    v    v    #    #    #    #    #    v    v    v    #    #    #    #    #    v    v    v    #    #    #    #    #    v    v    v    #    #    #    #    #    v    v    v    #    #    #    #    #    v    v    v    #    #    #    #    #    v    v    v    #    #    #    #    #    v    v    v    v    v    v    v  
  v    v    v    v    v    v    v    v    v    v    v    v    v    v    v    v    v    v    v    v    v    v    v    v    v    v    v    v    v    v    v    v    v    v    v    v    v    v    v    v    v    v    v    v    v    v    v    v    v    v    v    v    v    v    v    v    v    v    v    v    v    v    v    v    v    v    v    v    v    v    v    v    v    v    v    v    v    v    v    v  
  v    v    v    v    v    v    v    v    v    v    v    v    v    v    v    v    v    v    v    v    v    v    v    v    v    v    v    v    v    v    v    v    v    v    v    v    v    v    v    v    v    v    v    v    v    v    v    v    v    v    v    v    v    v    v    v    v    v    v    v    v    v    v    v    v    v    v    v    v    v    v    v    v    v    v    v    v    v    v    v  
  v    v    v    v    >    >    >    >    >    v    v    v    >    >    >    >    >    v    v    v    >    >    >    >    >    v    v    v    >    >    >    >    >    v    v    v    >    >    >    >    >    v    v    v    >    >    >    >    >    v    v    v    >    >    >    >    >    v    v    v    >    >    >    >    >    v    v    v    >    >    >    >    >    v    v    v    v    v    v    v  
  v    v    v    v    #    ^    ^    ^    #    v    v    v    #    ^    ^    ^    #    v    v    v    #    ^    ^    ^    #    v    v    v    #    ^    ^    ^    #    v    v    v    #    ^    ^    ^    #    v    v    v    #    ^    ^    ^    #    v    v    v    #    ^    ^    ^    #    v    v    v    #    ^    ^    ^    #    v    v    v    #    ^    ^    ^    #    v    v    v    v    v    v    v  
  v    v    v    v    #    ^    ^    ^    #    v    v    v    #    ^    ^    ^    #    v    v    v    #    ^    ^    ^    #    v    v    v    #    ^    ^    ^    #    v    v    v    #    ^    ^    ^    #    v    v    v    #    ^    ^    ^    #    v    v    v    #    ^    ^    ^    #    v    v    v    #    ^    ^    ^    #    v    v    v    #    ^    ^    ^    #    v    v    v    v    v    v    v  
  v    v    v    v    #    ^    ^    ^    #    v    v    v    #    ^    ^    ^    #    v    v    v    #    ^    ^    ^    #    v    v    v    #    ^    ^    ^    #    v    v    v    #    ^    ^    ^    #    v    v    v    #    ^    ^    ^    #    v    v    v    #    ^    ^    ^    #    v    v    v    #    ^    ^    ^    #    v    v    v    #    ^    ^    ^    #    v    v    v    v    v    v    v  
  v    v    v    v    #    ^    ^    ^    #    v    v    v    #    ^    ^    ^    #    v    v    v    #    ^    ^    ^    #    v    v    v    #    ^    ^    ^    #    v    v    v    #    ^    ^    ^    #    v    v    v    #    ^    ^    ^    #    v    v    v    #    ^    ^    ^    #    v    v    v    #    ^    ^    ^    #    v    v    v    #    ^    ^    ^    #    v    v    v    v    v    v    v  
  v    v    v    v    #    #    #    #    #    v    v    v    #    #    #    #    #    v    v    v    #    #    #    #    #    v    v    v    #    #    #    #    #    v    v    v    #    #    #    #    #    v    v    v    #    #    #    #    #    v    v    v    #    #    #    #    #    v    v    v    #    #    #    #    #    v    v    v    #    #    #    #    #    v    v    v    v    v    v    v  
  v    v    v    v    v    v    v    v    v    v    v    v    v    v    v    v    v    v    v    v    v    v    v    v    v    v    v    v    v    v    v    v    v    v    v    v    v    v    v    v    v    v    v    v    v    v    v    v    v    v    v    v    v    v    v    v    v    v    v    v    v    v    v    v    v    v    v    v    v    v    v    v    v    v    v    v    v    v    v    v  
  v    v    v    v    v    v    v    v    v    v    v    v    v    v    v    v    v    v    v    v    v    v    v    v    v    v    v    v    v    v    v    v    v    v    v    v    v    v    v    v    v    v    v    v    v    v    v    v    v    v    v    v    v    v    v    v    v    v    v    v    v    v    v    v    v    v    v    v    v    v    v    v    v    v    v    v    v    v    v    v  
  v    v    v    v    >    >    >    >    >    v    v    v    >    >    >    >    >    v    v    v    >    >    >    >    >    v    v    v    >    >    >    >    >    v    v    v    >    >    >    >    >    v    v    v    >    >    >    >    >    v    v    v    >    >    >    >    >    v    v    v    >    >    >    >    >    v    v    v    >    >    >    >    >    v    v    v    v    v    v    v  
  v    v    v    v    #    ^    ^    ^    #    v    v    v    #    ^    ^    ^    #    v    v    v    #    ^    ^    ^    #    v    v    v    #    ^    ^    ^    #    v    v    v    #    ^    ^    ^    #    v    v    v    #    ^    ^    ^    #    v    v    v    #    ^    ^    ^    #    v    v    v    #    ^    ^    ^    #    v    v    v    #    ^    ^    ^    #    v    v    v    v    v    v    v  
  v    v    v    v    #    ^    ^    ^    #    v    v    v    #    ^    ^    ^    #    v    v    v    #    ^    ^    ^    #    v    v    v    #    ^    ^    ^    #    v    v    v    #    ^    ^    ^    #    v    v    v    #    ^    ^    ^    #    v    v    v    #    ^    ^    ^    #    v    v    v    #    ^    ^    ^    #    v    v    v    #    ^    ^    ^    #    v    v    v    v    v    v    v  
  v    v    v    v    #    ^    ^    ^    #    v    v    v    #    ^    ^    ^    #    v    v    v    #    ^    ^    ^    #    v    v    v    #    ^    ^    ^    #    v    v    v    #    ^    ^    ^    #    v    v    v    #    ^    ^    ^    #    v    v    v    #    ^    ^    ^    #    v    v    v    #    ^    ^    ^    #    v    v    v    #    ^    ^    ^    #    v    v    v    v    v    v    v  
  v    v    v    v    #    ^    ^    ^    #    v    v    v    #    ^    ^    ^    #    v    v    v    #    ^    ^    ^    #    v    v    v    #    ^    ^    ^    #    v    v    v    #    ^    ^    ^    #    v    v    v    #    ^    ^    ^    #    v    v    v    #    ^    ^    ^    #    v    v    v    #    ^    ^    ^    #    v    v    v    #    ^    ^    ^    #    v    v    v    v    v    v    v  
  v    v    v    v    #    #    #    #    #    v    v    v    #    #    #    #    #    v    v    v    #    #    #    #    #    v    v    v    #    #    #    #    #    v    v    v    #    #    #    #    #    v    v    v    #    #    #    #    #    v    v    v    #    #    #    #    #    v    v    v    #    #    #    #    #    v    v    v    #    #    #    #    #    v    v    v    v    v    v    v  
  v    v    v    v    v    v    v    v    v    v    v    v    v    v    v    v    v    v    v    v    v    v    v    v    v    v    v    v    v    v    v    v    v    v    v    v    v    v    v    v    v    v    v    v    v    v    v    v    v    v    v    v    v    v    v    v    v    v    v    v    v    v    v    v    v    v    v    v    v    v    v    v    v    v    v    v    v    v    v    v  
  v    v    v    v    v    v    v    v    v    v    v    v    v    v    v    v    v    v    v    v    v    v    v    v    v    v    v    v    v    v    v    v    v    v    v    v    v    v    v    v    v    v    v    v    v    v    v    v    v    v    v    v    v    v    v    v    v    v    v    v    v    v    v    v    v    v    v    v    v    v    v    v    v    v    v    v    v    v    v    v  
  v    v    v    v    >    >    >    >    >    v    v    v    >    >    >    >    >    v    v    v    >    >    >    >    >    v    v    v    >    >    >    >    >    v    v    v    >    >    >    >    >    v    v    v    >    >    >    >    >    v    v    v    >    >    >    >    >    v    v    v    >    >    >    >    >    v    v    v    >    >    >    >    >    v    v    v    v    v    v    v  
  v    v    v    v    #    ^    ^    ^    #    v    v    v    #    ^    ^    ^    #    v    v    v    #    ^    ^    ^    #    v    v    v    #    ^    ^    ^    #    v    v    v    #    ^    ^    ^    #    v    v    v    #    ^    ^    ^    #    v    v    v    #    ^    ^    ^    #    v    v    v    #    ^    ^    ^    #    v    v    v    #    ^    ^    ^    #    v    v    v    v    v    v    v  
  v    v    v    v    #    ^    ^    ^    #    v    v    v    #    ^    ^    ^    #    v    v    v    #    ^    ^    ^    #    v    v    v    #    ^    ^    ^    #    v    v    v    #    ^    ^    ^    #    v    v    v    #    ^    ^    ^    #    v    v    v    #    ^    ^    ^    #    v    v    v    #    ^    ^    ^    #    v    v    v    #    ^    ^    ^    #    v    v    v    v    v    v    v  
  v    v    v    v    #    ^    ^    ^    #    v    v    v    #    ^    ^    ^    #    v    v    v    #    ^    ^    ^    #    v    v    v    #    ^    ^    ^    #    v    v    v    #    ^    ^    ^    #    v    v    v    #    ^    ^    ^    #    v    v    v    #    ^    ^    ^    #    v    v    v    #    ^    ^    ^    #    v    v    v    #    ^    ^    ^    #    v    v    v    v    v    v    v  
  v    v    v    v    #    ^    ^    ^    #    v    v    v    #    ^    ^    ^    #    v    v    v    #    ^    ^    ^    #    v    v    v    #    ^    ^    ^    #    v    v    v    #    ^    ^    ^    #    v    v    v    #    ^    ^    ^    #    v    v    v    #    ^    ^    ^    #    v    v    v    #    ^    ^    ^    #    v    v    v    #    ^    ^    ^    #    v    v    v    v    v    v    v  
  v    v    v    v    #    #    #    #    #    v    v    v    #    #    #    #    #    v    v    v    #    #    #    #    #    v    v    v    #    #    #    #    #    v    v    v    #    #    #    #    #    v    v    v    #    #    #    #    #    v    v    v    #    #    #    #    #    v    v    v    #    #    #    #    #    v    v    v    #    #    #    #    #    v    v    v    v    v    v    v  
  v    v    v    v    v    v    v    v    v    v    v    v    v    v    v    v    v    v    v    v    v    v    v    v    v    v    v    v    v    v    v    v    v    v    v    v    v    v    v    v    v    v    v    v    v    v    v    v    v    v    v    v    v    v    v    v    v    v    v    v    v    v    v    v    v    v    v    v    v    v    v    v    v    v    v    v    v    v    v    v  
  v    v    v    v    v    v    v    v    v    v    v    v    v    v    v    v    v    v    v    v    v    v    v    v    v    v    v    v    v    v    v    v    v    v    v    v    v    v    v    v    v    v    v    v    v    v    v    v    v    v    v    v    v    v    v    v    v    v    v    v    v    v    v    v    v    v    v    v    v    v    v    v    v    v    v    v    v    v    v    v  
  v    v    v    v    >    >    >    >    >    v    v    v    >    >    >    >    >    v    v    v    >    >    >    >    >    v    v    v    >    >    >    >    >    v    v    v    >    >    >    >    >    v    v    v    >    >    >    >    >    v    v    v    >    >    >    >    >    v    v    v    >    >    >    >    >    v    v    v    >    >    >    >    >    v    v    v    v    v    v    v  
  v    v    v    v    #    ^    ^    ^    #    v    v    v    #    ^    ^    ^    #    v    v    v    #    ^    ^    ^    #    v    v    v    #    ^    ^    ^    #    v    v    v    #    ^    ^    ^    #    v    v    v    #    ^    ^    ^    #    v    v    v    #    ^    ^    ^    #    v    v    v    #    ^    ^    ^    #    v    v    v    #    ^    ^    ^    #    v    v    v    v    v    v    v  
  v    v    v    v    #    ^    ^    ^    #    v    v    v    #    ^    ^    ^    #    v    v    v    #    ^    ^    ^    #    v    v    v    #    ^    ^    ^    #    v    v    v    #    ^    ^    ^    #    v    v    v    #    ^    ^    ^    #    v    v    v    #    ^    ^    ^    #    v    v    v    #    ^    ^    ^    #    v    v    v    #    ^    ^    ^    #    v    v    v    v    v    v    v  
  v    v    v    v    #    ^    ^    ^    #    v    v    v    #    ^    ^    ^    #    v    v    v    #    ^    ^    ^    #    v    v    v    #    ^    ^    ^    #    v    v    v    #    ^    ^    ^    #    v    v    v    #    ^    ^    ^    #    v    v    v    #    ^    ^    ^    #    v    v    v    #    ^    ^    ^    #    v    v    v    #    ^    ^    ^    #    v    v    v    v    v    v    v  
  v    v    v    v    #    ^    ^    ^    #    v    v    v    #    ^    ^    ^    #    v    v    v    #    ^    ^    ^    #    v    v    v    #    ^    ^    ^    #    v    v    v    #    ^    ^    ^    #    v    v    v    #    ^    ^    ^    #    v    v    v    #    ^    ^    ^    #    v    v    v    #    ^    ^    ^    #    v    v    v    #    ^    ^    ^    #    v    v    v    v    v    v    v  
  v    v    v    v    #    #    #    #    #    v    v    v    #    #    #    #    #    v    v    v    #    #    #    #    #    v    v    v    #    #    #    #    #    v    v    v    #    #    #    #    #    v    v    v    #    #    #    #    #    v    v    v    #    #    #    #    #    v    v    v    #    #    #    #    #    v    v    v    #    #    #    #    #    v    v    v    v    v    v    v  
  v    v    v    v    v    v    v    v    v    v    v    v    v    v    v    v    v    v    v    v    v    v    v    v    v    v    v    v    v    v    v    v    v    v    v    v    v    v    v    v    v    v    v    v    v    v    v    v    v    v    v    v    v    v    v    v    v    v    v    v    v    v    v    v    v    v    v    v    v    v    v    v    v    v    v    v    v    v    v    v  
  v    v    v    v    v    v    v    v    v    v    v    v    v    v    v    v    v    v    v    v    v    v    v    v    v    v    v    v    v    v    v    v    v    v    v    v    v    v    v    v    v    v    v    v    v    v    v    v    v    v    v    v    v    v    v    v    v    v    v    v    v    v    v    v    v    v    v    v    v    v    v    v    v    v    v    v    v    v    v    v  
  v    v    v    v    >    >    >    >    >    v    v    v    >    >    >    >    >    v    v    v    >    >    >    >    >    v    v    v    >    >    >    >    >    v    v    v    >    >    >    >    >    v    v    v    >    >    >    >    >    v    v    v    >    >    >    >    >    v    v    v    >    >    >    >    >    v    v    v    >    >    >    >    >    v    v    v    v    v    v    v  
  v    v    v    v    #    ^    ^    ^    #    v    v    v    #    ^    ^    ^    #    v    v    v    #    ^    ^    ^    #    v    v    v    #    ^    ^    ^    #    v    v    v    #    ^    ^    ^    #    v    v    v    #    ^    ^    ^    #    v    v    v    #    ^    ^    ^    #    v    v    v    #    ^    ^    ^    #    v    v    v    #    ^    ^    ^    #    v    v    v    v    v    v    v  
  v    v    v    v    #    ^    ^    ^    #    v    v    v    #    ^    ^    ^    #    v    v    v    #    ^    ^    ^    #    v    v    v    #    ^    ^    ^    #    v    v    v    #    ^    ^    ^    #    v    v    v    #    ^    ^    ^    #    v    v    v    #    ^    ^    ^    #    v    v    v    #    ^    ^    ^    #    v    v    v    #    ^    ^    ^    #    v    v    v    v    v    v    v  
  v    v    v    v    #    ^    ^    ^    #    v    v    v    #    ^    ^    ^    #    v    v    v    #    ^    ^    ^    #    v    v    v    #    ^    ^    ^    #    v    v    v    #    ^    ^    ^    #    v    v    v    #    ^    ^    ^    #    v    v    v    #    ^    ^    ^    #    v    v    v    #    ^    ^    ^    #    v    v    v    #    ^    ^    ^    #    v    v    v    v    v    v    v  
  v    v    v    v    #    ^    ^    ^    #    v    v    v    #    ^    ^    ^    #    v    v    v    #    ^    ^    ^    #    v    v    v    #    ^    ^    ^    #    v    v    v    #    ^    ^    ^    #    v    v    v    #    ^    ^    ^    #    v    v    v    #    ^    ^    ^    #    v    v    v    #    ^    ^    ^    #    v    v    v    #    ^    ^    ^    #    v    v    v    v    v    v    v  
  v    v    v    v    #    #    #    #    #    v    v    v    #    #    #    #    #    v    v    v    #    #    #    #    #    v    v    v    #    #    #    #    #    v    v    v    #    #    #    #    #    v    v    v    #    #    #    #    #    v    v    v    #    #    #    #    #    v    v    v    #    #    #    #    #    v    v    v    #    #    #    #    #    v    v    v    v    v    v    v  
  v    v    v    v    v    v    v    v    v    v    v    v    v    v    v    v    v    v    v    v    v    v    v    v    v    v    v    v    v    v    v    v    v    v    v    v    v    v    v    v    v    v    v    v    v    v    v    v    v    v    v    v    v    v    v    v    v    v    v    v    v    v    v    v    v    v    v    v    v    v    v    v    v    v    v    v    v    v    v    v  
  v    v    v    v    v    v    v    v    v    v    v    v    v    v    v    v    v    v    v    v    v    v    v    v    v    v    v    v    v    v    v    v    v    v    v    v    v    v    v    v    v    v    v    v    v    v    v    v    v    v    v    v    v    v    v    v    v    v    v    v    v    v    v    v    v    v    v    v    v    v    v    v    v    v    v    v    v    v    v    v  
  v    v    v    v    v    v    v    v    v    v    v    v    v    v    v    v    v    v    v    v    v    v    v    v    v    v    v    v    v    v    v    v    v    v    v    v    v    v    v    v    v    v    v    v    v    v    v    v    v    v    v    v    v    v    v    v    v    v    v    v    v    v    v    v    v    v    v    v    v    v    v    v    v    v    v    v    v    v    v    v  
  v    v    v    v    v    v    v    v    v    v    v    v    v    v    v    v    v    v    v    v    v    v    v    v    v    v    v    v    v    v    v    v    v    v    v    v    v    v    v    v    v    v    v    v    v    v    v    v    v    v    v    v    v    v    v    v    v    v    v    v    v    v    v    v    v    v    v    v    v    v    v    v    v    v    v    v    v    v    v    v  
  v    v    v    v    v    v    v    v    v    v    v    v    v    v    v    v    v    v    v    v    v    v    v    v    v    v    v    v    v    v    v    v    v    v    v    v    v    v    v    v    v    v    v    v    v    v    v    v    v    v    v    v    v    v    v    v    v    v    v    v    v    v    v    v    v    v    v    v    v    v    v    v    v    v    v    v    v    v    v    v  
  v    v    v    v    v    v    v    v    v    v    v    v    v    v    v    v    v    v    v    v    v    v    v    v    v    v    v    v    v    v    v    v    v    v    v    v    v    v    v    v    v    v    v    v    v    v    v    v    v    v    v    v    v    v    v    v    v    v    v    v    v    v    v    v    v    v    v    v    v    v    v    v    v    v    v    v    v    v    v    v  
  >    >    >    >    >    >    >    >    >    >    >    >    >    >    >    >    >    >    >    >    >    >    >    >    >    >    >    >    >    >    >    >    >    >    >    >    >    >    >    >    >    >    >    >    >    >    >    >    >    >    >    >    >    >    >    >    >    >    >    >    >    >    >    >    >    >    >    >    >    >    >    >    >    >    >    >    >    >    >    G  

--- GRIGLIA CON PERCORSO ROBOT ('S'=Start, 'G'=Goal, '*'=Percorso, '#'=Ostacolo) ---
S . . . . . . . . . . . . . . . . . . . . . . . . . . . . . . . . . . . . . . . . . . . . . . . . . . . . . . . . . . . . . . . . . . . . . . . . . . . . . . . 
* . . . . . . . . . . . . . . . . . . . . . . . . . . . . . . . . . . . . . . . . . . . . . . . . . . . . . . . . . . . . . . . . . . . . . . . . . . . . . . . 
* . . . . . . . . . . . . . . . . . . . . . . . . . . . . . . . . . . . . . . . . . . . . . . . . . . . . . . . . . . . . . . . . . . . . . . . . . . . . . . . 
* . . . . . . . . . . . . . . . . . . . . . . . . . . . . . . . . . . . . . . . . . . . . . . . . . . . . . . . . . . . . . . . . . . . . . . . . . . . . . . . 
* . . . # . . . # . . . # . . . # . . . # . . . # . . . # . . . # . . . # . . . # . . . # . . . # . . . # . . . # . . . # . . . # . . . # . . . # . . . . . . . 
* . . . # . . . # . . . # . . . # . . . # . . . # . . . # . . . # . . . # . . . # . . . # . . . # . . . # . . . # . . . # . . . # . . . # . . . # . . . . . . . 
* . . . # . . . # . . . # . . . # . . . # . . . # . . . # . . . # . . . # . . . # . . . # . . . # . . . # . . . # . . . # . . . # . . . # . . . # . . . . . . . 
* . . . # . . . # . . . # . . . # . . . # . . . # . . . # . . . # . . . # . . . # . . . # . . . # . . . # . . . # . . . # . . . # . . . # . . . # . . . . . . . 
* . . . # # # # # . . . # # # # # . . . # # # # # . . . # # # # # . . . # # # # # . . . # # # # # . . . # # # # # . . . # # # # # . . . # # # # # . . . . . . . 
* . . . . . . . . . . . . . . . . . . . . . . . . . . . . . . . . . . . . . . . . . . . . . . . . . . . . . . . . . . . . . . . . . . . . . . . . . . . . . . . 
* . . . . . . . . . . . . . . . . . . . . . . . . . . . . . . . . . . . . . . . . . . . . . . . . . . . . . . . . . . . . . . . . . . . . . . . . . . . . . . . 
* . . . . . . . . . . . . . . . . . . . . . . . . . . . . . . . . . . . . . . . . . . . . . . . . . . . . . . . . . . . . . . . . . . . . . . . . . . . . . . . 
* . . . # . . . # . . . # . . . # . . . # . . . # . . . # . . . # . . . # . . . # . . . # . . . # . . . # . . . # . . . # . . . # . . . # . . . # . . . . . . . 
* . . . # . . . # . . . # . . . # . . . # . . . # . . . # . . . # . . . # . . . # . . . # . . . # . . . # . . . # . . . # . . . # . . . # . . . # . . . . . . . 
* . . . # . . . # . . . # . . . # . . . # . . . # . . . # . . . # . . . # . . . # . . . # . . . # . . . # . . . # . . . # . . . # . . . # . . . # . . . . . . . 
* . . . # . . . # . . . # . . . # . . . # . . . # . . . # . . . # . . . # . . . # . . . # . . . # . . . # . . . # . . . # . . . # . . . # . . . # . . . . . . . 
* . . . # # # # # . . . # # # # # . . . # # # # # . . . # # # # # . . . # # # # # . . . # # # # # . . . # # # # # . . . # # # # # . . . # # # # # . . . . . . . 
* . . . . . . . . . . . . . . . . . . . . . . . . . . . . . . . . . . . . . . . . . . . . . . . . . . . . . . . . . . . . . . . . . . . . . . . . . . . . . . . 
* . . . . . . . . . . . . . . . . . . . . . . . . . . . . . . . . . . . . . . . . . . . . . . . . . . . . . . . . . . . . . . . . . . . . . . . . . . . . . . . 
* . . . . . . . . . . . . . . . . . . . . . . . . . . . . . . . . . . . . . . . . . . . . . . . . . . . . . . . . . . . . . . . . . . . . . . . . . . . . . . . 
* . . . # . . . # . . . # . . . # . . . # . . . # . . . # . . . # . . . # . . . # . . . # . . . # . . . # . . . # . . . # . . . # . . . # . . . # . . . . . . . 
* . . . # . . . # . . . # . . . # . . . # . . . # . . . # . . . # . . . # . . . # . . . # . . . # . . . # . . . # . . . # . . . # . . . # . . . # . . . . . . . 
* . . . # . . . # . . . # . . . # . . . # . . . # . . . # . . . # . . . # . . . # . . . # . . . # . . . # . . . # . . . # . . . # . . . # . . . # . . . . . . . 
* . . . # . . . # . . . # . . . # . . . # . . . # . . . # . . . # . . . # . . . # . . . # . . . # . . . # . . . # . . . # . . . # . . . # . . . # . . . . . . . 
* . . . # # # # # . . . # # # # # . . . # # # # # . . . # # # # # . . . # # # # # . . . # # # # # . . . # # # # # . . . # # # # # . . . # # # # # . . . . . . . 
* . . . . . . . . . . . . . . . . . . . . . . . . . . . . . . . . . . . . . . . . . . . . . . . . . . . . . . . . . . . . . . . . . . . . . . . . . . . . . . . 
* . . . . . . . . . . . . . . . . . . . . . . . . . . . . . . . . . . . . . . . . . . . . . . . . . . . . . . . . . . . . . . . . . . . . . . . . . . . . . . . 
* . . . . . . . . . . . . . . . . . . . . . . . . . . . . . . . . . . . . . . . . . . . . . . . . . . . . . . . . . . . . . . . . . . . . . . . . . . . . . . . 
* . . . # . . . # . . . # . . . # . . . # . . . # . . . # . . . # . . . # . . . # . . . # . . . # . . . # . . . # . . . # . . . # . . . # . . . # . . . . . . . 
* . . . # . . . # . . . # . . . # . . . # . . . # . . . # . . . # . . . # . . . # . . . # . . . # . . . # . . . # . . . # . . . # . . . # . . . # . . . . . . . 
* . . . # . . . # . . . # . . . # . . . # . . . # . . . # . . . # . . . # . . . # . . . # . . . # . . . # . . . # . . . # . . . # . . . # . . . # . . . . . . . 
* . . . # . . . # . . . # . . . # . . . # . . . # . . . # . . . # . . . # . . . # . . . # . . . # . . . # . . . # . . . # . . . # . . . # . . . # . . . . . . . 
* . . . # # # # # . . . # # # # # . . . # # # # # . . . # # # # # . . . # # # # # . . . # # # # # . . . # # # # # . . . # # # # # . . . # # # # # . . . . . . . 
* . . . . . . . . . . . . . . . . . . . . . . . . . . . . . . . . . . . . . . . . . . . . . . . . . . . . . . . . . . . . . . . . . . . . . . . . . . . . . . . 
* . . . . . . . . . . . . . . . . . . . . . . . . . . . . . . . . . . . . . . . . . . . . . . . . . . . . . . . . . . . . . . . . . . . . . . . . . . . . . . . 
* . . . . . . . . . . . . . . . . . . . . . . . . . . . . . . . . . . . . . . . . . . . . . . . . . . . . . . . . . . . . . . . . . . . . . . . . . . . . . . . 
* . . . # . . . # . . . # . . . # . . . # . . . # . . . # . . . # . . . # . . . # . . . # . . . # . . . # . . . # . . . # . . . # . . . # . . . # . . . . . . . 
* . . . # . . . # . . . # . . . # . . . # . . . # . . . # . . . # . . . # . . . # . . . # . . . # . . . # . . . # . . . # . . . # . . . # . . . # . . . . . . . 
* . . . # . . . # . . . # . . . # . . . # . . . # . . . # . . . # . . . # . . . # . . . # . . . # . . . # . . . # . . . # . . . # . . . # . . . # . . . . . . . 
* . . . # . . . # . . . # . . . # . . . # . . . # . . . # . . . # . . . # . . . # . . . # . . . # . . . # . . . # . . . # . . . # . . . # . . . # . . . . . . . 
* . . . # # # # # . . . # # # # # . . . # # # # # . . . # # # # # . . . # # # # # . . . # # # # # . . . # # # # # . . . # # # # # . . . # # # # # . . . . . . . 
* . . . . . . . . . . . . . . . . . . . . . . . . . . . . . . . . . . . . . . . . . . . . . . . . . . . . . . . . . . . . . . . . . . . . . . . . . . . . . . . 
* . . . . . . . . . . . . . . . . . . . . . . . . . . . . . . . . . . . . . . . . . . . . . . . . . . . . . . . . . . . . . . . . . . . . . . . . . . . . . . . 
* . . . . . . . . . . . . . . . . . . . . . . . . . . . . . . . . . . . . . . . . . . . . . . . . . . . . . . . . . . . . . . . . . . . . . . . . . . . . . . . 
* . . . # . . . # . . . # . . . # . . . # . . . # . . . # . . . # . . . # . . . # . . . # . . . # . . . # . . . # . . . # . . . # . . . # . . . # . . . . . . . 
* . . . # . . . # . . . # . . . # . . . # . . . # . . . # . . . # . . . # . . . # . . . # . . . # . . . # . . . # . . . # . . . # . . . # . . . # . . . . . . . 
* . . . # . . . # . . . # . . . # . . . # . . . # . . . # . . . # . . . # . . . # . . . # . . . # . . . # . . . # . . . # . . . # . . . # . . . # . . . . . . . 
* . . . # . . . # . . . # . . . # . . . # . . . # . . . # . . . # . . . # . . . # . . . # . . . # . . . # . . . # . . . # . . . # . . . # . . . # . . . . . . . 
* . . . # # # # # . . . # # # # # . . . # # # # # . . . # # # # # . . . # # # # # . . . # # # # # . . . # # # # # . . . # # # # # . . . # # # # # . . . . . . . 
* . . . . . . . . . . . . . . . . . . . . . . . . . . . . . . . . . . . . . . . . . . . . . . . . . . . . . . . . . . . . . . . . . . . . . . . . . . . . . . . 
* . . . . . . . . . . . . . . . . . . . . . . . . . . . . . . . . . . . . . . . . . . . . . . . . . . . . . . . . . . . . . . . . . . . . . . . . . . . . . . . 
* . . . . . . . . . . . . . . . . . . . . . . . . . . . . . . . . . . . . . . . . . . . . . . . . . . . . . . . . . . . . . . . . . . . . . . . . . . . . . . . 
* . . . # . . . # . . . # . . . # . . . # . . . # . . . # . . . # . . . # . . . # . . . # . . . # . . . # . . . # . . . # . . . # . . . # . . . # . . . . . . . 
* . . . # . . . # . . . # . . . # . . . # . . . # . . . # . . . # . . . # . . . # . . . # . . . # . . . # . . . # . . . # . . . # . . . # . . . # . . . . . . . 
* . . . # . . . # . . . # . . . # . . . # . . . # . . . # . . . # . . . # . . . # . . . # . . . # . . . # . . . # . . . # . . . # . . . # . . . # . . . . . . . 
* . . . # . . . # . . . # . . . # . . . # . . . # . . . # . . . # . . . # . . . # . . . # . . . # . . . # . . . # . . . # . . . # . . . # . . . # . . . . . . . 
* . . . # # # # # . . . # # # # # . . . # # # # # . . . # # # # # . . . # # # # # . . . # # # # # . . . # # # # # . . . # # # # # . . . # # # # # . . . . . . . 
* . . . . . . . . . . . . . . . . . . . . . . . . . . . . . . . . . . . . . . . . . . . . . . . . . . . . . . . . . . . . . . . . . . . . . . . . . . . . . . . 
* . . . . . . . . . . . . . . . . . . . . . . . . . . . . . . . . . . . . . . . . . . . . . . . . . . . . . . . . . . . . . . . . . . . . . . . . . . . . . . . 
* . . . . . . . . . . . . . . . . . . . . . . . . . . . . . . . . . . . . . . . . . . . . . . . . . . . . . . . . . . . . . . . . . . . . . . . . . . . . . . . 
* . . . # . . . # . . . # . . . # . . . # . . . # . . . # . . . # . . . # . . . # . . . # . . . # . . . # . . . # . . . # . . . # . . . # . . . # . . . . . . . 
* . . . # . . . # . . . # . . . # . . . # . . . # . . . # . . . # . . . # . . . # . . . # . . . # . . . # . . . # . . . # . . . # . . . # . . . # . . . . . . . 
* . . . # . . . # . . . # . . . # . . . # . . . # . . . # . . . # . . . # . . . # . . . # . . . # . . . # . . . # . . . # . . . # . . . # . . . # . . . . . . . 
* . . . # . . . # . . . # . . . # . . . # . . . # . . . # . . . # . . . # . . . # . . . # . . . # . . . # . . . # . . . # . . . # . . . # . . . # . . . . . . . 
* . . . # # # # # . . . # # # # # . . . # # # # # . . . # # # # # . . . # # # # # . . . # # # # # . . . # # # # # . . . # # # # # . . . # # # # # . . . . . . . 
* . . . . . . . . . . . . . . . . . . . . . . . . . . . . . . . . . . . . . . . . . . . . . . . . . . . . . . . . . . . . . . . . . . . . . . . . . . . . . . . 
* . . . . . . . . . . . . . . . . . . . . . . . . . . . . . . . . . . . . . . . . . . . . . . . . . . . . . . . . . . . . . . . . . . . . . . . . . . . . . . . 
* . . . . . . . . . . . . . . . . . . . . . . . . . . . . . . . . . . . . . . . . . . . . . . . . . . . . . . . . . . . . . . . . . . . . . . . . . . . . . . . 
* . . . # . . . # . . . # . . . # . . . # . . . # . . . # . . . # . . . # . . . # . . . # . . . # . . . # . . . # . . . # . . . # . . . # . . . # . . . . . . . 
* . . . # . . . # . . . # . . . # . . . # . . . # . . . # . . . # . . . # . . . # . . . # . . . # . . . # . . . # . . . # . . . # . . . # . . . # . . . . . . . 
* . . . # . . . # . . . # . . . # . . . # . . . # . . . # . . . # . . . # . . . # . . . # . . . # . . . # . . . # . . . # . . . # . . . # . . . # . . . . . . . 
* . . . # . . . # . . . # . . . # . . . # . . . # . . . # . . . # . . . # . . . # . . . # . . . # . . . # . . . # . . . # . . . # . . . # . . . # . . . . . . . 
* . . . # # # # # . . . # # # # # . . . # # # # # . . . # # # # # . . . # # # # # . . . # # # # # . . . # # # # # . . . # # # # # . . . # # # # # . . . . . . . 
* . . . . . . . . . . . . . . . . . . . . . . . . . . . . . . . . . . . . . . . . . . . . . . . . . . . . . . . . . . . . . . . . . . . . . . . . . . . . . . . 
* . . . . . . . . . . . . . . . . . . . . . . . . . . . . . . . . . . . . . . . . . . . . . . . . . . . . . . . . . . . . . . . . . . . . . . . . . . . . . . . 
* . . . . . . . . . . . . . . . . . . . . . . . . . . . . . . . . . . . . . . . . . . . . . . . . . . . . . . . . . . . . . . . . . . . . . . . . . . . . . . . 
* . . . . . . . . . . . . . . . . . . . . . . . . . . . . . . . . . . . . . . . . . . . . . . . . . . . . . . . . . . . . . . . . . . . . . . . . . . . . . . . 
* . . . . . . . . . . . . . . . . . . . . . . . . . . . . . . . . . . . . . . . . . . . . . . . . . . . . . . . . . . . . . . . . . . . . . . . . . . . . . . . 
* . . . . . . . . . . . . . . . . . . . . . . . . . . . . . . . . . . . . . . . . . . . . . . . . . . . . . . . . . . . . . . . . . . . . . . . . . . . . . . . 
* * * * * * * * * * * * * * * * * * * * * * * * * * * * * * * * * * * * * * * * * * * * * * * * * * * * * * * * * * * * * * * * * * * * * * * * * * * * * * * G 

--- SEQUENZA COORDINATE DEL PERCORSO (158 passi, 159 celle) ---
(0,0) -> (1,0) -> (2,0) -> (3,0) -> (4,0) -> (5,0) -> (6,0) -> (7,0) -> (8,0) -> (9,0) -> 
(10,0) -> (11,0) -> (12,0) -> (13,0) -> (14,0) -> (15,0) -> (16,0) -> (17,0) -> (18,0) -> (19,0) -> 
(20,0) -> (21,0) -> (22,0) -> (23,0) -> (24,0) -> (25,0) -> (26,0) -> (27,0) -> (28,0) -> (29,0) -> 
(30,0) -> (31,0) -> (32,0) -> (33,0) -> (34,0) -> (35,0) -> (36,0) -> (37,0) -> (38,0) -> (39,0) -> 
(40,0) -> (41,0) -> (42,0) -> (43,0) -> (44,0) -> (45,0) -> (46,0) -> (47,0) -> (48,0) -> (49,0) -> 
(50,0) -> (51,0) -> (52,0) -> (53,0) -> (54,0) -> (55,0) -> (56,0) -> (57,0) -> (58,0) -> (59,0) -> 
(60,0) -> (61,0) -> (62,0) -> (63,0) -> (64,0) -> (65,0) -> (66,0) -> (67,0) -> (68,0) -> (69,0) -> 
(70,0) -> (71,0) -> (72,0) -> (73,0) -> (74,0) -> (75,0) -> (76,0) -> (77,0) -> (78,0) -> (79,0) -> 
(79,1) -> (79,2) -> (79,3) -> (79,4) -> (79,5) -> (79,6) -> (79,7) -> (79,8) -> (79,9) -> (79,10) -> 
(79,11) -> (79,12) -> (79,13) -> (79,14) -> (79,15) -> (79,16) -> (79,17) -> (79,18) -> (79,19) -> (79,20) -> 
(79,21) -> (79,22) -> (79,23) -> (79,24) -> (79,25) -> (79,26) -> (79,27) -> (79,28) -> (79,29) -> (79,30) -> 
(79,31) -> (79,32) -> (79,33) -> (79,34) -> (79,35) -> (79,36) -> (79,37) -> (79,38) -> (79,39) -> (79,40) -> 
(79,41) -> (79,42) -> (79,43) -> (79,44) -> (79,45) -> (79,46) -> (79,47) -> (79,48) -> (79,49) -> (79,50) -> 
(79,51) -> (79,52) -> (79,53) -> (79,54) -> (79,55) -> (79,56) -> (79,57) -> (79,58) -> (79,59) -> (79,60) -> 
(79,61) -> (79,62) -> (79,63) -> (79,64) -> (79,65) -> (79,66) -> (79,67) -> (79,68) -> (79,69) -> (79,70) -> 
(79,71) -> (79,72) -> (79,73) -> (79,74) -> (79,75) -> (79,76) -> (79,77) -> (79,78) -> (79,79)
