========================================================================================
   RISOLUZIONE MDP E CAMMINATA OTTIMA (IN-PLACE): soluzioni/soluzione_ip_grid_9.txt
   Dimensioni Griglia: 100x100 | Start: (0,0) | Goal: (99,99)
========================================================================================

--- MATRICE DEI VALORI V* ('#'=Ostacolo) ---
  -97.00   -96.00   -95.00   -94.00   -93.00   -92.00   -91.00   -90.00   -89.00   -88.00   -87.00   -86.00   -85.00   -84.00   -83.00   -82.00   -81.00   -80.00   -79.00   -78.00   -77.00   -76.00   -75.00   -74.00   -73.00        #   -71.00   -70.00   -69.00   -68.00   -67.00   -66.00   -65.00   -64.00   -63.00   -62.00   -61.00   -60.00   -59.00   -58.00   -57.00   -56.00   -55.00   -54.00   -53.00   -52.00   -51.00   -50.00   -49.00   -48.00        #   -46.00   -45.00   -44.00   -43.00   -42.00   -41.00   -40.00   -39.00   -38.00   -37.00   -36.00   -35.00   -34.00   -33.00   -32.00   -31.00   -30.00   -29.00   -28.00   -27.00   -26.00   -25.00   -24.00   -23.00        #   -21.00   -20.00   -19.00   -18.00   -17.00   -16.00   -15.00   -14.00   -13.00   -12.00   -11.00   -10.00   -11.00   -12.00   -13.00   -14.00   -15.00   -16.00   -17.00   -18.00   -19.00   -20.00   -21.00   -22.00 
  -96.00   -95.00   -94.00   -93.00   -92.00   -91.00   -90.00   -89.00   -88.00   -87.00   -86.00   -85.00   -84.00   -83.00   -82.00   -81.00   -80.00   -79.00   -78.00   -77.00   -76.00   -75.00   -74.00   -73.00   -72.00        #   -70.00   -69.00   -68.00   -67.00   -66.00   -65.00   -64.00   -63.00   -62.00   -61.00   -60.00   -59.00   -58.00   -57.00   -56.00   -55.00   -54.00   -53.00   -52.00   -51.00   -50.00   -49.00   -48.00   -47.00        #   -45.00   -44.00   -43.00   -42.00   -41.00   -40.00   -39.00   -38.00   -37.00   -36.00   -35.00   -34.00   -33.00   -32.00   -31.00   -30.00   -29.00   -28.00   -27.00   -26.00   -25.00   -24.00   -23.00   -22.00        #   -20.00   -19.00   -18.00   -17.00   -16.00   -15.00   -14.00   -13.00   -12.00   -11.00   -10.00    -9.00   -10.00   -11.00   -12.00   -13.00   -14.00   -15.00   -16.00   -17.00   -18.00   -19.00   -20.00   -21.00 
  -95.00   -94.00   -93.00   -92.00   -91.00   -90.00   -89.00   -88.00   -87.00   -86.00   -85.00   -84.00   -83.00   -82.00   -81.00   -80.00   -79.00   -78.00   -77.00   -76.00   -75.00   -74.00   -73.00   -72.00   -71.00        #   -69.00   -68.00   -67.00   -66.00   -65.00   -64.00   -63.00   -62.00   -61.00   -60.00   -59.00   -58.00   -57.00   -56.00   -55.00   -54.00   -53.00   -52.00   -51.00   -50.00   -49.00   -48.00   -47.00   -46.00        #   -44.00   -43.00   -42.00   -41.00   -40.00   -39.00   -38.00   -37.00   -36.00   -35.00   -34.00   -33.00   -32.00   -31.00   -30.00   -29.00   -28.00   -27.00   -26.00   -25.00   -24.00   -23.00   -22.00   -21.00        #   -19.00   -18.00   -17.00   -16.00   -15.00   -14.00   -13.00   -12.00   -11.00   -10.00    -9.00    -8.00    -9.00   -10.00   -11.00   -12.00   -13.00   -14.00   -15.00   -16.00   -17.00   -18.00   -19.00   -20.00 
  -94.00   -93.00   -92.00   -91.00   -90.00   -89.00   -88.00   -87.00   -86.00   -85.00   -84.00   -83.00   -82.00   -81.00   -80.00   -79.00   -78.00   -77.00   -76.00   -75.00   -74.00   -73.00   -72.00   -71.00   -70.00        #   -68.00   -67.00   -66.00   -65.00   -64.00   -63.00   -62.00   -61.00   -60.00   -59.00   -58.00   -57.00   -56.00   -55.00   -54.00   -53.00   -52.00   -51.00   -50.00   -49.00   -48.00   -47.00   -46.00   -45.00        #   -43.00   -42.00   -41.00   -40.00   -39.00   -38.00   -37.00   -36.00   -35.00   -34.00   -33.00   -32.00   -31.00   -30.00   -29.00   -28.00   -27.00   -26.00   -25.00   -24.00   -23.00   -22.00   -21.00   -20.00        #   -18.00   -17.00   -16.00   -15.00   -14.00   -13.00   -12.00   -11.00   -10.00    -9.00    -8.00    -7.00    -8.00    -9.00   -10.00   -11.00   -12.00   -13.00   -14.00   -15.00   -16.00   -17.00   -18.00   -19.00 
  -93.00   -92.00   -91.00   -90.00   -89.00   -88.00   -87.00   -86.00   -85.00   -84.00   -83.00   -82.00   -81.00   -80.00   -79.00   -78.00   -77.00   -76.00   -75.00   -74.00   -73.00   -72.00   -71.00   -70.00   -69.00        #   -67.00   -66.00   -65.00   -64.00   -63.00   -62.00   -61.00   -60.00   -59.00   -58.00   -57.00   -56.00   -55.00   -54.00   -53.00   -52.00   -51.00   -50.00   -49.00   -48.00   -47.00   -46.00   -45.00   -44.00        #   -42.00   -41.00   -40.00   -39.00   -38.00   -37.00   -36.00   -35.00   -34.00   -33.00   -32.00   -31.00   -30.00   -29.00   -28.00   -27.00   -26.00   -25.00   -24.00   -23.00   -22.00   -21.00   -20.00   -19.00        #   -17.00   -16.00   -15.00   -14.00   -13.00   -12.00   -11.00   -10.00    -9.00    -8.00    -7.00    -6.00    -7.00    -8.00    -9.00   -10.00   -11.00   -12.00   -13.00   -14.00   -15.00   -16.00   -17.00   -18.00 
  -92.00   -91.00   -90.00   -89.00   -88.00   -87.00   -86.00   -85.00   -84.00   -83.00   -82.00   -81.00   -80.00   -79.00   -78.00   -77.00   -76.00   -75.00   -74.00   -73.00   -72.00   -71.00   -70.00   -69.00   -68.00        #   -66.00   -65.00   -64.00   -63.00   -62.00   -61.00   -60.00   -59.00   -58.00   -57.00   -56.00   -55.00   -54.00   -53.00   -52.00   -51.00   -50.00   -49.00   -48.00   -47.00   -46.00   -45.00   -44.00   -43.00        #   -41.00   -40.00   -39.00   -38.00   -37.00   -36.00   -35.00   -34.00   -33.00   -32.00   -31.00   -30.00   -29.00   -28.00   -27.00   -26.00   -25.00   -24.00   -23.00   -22.00   -21.00   -20.00   -19.00   -18.00        #   -16.00   -15.00   -14.00   -13.00   -12.00   -11.00   -10.00    -9.00    -8.00    -7.00    -6.00    -5.00    -6.00    -7.00    -8.00    -9.00   -10.00   -11.00   -12.00   -13.00   -14.00   -15.00   -16.00   -17.00 
  -91.00   -90.00   -89.00   -88.00   -87.00   -86.00   -85.00   -84.00   -83.00   -82.00   -81.00   -80.00   -79.00   -78.00   -77.00   -76.00   -75.00   -74.00   -73.00   -72.00   -71.00   -70.00   -69.00   -68.00   -67.00        #   -65.00   -64.00   -63.00   -62.00   -61.00   -60.00   -59.00   -58.00   -57.00   -56.00   -55.00   -54.00   -53.00   -52.00   -51.00   -50.00   -49.00   -48.00   -47.00   -46.00   -45.00   -44.00   -43.00   -42.00        #   -40.00   -39.00   -38.00   -37.00   -36.00   -35.00   -34.00   -33.00   -32.00   -31.00   -30.00   -29.00   -28.00   -27.00   -26.00   -25.00   -24.00   -23.00   -22.00   -21.00   -20.00   -19.00   -18.00   -17.00        #   -15.00   -14.00   -13.00   -12.00   -11.00   -10.00    -9.00    -8.00    -7.00    -6.00    -5.00    -4.00    -5.00    -6.00    -7.00    -8.00    -9.00   -10.00   -11.00   -12.00   -13.00   -14.00   -15.00   -16.00 
  -90.00   -89.00   -88.00   -87.00   -86.00   -85.00   -84.00   -83.00   -82.00   -81.00   -80.00   -79.00   -78.00   -77.00   -76.00   -75.00   -74.00   -73.00   -72.00   -71.00   -70.00   -69.00   -68.00   -67.00   -66.00        #   -64.00   -63.00   -62.00   -61.00   -60.00   -59.00   -58.00   -57.00   -56.00   -55.00   -54.00   -53.00   -52.00   -51.00   -50.00   -49.00   -48.00   -47.00   -46.00   -45.00   -44.00   -43.00   -42.00   -41.00        #   -39.00   -38.00   -37.00   -36.00   -35.00   -34.00   -33.00   -32.00   -31.00   -30.00   -29.00   -28.00   -27.00   -26.00   -25.00   -24.00   -23.00   -22.00   -21.00   -20.00   -19.00   -18.00   -17.00   -16.00        #   -14.00   -13.00   -12.00   -11.00   -10.00    -9.00    -8.00    -7.00    -6.00    -5.00    -4.00    -3.00    -4.00    -5.00    -6.00    -7.00    -8.00    -9.00   -10.00   -11.00   -12.00   -13.00   -14.00   -15.00 
  -89.00   -88.00   -87.00   -86.00   -85.00   -84.00   -83.00   -82.00   -81.00   -80.00   -79.00   -78.00   -77.00   -76.00   -75.00   -74.00   -73.00   -72.00   -71.00   -70.00   -69.00   -68.00   -67.00   -66.00   -65.00        #   -63.00   -62.00   -61.00   -60.00   -59.00   -58.00   -57.00   -56.00   -55.00   -54.00   -53.00   -52.00   -51.00   -50.00   -49.00   -48.00   -47.00   -46.00   -45.00   -44.00   -43.00   -42.00   -41.00   -40.00        #   -38.00   -37.00   -36.00   -35.00   -34.00   -33.00   -32.00   -31.00   -30.00   -29.00   -28.00   -27.00   -26.00   -25.00   -24.00   -23.00   -22.00   -21.00   -20.00   -19.00   -18.00   -17.00   -16.00   -15.00        #   -13.00   -12.00   -11.00   -10.00    -9.00    -8.00    -7.00    -6.00    -5.00    -4.00    -3.00    -2.00    -3.00    -4.00    -5.00    -6.00    -7.00    -8.00    -9.00   -10.00   -11.00   -12.00   -13.00   -14.00 
  -88.00   -87.00   -86.00   -85.00   -84.00   -83.00   -82.00   -81.00   -80.00   -79.00   -78.00   -77.00   -76.00   -75.00   -74.00   -73.00   -72.00   -71.00   -70.00   -69.00   -68.00   -67.00   -66.00   -65.00   -64.00        #   -62.00   -61.00   -60.00   -59.00   -58.00   -57.00   -56.00   -55.00   -54.00   -53.00   -52.00   -51.00   -50.00   -49.00   -48.00   -47.00   -46.00   -45.00   -44.00   -43.00   -42.00   -41.00   -40.00   -39.00        #   -37.00   -36.00   -35.00   -34.00   -33.00   -32.00   -31.00   -30.00   -29.00   -28.00   -27.00   -26.00   -25.00   -24.00   -23.00   -22.00   -21.00   -20.00   -19.00   -18.00   -17.00   -16.00   -15.00   -14.00        #   -12.00   -11.00   -10.00    -9.00    -8.00    -7.00    -6.00    -5.00    -4.00    -3.00    -2.00    -1.00    -2.00    -3.00    -4.00    -5.00    -6.00    -7.00    -8.00    -9.00   -10.00   -11.00   -12.00   -13.00 
  -87.00   -86.00   -85.00   -84.00   -83.00   -82.00   -81.00   -80.00   -79.00   -78.00   -77.00   -76.00   -75.00   -74.00   -73.00   -72.00   -71.00   -70.00   -69.00   -68.00   -67.00   -66.00   -65.00   -64.00   -63.00        #   -61.00   -60.00   -59.00   -58.00   -57.00   -56.00   -55.00   -54.00   -53.00   -52.00   -51.00   -50.00   -49.00   -48.00   -47.00   -46.00   -45.00   -44.00   -43.00   -42.00   -41.00   -40.00   -39.00   -38.00        #   -36.00   -35.00   -34.00   -33.00   -32.00   -31.00   -30.00   -29.00   -28.00   -27.00   -26.00   -25.00   -24.00   -23.00   -22.00   -21.00   -20.00   -19.00   -18.00   -17.00   -16.00   -15.00   -14.00   -13.00        #   -11.00   -10.00    -9.00    -8.00    -7.00    -6.00    -5.00    -4.00    -3.00    -2.00    -1.00     0.00    -1.00    -2.00    -3.00    -4.00    -5.00    -6.00    -7.00    -8.00    -9.00   -10.00   -11.00   -12.00 
  -86.00   -85.00   -84.00   -83.00   -82.00   -81.00   -80.00   -79.00   -78.00   -77.00   -76.00   -75.00   -74.00   -73.00   -72.00   -71.00   -70.00   -69.00   -68.00   -67.00   -66.00   -65.00   -64.00   -63.00   -62.00        #   -60.00   -59.00   -58.00   -57.00   -56.00   -55.00   -54.00   -53.00   -52.00   -51.00   -50.00   -49.00   -48.00   -47.00   -46.00   -45.00   -44.00   -43.00   -42.00   -41.00   -40.00   -39.00   -38.00   -37.00        #   -35.00   -34.00   -33.00   -32.00   -31.00   -30.00   -29.00   -28.00   -27.00   -26.00   -25.00   -24.00   -23.00   -22.00   -21.00   -20.00   -19.00   -18.00   -17.00   -16.00   -15.00   -14.00   -13.00   -12.00        #   -10.00    -9.00    -8.00    -7.00    -6.00    -5.00    -4.00    -3.00    -2.00    -1.00     0.00     1.00     0.00    -1.00    -2.00    -3.00    -4.00    -5.00    -6.00    -7.00    -8.00    -9.00   -10.00   -11.00 
  -85.00   -84.00   -83.00   -82.00   -81.00   -80.00   -79.00   -78.00   -77.00   -76.00   -75.00   -74.00   -73.00   -72.00   -71.00   -70.00   -69.00   -68.00   -67.00   -66.00   -65.00   -64.00   -63.00   -62.00   -61.00   -60.00   -59.00   -58.00   -57.00   -56.00   -55.00   -54.00   -53.00   -52.00   -51.00   -50.00   -49.00   -48.00   -47.00   -46.00   -45.00   -44.00   -43.00   -42.00   -41.00   -40.00   -39.00   -38.00   -37.00   -36.00   -35.00   -34.00   -33.00   -32.00   -31.00   -30.00   -29.00   -28.00   -27.00   -26.00   -25.00   -24.00   -23.00   -22.00   -21.00   -20.00   -19.00   -18.00   -17.00   -16.00   -15.00   -14.00   -13.00   -12.00   -11.00   -10.00    -9.00    -8.00    -7.00    -6.00    -5.00    -4.00    -3.00    -2.00    -1.00     0.00     1.00     2.00     1.00     0.00    -1.00    -2.00    -3.00    -4.00    -5.00    -6.00    -7.00    -8.00    -9.00   -10.00 
  -84.00   -83.00   -82.00   -81.00   -80.00   -79.00   -78.00   -77.00   -76.00   -75.00   -74.00   -73.00   -72.00   -73.00   -72.00   -71.00   -70.00   -69.00   -68.00   -67.00   -66.00   -65.00   -64.00   -63.00   -62.00        #   -58.00   -57.00   -56.00   -55.00   -54.00   -53.00   -52.00   -51.00   -50.00   -49.00   -48.00   -47.00   -48.00   -47.00   -46.00   -45.00   -44.00   -43.00   -42.00   -41.00   -40.00   -39.00   -38.00   -37.00        #   -33.00   -32.00   -31.00   -30.00   -29.00   -28.00   -27.00   -26.00   -25.00   -24.00   -23.00   -22.00   -23.00   -22.00   -21.00   -20.00   -19.00   -18.00   -17.00   -16.00   -15.00   -14.00   -13.00   -12.00        #    -8.00    -7.00    -6.00    -5.00    -4.00    -3.00    -2.00    -1.00     0.00     1.00     2.00     3.00     2.00     1.00     0.00    -1.00    -2.00    -3.00    -4.00    -5.00    -6.00    -7.00    -8.00    -9.00 
  -83.00   -82.00   -81.00   -80.00   -79.00   -78.00   -77.00   -76.00   -75.00   -74.00   -73.00   -72.00   -71.00   -72.00   -73.00   -72.00   -71.00   -70.00   -69.00   -68.00   -67.00   -66.00   -65.00   -64.00   -63.00        #   -57.00   -56.00   -55.00   -54.00   -53.00   -52.00   -51.00   -50.00   -49.00   -48.00   -47.00   -46.00   -47.00   -48.00   -47.00   -46.00   -45.00   -44.00   -43.00   -42.00   -41.00   -40.00   -39.00   -38.00        #   -32.00   -31.00   -30.00   -29.00   -28.00   -27.00   -26.00   -25.00   -24.00   -23.00   -22.00   -21.00   -22.00   -23.00   -22.00   -21.00   -20.00   -19.00   -18.00   -17.00   -16.00   -15.00   -14.00   -13.00        #    -7.00    -6.00    -5.00    -4.00    -3.00    -2.00    -1.00     0.00     1.00     2.00     3.00     4.00     3.00     2.00     1.00     0.00    -1.00    -2.00    -3.00    -4.00    -5.00    -6.00    -7.00    -8.00 
  -82.00   -81.00   -80.00   -79.00   -78.00   -77.00   -76.00   -75.00   -74.00   -73.00   -72.00   -71.00   -70.00   -71.00   -72.00   -73.00   -72.00   -71.00   -70.00   -69.00   -68.00   -67.00   -66.00   -65.00   -64.00        #   -56.00   -55.00   -54.00   -53.00   -52.00   -51.00   -50.00   -49.00   -48.00   -47.00   -46.00   -45.00   -46.00   -47.00   -48.00   -47.00   -46.00   -45.00   -44.00   -43.00   -42.00   -41.00   -40.00   -39.00        #   -31.00   -30.00   -29.00   -28.00   -27.00   -26.00   -25.00   -24.00   -23.00   -22.00   -21.00   -20.00   -21.00   -22.00   -23.00   -22.00   -21.00   -20.00   -19.00   -18.00   -17.00   -16.00   -15.00   -14.00        #    -6.00    -5.00    -4.00    -3.00    -2.00    -1.00     0.00     1.00     2.00     3.00     4.00     5.00     4.00     3.00     2.00     1.00     0.00    -1.00    -2.00    -3.00    -4.00    -5.00    -6.00    -7.00 
  -81.00   -80.00   -79.00   -78.00   -77.00   -76.00   -75.00   -74.00   -73.00   -72.00   -71.00   -70.00   -69.00   -70.00   -71.00   -72.00   -73.00   -72.00   -71.00   -70.00   -69.00   -68.00   -67.00   -66.00   -65.00        #   -55.00   -54.00   -53.00   -52.00   -51.00   -50.00   -49.00   -48.00   -47.00   -46.00   -45.00   -44.00   -45.00   -46.00   -47.00   -48.00   -47.00   -46.00   -45.00   -44.00   -43.00   -42.00   -41.00   -40.00        #   -30.00   -29.00   -28.00   -27.00   -26.00   -25.00   -24.00   -23.00   -22.00   -21.00   -20.00   -19.00   -20.00   -21.00   -22.00   -23.00   -22.00   -21.00   -20.00   -19.00   -18.00   -17.00   -16.00   -15.00        #    -5.00    -4.00    -3.00    -2.00    -1.00     0.00     1.00     2.00     3.00     4.00     5.00     6.00     5.00     4.00     3.00     2.00     1.00     0.00    -1.00    -2.00    -3.00    -4.00    -5.00    -6.00 
  -80.00   -79.00   -78.00   -77.00   -76.00   -75.00   -74.00   -73.00   -72.00   -71.00   -70.00   -69.00   -68.00   -69.00   -70.00   -71.00   -72.00   -73.00   -72.00   -71.00   -70.00   -69.00   -68.00   -67.00   -66.00        #   -54.00   -53.00   -52.00   -51.00   -50.00   -49.00   -48.00   -47.00   -46.00   -45.00   -44.00   -43.00   -44.00   -45.00   -46.00   -47.00   -48.00   -47.00   -46.00   -45.00   -44.00   -43.00   -42.00   -41.00        #   -29.00   -28.00   -27.00   -26.00   -25.00   -24.00   -23.00   -22.00   -21.00   -20.00   -19.00   -18.00   -19.00   -20.00   -21.00   -22.00   -23.00   -22.00   -21.00   -20.00   -19.00   -18.00   -17.00   -16.00        #    -4.00    -3.00    -2.00    -1.00     0.00     1.00     2.00     3.00     4.00     5.00     6.00     7.00     6.00     5.00     4.00     3.00     2.00     1.00     0.00    -1.00    -2.00    -3.00    -4.00    -5.00 
  -79.00   -78.00   -77.00   -76.00   -75.00   -74.00   -73.00   -72.00   -71.00   -70.00   -69.00   -68.00   -67.00   -68.00   -69.00   -70.00   -71.00   -72.00   -73.00   -72.00   -71.00   -70.00   -69.00   -68.00   -67.00        #   -53.00   -52.00   -51.00   -50.00   -49.00   -48.00   -47.00   -46.00   -45.00   -44.00   -43.00   -42.00   -43.00   -44.00   -45.00   -46.00   -47.00   -48.00   -47.00   -46.00   -45.00   -44.00   -43.00   -42.00        #   -28.00   -27.00   -26.00   -25.00   -24.00   -23.00   -22.00   -21.00   -20.00   -19.00   -18.00   -17.00   -18.00   -19.00   -20.00   -21.00   -22.00   -23.00   -22.00   -21.00   -20.00   -19.00   -18.00   -17.00        #    -3.00    -2.00    -1.00     0.00     1.00     2.00     3.00     4.00     5.00     6.00     7.00     8.00     7.00     6.00     5.00     4.00     3.00     2.00     1.00     0.00    -1.00    -2.00    -3.00    -4.00 
  -78.00   -77.00   -76.00   -75.00   -74.00   -73.00   -72.00   -71.00   -70.00   -69.00   -68.00   -67.00   -66.00   -67.00   -68.00   -69.00   -70.00   -71.00   -72.00   -73.00   -72.00   -71.00   -70.00   -69.00   -68.00        #   -52.00   -51.00   -50.00   -49.00   -48.00   -47.00   -46.00   -45.00   -44.00   -43.00   -42.00   -41.00   -42.00   -43.00   -44.00   -45.00   -46.00   -47.00   -48.00   -47.00   -46.00   -45.00   -44.00   -43.00        #   -27.00   -26.00   -25.00   -24.00   -23.00   -22.00   -21.00   -20.00   -19.00   -18.00   -17.00   -16.00   -17.00   -18.00   -19.00   -20.00   -21.00   -22.00   -23.00   -22.00   -21.00   -20.00   -19.00   -18.00        #    -2.00    -1.00     0.00     1.00     2.00     3.00     4.00     5.00     6.00     7.00     8.00     9.00     8.00     7.00     6.00     5.00     4.00     3.00     2.00     1.00     0.00    -1.00    -2.00    -3.00 
  -77.00   -76.00   -75.00   -74.00   -73.00   -72.00   -71.00   -70.00   -69.00   -68.00   -67.00   -66.00   -65.00   -66.00   -67.00   -68.00   -69.00   -70.00   -71.00   -72.00   -73.00   -72.00   -71.00   -70.00   -69.00        #   -51.00   -50.00   -49.00   -48.00   -47.00   -46.00   -45.00   -44.00   -43.00   -42.00   -41.00   -40.00   -41.00   -42.00   -43.00   -44.00   -45.00   -46.00   -47.00   -48.00   -47.00   -46.00   -45.00   -44.00        #   -26.00   -25.00   -24.00   -23.00   -22.00   -21.00   -20.00   -19.00   -18.00   -17.00   -16.00   -15.00   -16.00   -17.00   -18.00   -19.00   -20.00   -21.00   -22.00   -23.00   -22.00   -21.00   -20.00   -19.00        #    -1.00     0.00     1.00     2.00     3.00     4.00     5.00     6.00     7.00     8.00     9.00    10.00     9.00     8.00     7.00     6.00     5.00     4.00     3.00     2.00     1.00     0.00    -1.00    -2.00 
  -76.00   -75.00   -74.00   -73.00   -72.00   -71.00   -70.00   -69.00   -68.00   -67.00   -66.00   -65.00   -64.00   -65.00   -66.00   -67.00   -68.00   -69.00   -70.00   -71.00   -72.00   -73.00   -72.00   -71.00   -70.00        #   -50.00   -49.00   -48.00   -47.00   -46.00   -45.00   -44.00   -43.00   -42.00   -41.00   -40.00   -39.00   -40.00   -41.00   -42.00   -43.00   -44.00   -45.00   -46.00   -47.00   -48.00   -47.00   -46.00   -45.00        #   -25.00   -24.00   -23.00   -22.00   -21.00   -20.00   -19.00   -18.00   -17.00   -16.00   -15.00   -14.00   -15.00   -16.00   -17.00   -18.00   -19.00   -20.00   -21.00   -22.00   -23.00   -22.00   -21.00   -20.00        #     0.00     1.00     2.00     3.00     4.00     5.00     6.00     7.00     8.00     9.00    10.00    11.00    10.00     9.00     8.00     7.00     6.00     5.00     4.00     3.00     2.00     1.00     0.00    -1.00 
  -75.00   -74.00   -73.00   -72.00   -71.00   -70.00   -69.00   -68.00   -67.00   -66.00   -65.00   -64.00   -63.00   -64.00   -65.00   -66.00   -67.00   -68.00   -69.00   -70.00   -71.00   -72.00   -73.00   -72.00   -71.00        #   -49.00   -48.00   -47.00   -46.00   -45.00   -44.00   -43.00   -42.00   -41.00   -40.00   -39.00   -38.00   -39.00   -40.00   -41.00   -42.00   -43.00   -44.00   -45.00   -46.00   -47.00   -48.00   -47.00   -46.00        #   -24.00   -23.00   -22.00   -21.00   -20.00   -19.00   -18.00   -17.00   -16.00   -15.00   -14.00   -13.00   -14.00   -15.00   -16.00   -17.00   -18.00   -19.00   -20.00   -21.00   -22.00   -23.00   -22.00   -21.00        #     1.00     2.00     3.00     4.00     5.00     6.00     7.00     8.00     9.00    10.00    11.00    12.00    11.00    10.00     9.00     8.00     7.00     6.00     5.00     4.00     3.00     2.00     1.00     0.00 
  -74.00   -73.00   -72.00   -71.00   -70.00   -69.00   -68.00   -67.00   -66.00   -65.00   -64.00   -63.00   -62.00   -63.00   -64.00   -65.00   -66.00   -67.00   -68.00   -69.00   -70.00   -71.00   -72.00   -73.00   -72.00        #   -48.00   -47.00   -46.00   -45.00   -44.00   -43.00   -42.00   -41.00   -40.00   -39.00   -38.00   -37.00   -38.00   -39.00   -40.00   -41.00   -42.00   -43.00   -44.00   -45.00   -46.00   -47.00   -48.00   -47.00        #   -23.00   -22.00   -21.00   -20.00   -19.00   -18.00   -17.00   -16.00   -15.00   -14.00   -13.00   -12.00   -13.00   -14.00   -15.00   -16.00   -17.00   -18.00   -19.00   -20.00   -21.00   -22.00   -23.00   -22.00        #     2.00     3.00     4.00     5.00     6.00     7.00     8.00     9.00    10.00    11.00    12.00    13.00    12.00    11.00    10.00     9.00     8.00     7.00     6.00     5.00     4.00     3.00     2.00     1.00 
  -73.00   -72.00   -71.00   -70.00   -69.00   -68.00   -67.00   -66.00   -65.00   -64.00   -63.00   -62.00   -61.00   -62.00   -63.00   -64.00   -65.00   -66.00   -67.00   -68.00   -69.00   -70.00   -71.00   -72.00   -73.00        #   -47.00   -46.00   -45.00   -44.00   -43.00   -42.00   -41.00   -40.00   -39.00   -38.00   -37.00   -36.00   -37.00   -38.00   -39.00   -40.00   -41.00   -42.00   -43.00   -44.00   -45.00   -46.00   -47.00   -48.00        #   -22.00   -21.00   -20.00   -19.00   -18.00   -17.00   -16.00   -15.00   -14.00   -13.00   -12.00   -11.00   -12.00   -13.00   -14.00   -15.00   -16.00   -17.00   -18.00   -19.00   -20.00   -21.00   -22.00   -23.00        #     3.00     4.00     5.00     6.00     7.00     8.00     9.00    10.00    11.00    12.00    13.00    14.00    13.00    12.00    11.00    10.00     9.00     8.00     7.00     6.00     5.00     4.00     3.00     2.00 
       #        #        #        #        #        #        #        #        #        #        #        #   -60.00        #        #        #        #        #        #        #        #        #        #        #        #        #        #        #        #        #        #        #        #        #        #        #        #   -35.00        #        #        #        #        #        #        #        #        #        #        #        #        #        #        #        #        #        #        #        #        #        #        #        #   -10.00        #        #        #        #        #        #        #        #        #        #        #        #        #        #        #        #        #        #        #        #        #        #        #        #    15.00        #        #        #        #        #        #        #        #        #        #        #        # 
  -71.00   -70.00   -69.00   -68.00   -67.00   -66.00   -65.00   -64.00   -63.00   -62.00   -61.00   -60.00   -59.00   -58.00   -57.00   -56.00   -55.00   -54.00   -53.00   -52.00   -51.00   -50.00   -49.00   -48.00   -47.00        #   -45.00   -44.00   -43.00   -42.00   -41.00   -40.00   -39.00   -38.00   -37.00   -36.00   -35.00   -34.00   -33.00   -32.00   -31.00   -30.00   -29.00   -28.00   -27.00   -26.00   -25.00   -24.00   -23.00   -22.00        #   -20.00   -19.00   -18.00   -17.00   -16.00   -15.00   -14.00   -13.00   -12.00   -11.00   -10.00    -9.00    -8.00    -7.00    -6.00    -5.00    -4.00    -3.00    -2.00    -1.00     0.00     1.00     2.00     3.00        #     5.00     6.00     7.00     8.00     9.00    10.00    11.00    12.00    13.00    14.00    15.00    16.00    15.00    14.00    13.00    12.00    11.00    10.00     9.00     8.00     7.00     6.00     5.00     4.00 
  -70.00   -69.00   -68.00   -67.00   -66.00   -65.00   -64.00   -63.00   -62.00   -61.00   -60.00   -59.00   -58.00   -57.00   -56.00   -55.00   -54.00   -53.00   -52.00   -51.00   -50.00   -49.00   -48.00   -47.00   -46.00        #   -44.00   -43.00   -42.00   -41.00   -40.00   -39.00   -38.00   -37.00   -36.00   -35.00   -34.00   -33.00   -32.00   -31.00   -30.00   -29.00   -28.00   -27.00   -26.00   -25.00   -24.00   -23.00   -22.00   -21.00        #   -19.00   -18.00   -17.00   -16.00   -15.00   -14.00   -13.00   -12.00   -11.00   -10.00    -9.00    -8.00    -7.00    -6.00    -5.00    -4.00    -3.00    -2.00    -1.00     0.00     1.00     2.00     3.00     4.00        #     6.00     7.00     8.00     9.00    10.00    11.00    12.00    13.00    14.00    15.00    16.00    17.00    16.00    15.00    14.00    13.00    12.00    11.00    10.00     9.00     8.00     7.00     6.00     5.00 
  -69.00   -68.00   -67.00   -66.00   -65.00   -64.00   -63.00   -62.00   -61.00   -60.00   -59.00   -58.00   -57.00   -56.00   -55.00   -54.00   -53.00   -52.00   -51.00   -50.00   -49.00   -48.00   -47.00   -46.00   -45.00        #   -43.00   -42.00   -41.00   -40.00   -39.00   -38.00   -37.00   -36.00   -35.00   -34.00   -33.00   -32.00   -31.00   -30.00   -29.00   -28.00   -27.00   -26.00   -25.00   -24.00   -23.00   -22.00   -21.00   -20.00        #   -18.00   -17.00   -16.00   -15.00   -14.00   -13.00   -12.00   -11.00   -10.00    -9.00    -8.00    -7.00    -6.00    -5.00    -4.00    -3.00    -2.00    -1.00     0.00     1.00     2.00     3.00     4.00     5.00        #     7.00     8.00     9.00    10.00    11.00    12.00    13.00    14.00    15.00    16.00    17.00    18.00    17.00    16.00    15.00    14.00    13.00    12.00    11.00    10.00     9.00     8.00     7.00     6.00 
  -68.00   -67.00   -66.00   -65.00   -64.00   -63.00   -62.00   -61.00   -60.00   -59.00   -58.00   -57.00   -56.00   -55.00   -54.00   -53.00   -52.00   -51.00   -50.00   -49.00   -48.00   -47.00   -46.00   -45.00   -44.00        #   -42.00   -41.00   -40.00   -39.00   -38.00   -37.00   -36.00   -35.00   -34.00   -33.00   -32.00   -31.00   -30.00   -29.00   -28.00   -27.00   -26.00   -25.00   -24.00   -23.00   -22.00   -21.00   -20.00   -19.00        #   -17.00   -16.00   -15.00   -14.00   -13.00   -12.00   -11.00   -10.00    -9.00    -8.00    -7.00    -6.00    -5.00    -4.00    -3.00    -2.00    -1.00     0.00     1.00     2.00     3.00     4.00     5.00     6.00        #     8.00     9.00    10.00    11.00    12.00    13.00    14.00    15.00    16.00    17.00    18.00    19.00    18.00    17.00    16.00    15.00    14.00    13.00    12.00    11.00    10.00     9.00     8.00     7.00 
  -67.00   -66.00   -65.00   -64.00   -63.00   -62.00   -61.00   -60.00   -59.00   -58.00   -57.00   -56.00   -55.00   -54.00   -53.00   -52.00   -51.00   -50.00   -49.00   -48.00   -47.00   -46.00   -45.00   -44.00   -43.00        #   -41.00   -40.00   -39.00   -38.00   -37.00   -36.00   -35.00   -34.00   -33.00   -32.00   -31.00   -30.00   -29.00   -28.00   -27.00   -26.00   -25.00   -24.00   -23.00   -22.00   -21.00   -20.00   -19.00   -18.00        #   -16.00   -15.00   -14.00   -13.00   -12.00   -11.00   -10.00    -9.00    -8.00    -7.00    -6.00    -5.00    -4.00    -3.00    -2.00    -1.00     0.00     1.00     2.00     3.00     4.00     5.00     6.00     7.00        #     9.00    10.00    11.00    12.00    13.00    14.00    15.00    16.00    17.00    18.00    19.00    20.00    19.00    18.00    17.00    16.00    15.00    14.00    13.00    12.00    11.00    10.00     9.00     8.00 
  -66.00   -65.00   -64.00   -63.00   -62.00   -61.00   -60.00   -59.00   -58.00   -57.00   -56.00   -55.00   -54.00   -53.00   -52.00   -51.00   -50.00   -49.00   -48.00   -47.00   -46.00   -45.00   -44.00   -43.00   -42.00        #   -40.00   -39.00   -38.00   -37.00   -36.00   -35.00   -34.00   -33.00   -32.00   -31.00   -30.00   -29.00   -28.00   -27.00   -26.00   -25.00   -24.00   -23.00   -22.00   -21.00   -20.00   -19.00   -18.00   -17.00        #   -15.00   -14.00   -13.00   -12.00   -11.00   -10.00    -9.00    -8.00    -7.00    -6.00    -5.00    -4.00    -3.00    -2.00    -1.00     0.00     1.00     2.00     3.00     4.00     5.00     6.00     7.00     8.00        #    10.00    11.00    12.00    13.00    14.00    15.00    16.00    17.00    18.00    19.00    20.00    21.00    20.00    19.00    18.00    17.00    16.00    15.00    14.00    13.00    12.00    11.00    10.00     9.00 
  -65.00   -64.00   -63.00   -62.00   -61.00   -60.00   -59.00   -58.00   -57.00   -56.00   -55.00   -54.00   -53.00   -52.00   -51.00   -50.00   -49.00   -48.00   -47.00   -46.00   -45.00   -44.00   -43.00   -42.00   -41.00        #   -39.00   -38.00   -37.00   -36.00   -35.00   -34.00   -33.00   -32.00   -31.00   -30.00   -29.00   -28.00   -27.00   -26.00   -25.00   -24.00   -23.00   -22.00   -21.00   -20.00   -19.00   -18.00   -17.00   -16.00        #   -14.00   -13.00   -12.00   -11.00   -10.00    -9.00    -8.00    -7.00    -6.00    -5.00    -4.00    -3.00    -2.00    -1.00     0.00     1.00     2.00     3.00     4.00     5.00     6.00     7.00     8.00     9.00        #    11.00    12.00    13.00    14.00    15.00    16.00    17.00    18.00    19.00    20.00    21.00    22.00    21.00    20.00    19.00    18.00    17.00    16.00    15.00    14.00    13.00    12.00    11.00    10.00 
  -64.00   -63.00   -62.00   -61.00   -60.00   -59.00   -58.00   -57.00   -56.00   -55.00   -54.00   -53.00   -52.00   -51.00   -50.00   -49.00   -48.00   -47.00   -46.00   -45.00   -44.00   -43.00   -42.00   -41.00   -40.00        #   -38.00   -37.00   -36.00   -35.00   -34.00   -33.00   -32.00   -31.00   -30.00   -29.00   -28.00   -27.00   -26.00   -25.00   -24.00   -23.00   -22.00   -21.00   -20.00   -19.00   -18.00   -17.00   -16.00   -15.00        #   -13.00   -12.00   -11.00   -10.00    -9.00    -8.00    -7.00    -6.00    -5.00    -4.00    -3.00    -2.00    -1.00     0.00     1.00     2.00     3.00     4.00     5.00     6.00     7.00     8.00     9.00    10.00        #    12.00    13.00    14.00    15.00    16.00    17.00    18.00    19.00    20.00    21.00    22.00    23.00    22.00    21.00    20.00    19.00    18.00    17.00    16.00    15.00    14.00    13.00    12.00    11.00 
  -63.00   -62.00   -61.00   -60.00   -59.00   -58.00   -57.00   -56.00   -55.00   -54.00   -53.00   -52.00   -51.00   -50.00   -49.00   -48.00   -47.00   -46.00   -45.00   -44.00   -43.00   -42.00   -41.00   -40.00   -39.00        #   -37.00   -36.00   -35.00   -34.00   -33.00   -32.00   -31.00   -30.00   -29.00   -28.00   -27.00   -26.00   -25.00   -24.00   -23.00   -22.00   -21.00   -20.00   -19.00   -18.00   -17.00   -16.00   -15.00   -14.00        #   -12.00   -11.00   -10.00    -9.00    -8.00    -7.00    -6.00    -5.00    -4.00    -3.00    -2.00    -1.00     0.00     1.00     2.00     3.00     4.00     5.00     6.00     7.00     8.00     9.00    10.00    11.00        #    13.00    14.00    15.00    16.00    17.00    18.00    19.00    20.00    21.00    22.00    23.00    24.00    23.00    22.00    21.00    20.00    19.00    18.00    17.00    16.00    15.00    14.00    13.00    12.00 
  -62.00   -61.00   -60.00   -59.00   -58.00   -57.00   -56.00   -55.00   -54.00   -53.00   -52.00   -51.00   -50.00   -49.00   -48.00   -47.00   -46.00   -45.00   -44.00   -43.00   -42.00   -41.00   -40.00   -39.00   -38.00        #   -36.00   -35.00   -34.00   -33.00   -32.00   -31.00   -30.00   -29.00   -28.00   -27.00   -26.00   -25.00   -24.00   -23.00   -22.00   -21.00   -20.00   -19.00   -18.00   -17.00   -16.00   -15.00   -14.00   -13.00        #   -11.00   -10.00    -9.00    -8.00    -7.00    -6.00    -5.00    -4.00    -3.00    -2.00    -1.00     0.00     1.00     2.00     3.00     4.00     5.00     6.00     7.00     8.00     9.00    10.00    11.00    12.00        #    14.00    15.00    16.00    17.00    18.00    19.00    20.00    21.00    22.00    23.00    24.00    25.00    24.00    23.00    22.00    21.00    20.00    19.00    18.00    17.00    16.00    15.00    14.00    13.00 
  -61.00   -60.00   -59.00   -58.00   -57.00   -56.00   -55.00   -54.00   -53.00   -52.00   -51.00   -50.00   -49.00   -48.00   -47.00   -46.00   -45.00   -44.00   -43.00   -42.00   -41.00   -40.00   -39.00   -38.00   -37.00        #   -35.00   -34.00   -33.00   -32.00   -31.00   -30.00   -29.00   -28.00   -27.00   -26.00   -25.00   -24.00   -23.00   -22.00   -21.00   -20.00   -19.00   -18.00   -17.00   -16.00   -15.00   -14.00   -13.00   -12.00        #   -10.00    -9.00    -8.00    -7.00    -6.00    -5.00    -4.00    -3.00    -2.00    -1.00     0.00     1.00     2.00     3.00     4.00     5.00     6.00     7.00     8.00     9.00    10.00    11.00    12.00    13.00        #    15.00    16.00    17.00    18.00    19.00    20.00    21.00    22.00    23.00    24.00    25.00    26.00    25.00    24.00    23.00    22.00    21.00    20.00    19.00    18.00    17.00    16.00    15.00    14.00 
  -60.00   -59.00   -58.00   -57.00   -56.00   -55.00   -54.00   -53.00   -52.00   -51.00   -50.00   -49.00   -48.00   -47.00   -46.00   -45.00   -44.00   -43.00   -42.00   -41.00   -40.00   -39.00   -38.00   -37.00   -36.00   -35.00   -34.00   -33.00   -32.00   -31.00   -30.00   -29.00   -28.00   -27.00   -26.00   -25.00   -24.00   -23.00   -22.00   -21.00   -20.00   -19.00   -18.00   -17.00   -16.00   -15.00   -14.00   -13.00   -12.00   -11.00   -10.00    -9.00    -8.00    -7.00    -6.00    -5.00    -4.00    -3.00    -2.00    -1.00     0.00     1.00     2.00     3.00     4.00     5.00     6.00     7.00     8.00     9.00    10.00    11.00    12.00    13.00    14.00    15.00    16.00    17.00    18.00    19.00    20.00    21.00    22.00    23.00    24.00    25.00    26.00    27.00    26.00    25.00    24.00    23.00    22.00    21.00    20.00    19.00    18.00    17.00    16.00    15.00 
  -59.00   -58.00   -57.00   -56.00   -55.00   -54.00   -53.00   -52.00   -51.00   -50.00   -49.00   -48.00   -47.00   -48.00   -47.00   -46.00   -45.00   -44.00   -43.00   -42.00   -41.00   -40.00   -39.00   -38.00   -37.00        #   -33.00   -32.00   -31.00   -30.00   -29.00   -28.00   -27.00   -26.00   -25.00   -24.00   -23.00   -22.00   -23.00   -22.00   -21.00   -20.00   -19.00   -18.00   -17.00   -16.00   -15.00   -14.00   -13.00   -12.00        #    -8.00    -7.00    -6.00    -5.00    -4.00    -3.00    -2.00    -1.00     0.00     1.00     2.00     3.00     2.00     3.00     4.00     5.00     6.00     7.00     8.00     9.00    10.00    11.00    12.00    13.00        #    17.00    18.00    19.00    20.00    21.00    22.00    23.00    24.00    25.00    26.00    27.00    28.00    27.00    26.00    25.00    24.00    23.00    22.00    21.00    20.00    19.00    18.00    17.00    16.00 
  -58.00   -57.00   -56.00   -55.00   -54.00   -53.00   -52.00   -51.00   -50.00   -49.00   -48.00   -47.00   -46.00   -47.00   -48.00   -47.00   -46.00   -45.00   -44.00   -43.00   -42.00   -41.00   -40.00   -39.00   -38.00        #   -32.00   -31.00   -30.00   -29.00   -28.00   -27.00   -26.00   -25.00   -24.00   -23.00   -22.00   -21.00   -22.00   -23.00   -22.00   -21.00   -20.00   -19.00   -18.00   -17.00   -16.00   -15.00   -14.00   -13.00        #    -7.00    -6.00    -5.00    -4.00    -3.00    -2.00    -1.00     0.00     1.00     2.00     3.00     4.00     3.00     2.00     3.00     4.00     5.00     6.00     7.00     8.00     9.00    10.00    11.00    12.00        #    18.00    19.00    20.00    21.00    22.00    23.00    24.00    25.00    26.00    27.00    28.00    29.00    28.00    27.00    26.00    25.00    24.00    23.00    22.00    21.00    20.00    19.00    18.00    17.00 
  -57.00   -56.00   -55.00   -54.00   -53.00   -52.00   -51.00   -50.00   -49.00   -48.00   -47.00   -46.00   -45.00   -46.00   -47.00   -48.00   -47.00   -46.00   -45.00   -44.00   -43.00   -42.00   -41.00   -40.00   -39.00        #   -31.00   -30.00   -29.00   -28.00   -27.00   -26.00   -25.00   -24.00   -23.00   -22.00   -21.00   -20.00   -21.00   -22.00   -23.00   -22.00   -21.00   -20.00   -19.00   -18.00   -17.00   -16.00   -15.00   -14.00        #    -6.00    -5.00    -4.00    -3.00    -2.00    -1.00     0.00     1.00     2.00     3.00     4.00     5.00     4.00     3.00     2.00     3.00     4.00     5.00     6.00     7.00     8.00     9.00    10.00    11.00        #    19.00    20.00    21.00    22.00    23.00    24.00    25.00    26.00    27.00    28.00    29.00    30.00    29.00    28.00    27.00    26.00    25.00    24.00    23.00    22.00    21.00    20.00    19.00    18.00 
  -56.00   -55.00   -54.00   -53.00   -52.00   -51.00   -50.00   -49.00   -48.00   -47.00   -46.00   -45.00   -44.00   -45.00   -46.00   -47.00   -48.00   -47.00   -46.00   -45.00   -44.00   -43.00   -42.00   -41.00   -40.00        #   -30.00   -29.00   -28.00   -27.00   -26.00   -25.00   -24.00   -23.00   -22.00   -21.00   -20.00   -19.00   -20.00   -21.00   -22.00   -23.00   -22.00   -21.00   -20.00   -19.00   -18.00   -17.00   -16.00   -15.00        #    -5.00    -4.00    -3.00    -2.00    -1.00     0.00     1.00     2.00     3.00     4.00     5.00     6.00     5.00     4.00     3.00     2.00     3.00     4.00     5.00     6.00     7.00     8.00     9.00    10.00        #    20.00    21.00    22.00    23.00    24.00    25.00    26.00    27.00    28.00    29.00    30.00    31.00    30.00    29.00    28.00    27.00    26.00    25.00    24.00    23.00    22.00    21.00    20.00    19.00 
  -55.00   -54.00   -53.00   -52.00   -51.00   -50.00   -49.00   -48.00   -47.00   -46.00   -45.00   -44.00   -43.00   -44.00   -45.00   -46.00   -47.00   -48.00   -47.00   -46.00   -45.00   -44.00   -43.00   -42.00   -41.00        #   -29.00   -28.00   -27.00   -26.00   -25.00   -24.00   -23.00   -22.00   -21.00   -20.00   -19.00   -18.00   -19.00   -20.00   -21.00   -22.00   -23.00   -22.00   -21.00   -20.00   -19.00   -18.00   -17.00   -16.00        #    -4.00    -3.00    -2.00    -1.00     0.00     1.00     2.00     3.00     4.00     5.00     6.00     7.00     6.00     5.00     4.00     3.00     2.00     3.00     4.00     5.00     6.00     7.00     8.00     9.00        #    21.00    22.00    23.00    24.00    25.00    26.00    27.00    28.00    29.00    30.00    31.00    32.00    31.00    30.00    29.00    28.00    27.00    26.00    25.00    24.00    23.00    22.00    21.00    20.00 
  -54.00   -53.00   -52.00   -51.00   -50.00   -49.00   -48.00   -47.00   -46.00   -45.00   -44.00   -43.00   -42.00   -43.00   -44.00   -45.00   -46.00   -47.00   -48.00   -47.00   -46.00   -45.00   -44.00   -43.00   -42.00        #   -28.00   -27.00   -26.00   -25.00   -24.00   -23.00   -22.00   -21.00   -20.00   -19.00   -18.00   -17.00   -18.00   -19.00   -20.00   -21.00   -22.00   -23.00   -22.00   -21.00   -20.00   -19.00   -18.00   -17.00        #    -3.00    -2.00    -1.00     0.00     1.00     2.00     3.00     4.00     5.00     6.00     7.00     8.00     7.00     6.00     5.00     4.00     3.00     2.00     3.00     4.00     5.00     6.00     7.00     8.00        #    22.00    23.00    24.00    25.00    26.00    27.00    28.00    29.00    30.00    31.00    32.00    33.00    32.00    31.00    30.00    29.00    28.00    27.00    26.00    25.00    24.00    23.00    22.00    21.00 
  -53.00   -52.00   -51.00   -50.00   -49.00   -48.00   -47.00   -46.00   -45.00   -44.00   -43.00   -42.00   -41.00   -42.00   -43.00   -44.00   -45.00   -46.00   -47.00   -48.00   -47.00   -46.00   -45.00   -44.00   -43.00        #   -27.00   -26.00   -25.00   -24.00   -23.00   -22.00   -21.00   -20.00   -19.00   -18.00   -17.00   -16.00   -17.00   -18.00   -19.00   -20.00   -21.00   -22.00   -23.00   -22.00   -21.00   -20.00   -19.00   -18.00        #    -2.00    -1.00     0.00     1.00     2.00     3.00     4.00     5.00     6.00     7.00     8.00     9.00     8.00     7.00     6.00     5.00     4.00     3.00     2.00     3.00     4.00     5.00     6.00     7.00        #    23.00    24.00    25.00    26.00    27.00    28.00    29.00    30.00    31.00    32.00    33.00    34.00    33.00    32.00    31.00    30.00    29.00    28.00    27.00    26.00    25.00    24.00    23.00    22.00 
  -52.00   -51.00   -50.00   -49.00   -48.00   -47.00   -46.00   -45.00   -44.00   -43.00   -42.00   -41.00   -40.00   -41.00   -42.00   -43.00   -44.00   -45.00   -46.00   -47.00   -48.00   -47.00   -46.00   -45.00   -44.00        #   -26.00   -25.00   -24.00   -23.00   -22.00   -21.00   -20.00   -19.00   -18.00   -17.00   -16.00   -15.00   -16.00   -17.00   -18.00   -19.00   -20.00   -21.00   -22.00   -23.00   -22.00   -21.00   -20.00   -19.00        #    -1.00     0.00     1.00     2.00     3.00     4.00     5.00     6.00     7.00     8.00     9.00    10.00     9.00     8.00     7.00     6.00     5.00     4.00     3.00     2.00     3.00     4.00     5.00     6.00        #    24.00    25.00    26.00    27.00    28.00    29.00    30.00    31.00    32.00    33.00    34.00    35.00    34.00    33.00    32.00    31.00    30.00    29.00    28.00    27.00    26.00    25.00    24.00    23.00 
  -51.00   -50.00   -49.00   -48.00   -47.00   -46.00   -45.00   -44.00   -43.00   -42.00   -41.00   -40.00   -39.00   -40.00   -41.00   -42.00   -43.00   -44.00   -45.00   -46.00   -47.00   -48.00   -47.00   -46.00   -45.00        #   -25.00   -24.00   -23.00   -22.00   -21.00   -20.00   -19.00   -18.00   -17.00   -16.00   -15.00   -14.00   -15.00   -16.00   -17.00   -18.00   -19.00   -20.00   -21.00   -22.00   -23.00   -22.00   -21.00   -20.00        #     0.00     1.00     2.00     3.00     4.00     5.00     6.00     7.00     8.00     9.00    10.00    11.00    10.00     9.00     8.00     7.00     6.00     5.00     4.00     3.00     2.00     3.00     4.00     5.00        #    25.00    26.00    27.00    28.00    29.00    30.00    31.00    32.00    33.00    34.00    35.00    36.00    35.00    34.00    33.00    32.00    31.00    30.00    29.00    28.00    27.00    26.00    25.00    24.00 
  -50.00   -49.00   -48.00   -47.00   -46.00   -45.00   -44.00   -43.00   -42.00   -41.00   -40.00   -39.00   -38.00   -39.00   -40.00   -41.00   -42.00   -43.00   -44.00   -45.00   -46.00   -47.00   -48.00   -47.00   -46.00        #   -24.00   -23.00   -22.00   -21.00   -20.00   -19.00   -18.00   -17.00   -16.00   -15.00   -14.00   -13.00   -14.00   -15.00   -16.00   -17.00   -18.00   -19.00   -20.00   -21.00   -22.00   -23.00   -22.00   -21.00        #     1.00     2.00     3.00     4.00     5.00     6.00     7.00     8.00     9.00    10.00    11.00    12.00    11.00    10.00     9.00     8.00     7.00     6.00     5.00     4.00     3.00     2.00     3.00     4.00        #    26.00    27.00    28.00    29.00    30.00    31.00    32.00    33.00    34.00    35.00    36.00    37.00    36.00    35.00    34.00    33.00    32.00    31.00    30.00    29.00    28.00    27.00    26.00    25.00 
  -49.00   -48.00   -47.00   -46.00   -45.00   -44.00   -43.00   -42.00   -41.00   -40.00   -39.00   -38.00   -37.00   -38.00   -39.00   -40.00   -41.00   -42.00   -43.00   -44.00   -45.00   -46.00   -47.00   -48.00   -47.00        #   -23.00   -22.00   -21.00   -20.00   -19.00   -18.00   -17.00   -16.00   -15.00   -14.00   -13.00   -12.00   -13.00   -14.00   -15.00   -16.00   -17.00   -18.00   -19.00   -20.00   -21.00   -22.00   -23.00   -22.00        #     2.00     3.00     4.00     5.00     6.00     7.00     8.00     9.00    10.00    11.00    12.00    13.00    12.00    11.00    10.00     9.00     8.00     7.00     6.00     5.00     4.00     3.00     2.00     3.00        #    27.00    28.00    29.00    30.00    31.00    32.00    33.00    34.00    35.00    36.00    37.00    38.00    37.00    36.00    35.00    34.00    33.00    32.00    31.00    30.00    29.00    28.00    27.00    26.00 
  -48.00   -47.00   -46.00   -45.00   -44.00   -43.00   -42.00   -41.00   -40.00   -39.00   -38.00   -37.00   -36.00   -37.00   -38.00   -39.00   -40.00   -41.00   -42.00   -43.00   -44.00   -45.00   -46.00   -47.00   -48.00        #   -22.00   -21.00   -20.00   -19.00   -18.00   -17.00   -16.00   -15.00   -14.00   -13.00   -12.00   -11.00   -12.00   -13.00   -14.00   -15.00   -16.00   -17.00   -18.00   -19.00   -20.00   -21.00   -22.00   -23.00        #     3.00     4.00     5.00     6.00     7.00     8.00     9.00    10.00    11.00    12.00    13.00    14.00    13.00    12.00    11.00    10.00     9.00     8.00     7.00     6.00     5.00     4.00     3.00     2.00        #    28.00    29.00    30.00    31.00    32.00    33.00    34.00    35.00    36.00    37.00    38.00    39.00    38.00    37.00    36.00    35.00    34.00    33.00    32.00    31.00    30.00    29.00    28.00    27.00 
       #        #        #        #        #        #        #        #        #        #        #        #   -35.00        #        #        #        #        #        #        #        #        #        #        #        #        #        #        #        #        #        #        #        #        #        #        #        #   -10.00        #        #        #        #        #        #        #        #        #        #        #        #        #        #        #        #        #        #        #        #        #        #        #        #    15.00        #        #        #        #        #        #        #        #        #        #        #        #        #        #        #        #        #        #        #        #        #        #        #        #    40.00        #        #        #        #        #        #        #        #        #        #        #        # 
  -46.00   -45.00   -44.00   -43.00   -42.00   -41.00   -40.00   -39.00   -38.00   -37.00   -36.00   -35.00   -34.00   -33.00   -32.00   -31.00   -30.00   -29.00   -28.00   -27.00   -26.00   -25.00   -24.00   -23.00   -22.00        #   -20.00   -19.00   -18.00   -17.00   -16.00   -15.00   -14.00   -13.00   -12.00   -11.00   -10.00    -9.00    -8.00    -7.00    -6.00    -5.00    -4.00    -3.00    -2.00    -1.00     0.00     1.00     2.00     3.00        #     5.00     6.00     7.00     8.00     9.00    10.00    11.00    12.00    13.00    14.00    15.00    16.00    17.00    18.00    19.00    20.00    21.00    22.00    23.00    24.00    25.00    26.00    27.00    28.00        #    30.00    31.00    32.00    33.00    34.00    35.00    36.00    37.00    38.00    39.00    40.00    41.00    40.00    39.00    38.00    37.00    36.00    35.00    34.00    33.00    32.00    31.00    30.00    29.00 
  -45.00   -44.00   -43.00   -42.00   -41.00   -40.00   -39.00   -38.00   -37.00   -36.00   -35.00   -34.00   -33.00   -32.00   -31.00   -30.00   -29.00   -28.00   -27.00   -26.00   -25.00   -24.00   -23.00   -22.00   -21.00        #   -19.00   -18.00   -17.00   -16.00   -15.00   -14.00   -13.00   -12.00   -11.00   -10.00    -9.00    -8.00    -7.00    -6.00    -5.00    -4.00    -3.00    -2.00    -1.00     0.00     1.00     2.00     3.00     4.00        #     6.00     7.00     8.00     9.00    10.00    11.00    12.00    13.00    14.00    15.00    16.00    17.00    18.00    19.00    20.00    21.00    22.00    23.00    24.00    25.00    26.00    27.00    28.00    29.00        #    31.00    32.00    33.00    34.00    35.00    36.00    37.00    38.00    39.00    40.00    41.00    42.00    41.00    40.00    39.00    38.00    37.00    36.00    35.00    34.00    33.00    32.00    31.00    30.00 
  -44.00   -43.00   -42.00   -41.00   -40.00   -39.00   -38.00   -37.00   -36.00   -35.00   -34.00   -33.00   -32.00   -31.00   -30.00   -29.00   -28.00   -27.00   -26.00   -25.00   -24.00   -23.00   -22.00   -21.00   -20.00        #   -18.00   -17.00   -16.00   -15.00   -14.00   -13.00   -12.00   -11.00   -10.00    -9.00    -8.00    -7.00    -6.00    -5.00    -4.00    -3.00    -2.00    -1.00     0.00     1.00     2.00     3.00     4.00     5.00        #     7.00     8.00     9.00    10.00    11.00    12.00    13.00    14.00    15.00    16.00    17.00    18.00    19.00    20.00    21.00    22.00    23.00    24.00    25.00    26.00    27.00    28.00    29.00    30.00        #    32.00    33.00    34.00    35.00    36.00    37.00    38.00    39.00    40.00    41.00    42.00    43.00    42.00    41.00    40.00    39.00    38.00    37.00    36.00    35.00    34.00    33.00    32.00    31.00 
  -43.00   -42.00   -41.00   -40.00   -39.00   -38.00   -37.00   -36.00   -35.00   -34.00   -33.00   -32.00   -31.00   -30.00   -29.00   -28.00   -27.00   -26.00   -25.00   -24.00   -23.00   -22.00   -21.00   -20.00   -19.00        #   -17.00   -16.00   -15.00   -14.00   -13.00   -12.00   -11.00   -10.00    -9.00    -8.00    -7.00    -6.00    -5.00    -4.00    -3.00    -2.00    -1.00     0.00     1.00     2.00     3.00     4.00     5.00     6.00        #     8.00     9.00    10.00    11.00    12.00    13.00    14.00    15.00    16.00    17.00    18.00    19.00    20.00    21.00    22.00    23.00    24.00    25.00    26.00    27.00    28.00    29.00    30.00    31.00        #    33.00    34.00    35.00    36.00    37.00    38.00    39.00    40.00    41.00    42.00    43.00    44.00    43.00    42.00    41.00    40.00    39.00    38.00    37.00    36.00    35.00    34.00    33.00    32.00 
  -42.00   -41.00   -40.00   -39.00   -38.00   -37.00   -36.00   -35.00   -34.00   -33.00   -32.00   -31.00   -30.00   -29.00   -28.00   -27.00   -26.00   -25.00   -24.00   -23.00   -22.00   -21.00   -20.00   -19.00   -18.00        #   -16.00   -15.00   -14.00   -13.00   -12.00   -11.00   -10.00    -9.00    -8.00    -7.00    -6.00    -5.00    -4.00    -3.00    -2.00    -1.00     0.00     1.00     2.00     3.00     4.00     5.00     6.00     7.00        #     9.00    10.00    11.00    12.00    13.00    14.00    15.00    16.00    17.00    18.00    19.00    20.00    21.00    22.00    23.00    24.00    25.00    26.00    27.00    28.00    29.00    30.00    31.00    32.00        #    34.00    35.00    36.00    37.00    38.00    39.00    40.00    41.00    42.00    43.00    44.00    45.00    44.00    43.00    42.00    41.00    40.00    39.00    38.00    37.00    36.00    35.00    34.00    33.00 
  -41.00   -40.00   -39.00   -38.00   -37.00   -36.00   -35.00   -34.00   -33.00   -32.00   -31.00   -30.00   -29.00   -28.00   -27.00   -26.00   -25.00   -24.00   -23.00   -22.00   -21.00   -20.00   -19.00   -18.00   -17.00        #   -15.00   -14.00   -13.00   -12.00   -11.00   -10.00    -9.00    -8.00    -7.00    -6.00    -5.00    -4.00    -3.00    -2.00    -1.00     0.00     1.00     2.00     3.00     4.00     5.00     6.00     7.00     8.00        #    10.00    11.00    12.00    13.00    14.00    15.00    16.00    17.00    18.00    19.00    20.00    21.00    22.00    23.00    24.00    25.00    26.00    27.00    28.00    29.00    30.00    31.00    32.00    33.00        #    35.00    36.00    37.00    38.00    39.00    40.00    41.00    42.00    43.00    44.00    45.00    46.00    45.00    44.00    43.00    42.00    41.00    40.00    39.00    38.00    37.00    36.00    35.00    34.00 
  -40.00   -39.00   -38.00   -37.00   -36.00   -35.00   -34.00   -33.00   -32.00   -31.00   -30.00   -29.00   -28.00   -27.00   -26.00   -25.00   -24.00   -23.00   -22.00   -21.00   -20.00   -19.00   -18.00   -17.00   -16.00        #   -14.00   -13.00   -12.00   -11.00   -10.00    -9.00    -8.00    -7.00    -6.00    -5.00    -4.00    -3.00    -2.00    -1.00     0.00     1.00     2.00     3.00     4.00     5.00     6.00     7.00     8.00     9.00        #    11.00    12.00    13.00    14.00    15.00    16.00    17.00    18.00    19.00    20.00    21.00    22.00    23.00    24.00    25.00    26.00    27.00    28.00    29.00    30.00    31.00    32.00    33.00    34.00        #    36.00    37.00    38.00    39.00    40.00    41.00    42.00    43.00    44.00    45.00    46.00    47.00    46.00    45.00    44.00    43.00    42.00    41.00    40.00    39.00    38.00    37.00    36.00    35.00 
  -39.00   -38.00   -37.00   -36.00   -35.00   -34.00   -33.00   -32.00   -31.00   -30.00   -29.00   -28.00   -27.00   -26.00   -25.00   -24.00   -23.00   -22.00   -21.00   -20.00   -19.00   -18.00   -17.00   -16.00   -15.00        #   -13.00   -12.00   -11.00   -10.00    -9.00    -8.00    -7.00    -6.00    -5.00    -4.00    -3.00    -2.00    -1.00     0.00     1.00     2.00     3.00     4.00     5.00     6.00     7.00     8.00     9.00    10.00        #    12.00    13.00    14.00    15.00    16.00    17.00    18.00    19.00    20.00    21.00    22.00    23.00    24.00    25.00    26.00    27.00    28.00    29.00    30.00    31.00    32.00    33.00    34.00    35.00        #    37.00    38.00    39.00    40.00    41.00    42.00    43.00    44.00    45.00    46.00    47.00    48.00    47.00    46.00    45.00    44.00    43.00    42.00    41.00    40.00    39.00    38.00    37.00    36.00 
  -38.00   -37.00   -36.00   -35.00   -34.00   -33.00   -32.00   -31.00   -30.00   -29.00   -28.00   -27.00   -26.00   -25.00   -24.00   -23.00   -22.00   -21.00   -20.00   -19.00   -18.00   -17.00   -16.00   -15.00   -14.00        #   -12.00   -11.00   -10.00    -9.00    -8.00    -7.00    -6.00    -5.00    -4.00    -3.00    -2.00    -1.00     0.00     1.00     2.00     3.00     4.00     5.00     6.00     7.00     8.00     9.00    10.00    11.00        #    13.00    14.00    15.00    16.00    17.00    18.00    19.00    20.00    21.00    22.00    23.00    24.00    25.00    26.00    27.00    28.00    29.00    30.00    31.00    32.00    33.00    34.00    35.00    36.00        #    38.00    39.00    40.00    41.00    42.00    43.00    44.00    45.00    46.00    47.00    48.00    49.00    48.00    47.00    46.00    45.00    44.00    43.00    42.00    41.00    40.00    39.00    38.00    37.00 
  -37.00   -36.00   -35.00   -34.00   -33.00   -32.00   -31.00   -30.00   -29.00   -28.00   -27.00   -26.00   -25.00   -24.00   -23.00   -22.00   -21.00   -20.00   -19.00   -18.00   -17.00   -16.00   -15.00   -14.00   -13.00        #   -11.00   -10.00    -9.00    -8.00    -7.00    -6.00    -5.00    -4.00    -3.00    -2.00    -1.00     0.00     1.00     2.00     3.00     4.00     5.00     6.00     7.00     8.00     9.00    10.00    11.00    12.00        #    14.00    15.00    16.00    17.00    18.00    19.00    20.00    21.00    22.00    23.00    24.00    25.00    26.00    27.00    28.00    29.00    30.00    31.00    32.00    33.00    34.00    35.00    36.00    37.00        #    39.00    40.00    41.00    42.00    43.00    44.00    45.00    46.00    47.00    48.00    49.00    50.00    49.00    48.00    47.00    46.00    45.00    44.00    43.00    42.00    41.00    40.00    39.00    38.00 
  -36.00   -35.00   -34.00   -33.00   -32.00   -31.00   -30.00   -29.00   -28.00   -27.00   -26.00   -25.00   -24.00   -23.00   -22.00   -21.00   -20.00   -19.00   -18.00   -17.00   -16.00   -15.00   -14.00   -13.00   -12.00        #   -10.00    -9.00    -8.00    -7.00    -6.00    -5.00    -4.00    -3.00    -2.00    -1.00     0.00     1.00     2.00     3.00     4.00     5.00     6.00     7.00     8.00     9.00    10.00    11.00    12.00    13.00        #    15.00    16.00    17.00    18.00    19.00    20.00    21.00    22.00    23.00    24.00    25.00    26.00    27.00    28.00    29.00    30.00    31.00    32.00    33.00    34.00    35.00    36.00    37.00    38.00        #    40.00    41.00    42.00    43.00    44.00    45.00    46.00    47.00    48.00    49.00    50.00    51.00    50.00    49.00    48.00    47.00    46.00    45.00    44.00    43.00    42.00    41.00    40.00    39.00 
  -35.00   -34.00   -33.00   -32.00   -31.00   -30.00   -29.00   -28.00   -27.00   -26.00   -25.00   -24.00   -23.00   -22.00   -21.00   -20.00   -19.00   -18.00   -17.00   -16.00   -15.00   -14.00   -13.00   -12.00   -11.00   -10.00    -9.00    -8.00    -7.00    -6.00    -5.00    -4.00    -3.00    -2.00    -1.00     0.00     1.00     2.00     3.00     4.00     5.00     6.00     7.00     8.00     9.00    10.00    11.00    12.00    13.00    14.00    15.00    16.00    17.00    18.00    19.00    20.00    21.00    22.00    23.00    24.00    25.00    26.00    27.00    28.00    29.00    30.00    31.00    32.00    33.00    34.00    35.00    36.00    37.00    38.00    39.00    40.00    41.00    42.00    43.00    44.00    45.00    46.00    47.00    48.00    49.00    50.00    51.00    52.00    51.00    50.00    49.00    48.00    47.00    46.00    45.00    44.00    43.00    42.00    41.00    40.00 
  -34.00   -33.00   -32.00   -31.00   -30.00   -29.00   -28.00   -27.00   -26.00   -25.00   -24.00   -23.00   -22.00   -23.00   -22.00   -21.00   -20.00   -19.00   -18.00   -17.00   -16.00   -15.00   -14.00   -13.00   -12.00        #    -8.00    -7.00    -6.00    -5.00    -4.00    -3.00    -2.00    -1.00     0.00     1.00     2.00     3.00     2.00     3.00     4.00     5.00     6.00     7.00     8.00     9.00    10.00    11.00    12.00    13.00        #    17.00    18.00    19.00    20.00    21.00    22.00    23.00    24.00    25.00    26.00    27.00    28.00    27.00    28.00    29.00    30.00    31.00    32.00    33.00    34.00    35.00    36.00    37.00    38.00        #    42.00    43.00    44.00    45.00    46.00    47.00    48.00    49.00    50.00    51.00    52.00    53.00    52.00    51.00    50.00    49.00    48.00    47.00    46.00    45.00    44.00    43.00    42.00    41.00 
  -33.00   -32.00   -31.00   -30.00   -29.00   -28.00   -27.00   -26.00   -25.00   -24.00   -23.00   -22.00   -21.00   -22.00   -23.00   -22.00   -21.00   -20.00   -19.00   -18.00   -17.00   -16.00   -15.00   -14.00   -13.00        #    -7.00    -6.00    -5.00    -4.00    -3.00    -2.00    -1.00     0.00     1.00     2.00     3.00     4.00     3.00     2.00     3.00     4.00     5.00     6.00     7.00     8.00     9.00    10.00    11.00    12.00        #    18.00    19.00    20.00    21.00    22.00    23.00    24.00    25.00    26.00    27.00    28.00    29.00    28.00    27.00    28.00    29.00    30.00    31.00    32.00    33.00    34.00    35.00    36.00    37.00        #    43.00    44.00    45.00    46.00    47.00    48.00    49.00    50.00    51.00    52.00    53.00    54.00    53.00    52.00    51.00    50.00    49.00    48.00    47.00    46.00    45.00    44.00    43.00    42.00 
  -32.00   -31.00   -30.00   -29.00   -28.00   -27.00   -26.00   -25.00   -24.00   -23.00   -22.00   -21.00   -20.00   -21.00   -22.00   -23.00   -22.00   -21.00   -20.00   -19.00   -18.00   -17.00   -16.00   -15.00   -14.00        #    -6.00    -5.00    -4.00    -3.00    -2.00    -1.00     0.00     1.00     2.00     3.00     4.00     5.00     4.00     3.00     2.00     3.00     4.00     5.00     6.00     7.00     8.00     9.00    10.00    11.00        #    19.00    20.00    21.00    22.00    23.00    24.00    25.00    26.00    27.00    28.00    29.00    30.00    29.00    28.00    27.00    28.00    29.00    30.00    31.00    32.00    33.00    34.00    35.00    36.00        #    44.00    45.00    46.00    47.00    48.00    49.00    50.00    51.00    52.00    53.00    54.00    55.00    54.00    53.00    52.00    51.00    50.00    49.00    48.00    47.00    46.00    45.00    44.00    43.00 
  -31.00   -30.00   -29.00   -28.00   -27.00   -26.00   -25.00   -24.00   -23.00   -22.00   -21.00   -20.00   -19.00   -20.00   -21.00   -22.00   -23.00   -22.00   -21.00   -20.00   -19.00   -18.00   -17.00   -16.00   -15.00        #    -5.00    -4.00    -3.00    -2.00    -1.00     0.00     1.00     2.00     3.00     4.00     5.00     6.00     5.00     4.00     3.00     2.00     3.00     4.00     5.00     6.00     7.00     8.00     9.00    10.00        #    20.00    21.00    22.00    23.00    24.00    25.00    26.00    27.00    28.00    29.00    30.00    31.00    30.00    29.00    28.00    27.00    28.00    29.00    30.00    31.00    32.00    33.00    34.00    35.00        #    45.00    46.00    47.00    48.00    49.00    50.00    51.00    52.00    53.00    54.00    55.00    56.00    55.00    54.00    53.00    52.00    51.00    50.00    49.00    48.00    47.00    46.00    45.00    44.00 
  -30.00   -29.00   -28.00   -27.00   -26.00   -25.00   -24.00   -23.00   -22.00   -21.00   -20.00   -19.00   -18.00   -19.00   -20.00   -21.00   -22.00   -23.00   -22.00   -21.00   -20.00   -19.00   -18.00   -17.00   -16.00        #    -4.00    -3.00    -2.00    -1.00     0.00     1.00     2.00     3.00     4.00     5.00     6.00     7.00     6.00     5.00     4.00     3.00     2.00     3.00     4.00     5.00     6.00     7.00     8.00     9.00        #    21.00    22.00    23.00    24.00    25.00    26.00    27.00    28.00    29.00    30.00    31.00    32.00    31.00    30.00    29.00    28.00    27.00    28.00    29.00    30.00    31.00    32.00    33.00    34.00        #    46.00    47.00    48.00    49.00    50.00    51.00    52.00    53.00    54.00    55.00    56.00    57.00    56.00    55.00    54.00    53.00    52.00    51.00    50.00    49.00    48.00    47.00    46.00    45.00 
  -29.00   -28.00   -27.00   -26.00   -25.00   -24.00   -23.00   -22.00   -21.00   -20.00   -19.00   -18.00   -17.00   -18.00   -19.00   -20.00   -21.00   -22.00   -23.00   -22.00   -21.00   -20.00   -19.00   -18.00   -17.00        #    -3.00    -2.00    -1.00     0.00     1.00     2.00     3.00     4.00     5.00     6.00     7.00     8.00     7.00     6.00     5.00     4.00     3.00     2.00     3.00     4.00     5.00     6.00     7.00     8.00        #    22.00    23.00    24.00    25.00    26.00    27.00    28.00    29.00    30.00    31.00    32.00    33.00    32.00    31.00    30.00    29.00    28.00    27.00    28.00    29.00    30.00    31.00    32.00    33.00        #    47.00    48.00    49.00    50.00    51.00    52.00    53.00    54.00    55.00    56.00    57.00    58.00    57.00    56.00    55.00    54.00    53.00    52.00    51.00    50.00    49.00    48.00    47.00    46.00 
  -28.00   -27.00   -26.00   -25.00   -24.00   -23.00   -22.00   -21.00   -20.00   -19.00   -18.00   -17.00   -16.00   -17.00   -18.00   -19.00   -20.00   -21.00   -22.00   -23.00   -22.00   -21.00   -20.00   -19.00   -18.00        #    -2.00    -1.00     0.00     1.00     2.00     3.00     4.00     5.00     6.00     7.00     8.00     9.00     8.00     7.00     6.00     5.00     4.00     3.00     2.00     3.00     4.00     5.00     6.00     7.00        #    23.00    24.00    25.00    26.00    27.00    28.00    29.00    30.00    31.00    32.00    33.00    34.00    33.00    32.00    31.00    30.00    29.00    28.00    27.00    28.00    29.00    30.00    31.00    32.00        #    48.00    49.00    50.00    51.00    52.00    53.00    54.00    55.00    56.00    57.00    58.00    59.00    58.00    57.00    56.00    55.00    54.00    53.00    52.00    51.00    50.00    49.00    48.00    47.00 
  -27.00   -26.00   -25.00   -24.00   -23.00   -22.00   -21.00   -20.00   -19.00   -18.00   -17.00   -16.00   -15.00   -16.00   -17.00   -18.00   -19.00   -20.00   -21.00   -22.00   -23.00   -22.00   -21.00   -20.00   -19.00        #    -1.00     0.00     1.00     2.00     3.00     4.00     5.00     6.00     7.00     8.00     9.00    10.00     9.00     8.00     7.00     6.00     5.00     4.00     3.00     2.00     3.00     4.00     5.00     6.00        #    24.00    25.00    26.00    27.00    28.00    29.00    30.00    31.00    32.00    33.00    34.00    35.00    34.00    33.00    32.00    31.00    30.00    29.00    28.00    27.00    28.00    29.00    30.00    31.00        #    49.00    50.00    51.00    52.00    53.00    54.00    55.00    56.00    57.00    58.00    59.00    60.00    59.00    58.00    57.00    56.00    55.00    54.00    53.00    52.00    51.00    50.00    49.00    48.00 
  -26.00   -25.00   -24.00   -23.00   -22.00   -21.00   -20.00   -19.00   -18.00   -17.00   -16.00   -15.00   -14.00   -15.00   -16.00   -17.00   -18.00   -19.00   -20.00   -21.00   -22.00   -23.00   -22.00   -21.00   -20.00        #     0.00     1.00     2.00     3.00     4.00     5.00     6.00     7.00     8.00     9.00    10.00    11.00    10.00     9.00     8.00     7.00     6.00     5.00     4.00     3.00     2.00     3.00     4.00     5.00        #    25.00    26.00    27.00    28.00    29.00    30.00    31.00    32.00    33.00    34.00    35.00    36.00    35.00    34.00    33.00    32.00    31.00    30.00    29.00    28.00    27.00    28.00    29.00    30.00        #    50.00    51.00    52.00    53.00    54.00    55.00    56.00    57.00    58.00    59.00    60.00    61.00    60.00    59.00    58.00    57.00    56.00    55.00    54.00    53.00    52.00    51.00    50.00    49.00 
  -25.00   -24.00   -23.00   -22.00   -21.00   -20.00   -19.00   -18.00   -17.00   -16.00   -15.00   -14.00   -13.00   -14.00   -15.00   -16.00   -17.00   -18.00   -19.00   -20.00   -21.00   -22.00   -23.00   -22.00   -21.00        #     1.00     2.00     3.00     4.00     5.00     6.00     7.00     8.00     9.00    10.00    11.00    12.00    11.00    10.00     9.00     8.00     7.00     6.00     5.00     4.00     3.00     2.00     3.00     4.00        #    26.00    27.00    28.00    29.00    30.00    31.00    32.00    33.00    34.00    35.00    36.00    37.00    36.00    35.00    34.00    33.00    32.00    31.00    30.00    29.00    28.00    27.00    28.00    29.00        #    51.00    52.00    53.00    54.00    55.00    56.00    57.00    58.00    59.00    60.00    61.00    62.00    61.00    60.00    59.00    58.00    57.00    56.00    55.00    54.00    53.00    52.00    51.00    50.00 
  -24.00   -23.00   -22.00   -21.00   -20.00   -19.00   -18.00   -17.00   -16.00   -15.00   -14.00   -13.00   -12.00   -13.00   -14.00   -15.00   -16.00   -17.00   -18.00   -19.00   -20.00   -21.00   -22.00   -23.00   -22.00        #     2.00     3.00     4.00     5.00     6.00     7.00     8.00     9.00    10.00    11.00    12.00    13.00    12.00    11.00    10.00     9.00     8.00     7.00     6.00     5.00     4.00     3.00     2.00     3.00        #    27.00    28.00    29.00    30.00    31.00    32.00    33.00    34.00    35.00    36.00    37.00    38.00    37.00    36.00    35.00    34.00    33.00    32.00    31.00    30.00    29.00    28.00    27.00    28.00        #    52.00    53.00    54.00    55.00    56.00    57.00    58.00    59.00    60.00    61.00    62.00    63.00    62.00    61.00    60.00    59.00    58.00    57.00    56.00    55.00    54.00    53.00    52.00    51.00 
  -23.00   -22.00   -21.00   -20.00   -19.00   -18.00   -17.00   -16.00   -15.00   -14.00   -13.00   -12.00   -11.00   -12.00   -13.00   -14.00   -15.00   -16.00   -17.00   -18.00   -19.00   -20.00   -21.00   -22.00   -23.00        #     3.00     4.00     5.00     6.00     7.00     8.00     9.00    10.00    11.00    12.00    13.00    14.00    13.00    12.00    11.00    10.00     9.00     8.00     7.00     6.00     5.00     4.00     3.00     2.00        #    28.00    29.00    30.00    31.00    32.00    33.00    34.00    35.00    36.00    37.00    38.00    39.00    38.00    37.00    36.00    35.00    34.00    33.00    32.00    31.00    30.00    29.00    28.00    27.00        #    53.00    54.00    55.00    56.00    57.00    58.00    59.00    60.00    61.00    62.00    63.00    64.00    63.00    62.00    61.00    60.00    59.00    58.00    57.00    56.00    55.00    54.00    53.00    52.00 
       #        #        #        #        #        #        #        #        #        #        #        #   -10.00        #        #        #        #        #        #        #        #        #        #        #        #        #        #        #        #        #        #        #        #        #        #        #        #    15.00        #        #        #        #        #        #        #        #        #        #        #        #        #        #        #        #        #        #        #        #        #        #        #        #    40.00        #        #        #        #        #        #        #        #        #        #        #        #        #        #        #        #        #        #        #        #        #        #        #        #    65.00        #        #        #        #        #        #        #        #        #        #        #        # 
  -21.00   -20.00   -19.00   -18.00   -17.00   -16.00   -15.00   -14.00   -13.00   -12.00   -11.00   -10.00    -9.00    -8.00    -7.00    -6.00    -5.00    -4.00    -3.00    -2.00    -1.00     0.00     1.00     2.00     3.00        #     5.00     6.00     7.00     8.00     9.00    10.00    11.00    12.00    13.00    14.00    15.00    16.00    17.00    18.00    19.00    20.00    21.00    22.00    23.00    24.00    25.00    26.00    27.00    28.00        #    30.00    31.00    32.00    33.00    34.00    35.00    36.00    37.00    38.00    39.00    40.00    41.00    42.00    43.00    44.00    45.00    46.00    47.00    48.00    49.00    50.00    51.00    52.00    53.00        #    55.00    56.00    57.00    58.00    59.00    60.00    61.00    62.00    63.00    64.00    65.00    66.00    67.00    68.00    69.00    70.00    71.00    72.00    73.00    74.00    75.00    76.00    77.00    78.00 
  -20.00   -19.00   -18.00   -17.00   -16.00   -15.00   -14.00   -13.00   -12.00   -11.00   -10.00    -9.00    -8.00    -7.00    -6.00    -5.00    -4.00    -3.00    -2.00    -1.00     0.00     1.00     2.00     3.00     4.00        #     6.00     7.00     8.00     9.00    10.00    11.00    12.00    13.00    14.00    15.00    16.00    17.00    18.00    19.00    20.00    21.00    22.00    23.00    24.00    25.00    26.00    27.00    28.00    29.00        #    31.00    32.00    33.00    34.00    35.00    36.00    37.00    38.00    39.00    40.00    41.00    42.00    43.00    44.00    45.00    46.00    47.00    48.00    49.00    50.00    51.00    52.00    53.00    54.00        #    56.00    57.00    58.00    59.00    60.00    61.00    62.00    63.00    64.00    65.00    66.00    67.00    68.00    69.00    70.00    71.00    72.00    73.00    74.00    75.00    76.00    77.00    78.00    79.00 
  -19.00   -18.00   -17.00   -16.00   -15.00   -14.00   -13.00   -12.00   -11.00   -10.00    -9.00    -8.00    -7.00    -6.00    -5.00    -4.00    -3.00    -2.00    -1.00     0.00     1.00     2.00     3.00     4.00     5.00        #     7.00     8.00     9.00    10.00    11.00    12.00    13.00    14.00    15.00    16.00    17.00    18.00    19.00    20.00    21.00    22.00    23.00    24.00    25.00    26.00    27.00    28.00    29.00    30.00        #    32.00    33.00    34.00    35.00    36.00    37.00    38.00    39.00    40.00    41.00    42.00    43.00    44.00    45.00    46.00    47.00    48.00    49.00    50.00    51.00    52.00    53.00    54.00    55.00        #    57.00    58.00    59.00    60.00    61.00    62.00    63.00    64.00    65.00    66.00    67.00    68.00    69.00    70.00    71.00    72.00    73.00    74.00    75.00    76.00    77.00    78.00    79.00    80.00 
  -18.00   -17.00   -16.00   -15.00   -14.00   -13.00   -12.00   -11.00   -10.00    -9.00    -8.00    -7.00    -6.00    -5.00    -4.00    -3.00    -2.00    -1.00     0.00     1.00     2.00     3.00     4.00     5.00     6.00        #     8.00     9.00    10.00    11.00    12.00    13.00    14.00    15.00    16.00    17.00    18.00    19.00    20.00    21.00    22.00    23.00    24.00    25.00    26.00    27.00    28.00    29.00    30.00    31.00        #    33.00    34.00    35.00    36.00    37.00    38.00    39.00    40.00    41.00    42.00    43.00    44.00    45.00    46.00    47.00    48.00    49.00    50.00    51.00    52.00    53.00    54.00    55.00    56.00        #    58.00    59.00    60.00    61.00    62.00    63.00    64.00    65.00    66.00    67.00    68.00    69.00    70.00    71.00    72.00    73.00    74.00    75.00    76.00    77.00    78.00    79.00    80.00    81.00 
  -17.00   -16.00   -15.00   -14.00   -13.00   -12.00   -11.00   -10.00    -9.00    -8.00    -7.00    -6.00    -5.00    -4.00    -3.00    -2.00    -1.00     0.00     1.00     2.00     3.00     4.00     5.00     6.00     7.00        #     9.00    10.00    11.00    12.00    13.00    14.00    15.00    16.00    17.00    18.00    19.00    20.00    21.00    22.00    23.00    24.00    25.00    26.00    27.00    28.00    29.00    30.00    31.00    32.00        #    34.00    35.00    36.00    37.00    38.00    39.00    40.00    41.00    42.00    43.00    44.00    45.00    46.00    47.00    48.00    49.00    50.00    51.00    52.00    53.00    54.00    55.00    56.00    57.00        #    59.00    60.00    61.00    62.00    63.00    64.00    65.00    66.00    67.00    68.00    69.00    70.00    71.00    72.00    73.00    74.00    75.00    76.00    77.00    78.00    79.00    80.00    81.00    82.00 
  -16.00   -15.00   -14.00   -13.00   -12.00   -11.00   -10.00    -9.00    -8.00    -7.00    -6.00    -5.00    -4.00    -3.00    -2.00    -1.00     0.00     1.00     2.00     3.00     4.00     5.00     6.00     7.00     8.00        #    10.00    11.00    12.00    13.00    14.00    15.00    16.00    17.00    18.00    19.00    20.00    21.00    22.00    23.00    24.00    25.00    26.00    27.00    28.00    29.00    30.00    31.00    32.00    33.00        #    35.00    36.00    37.00    38.00    39.00    40.00    41.00    42.00    43.00    44.00    45.00    46.00    47.00    48.00    49.00    50.00    51.00    52.00    53.00    54.00    55.00    56.00    57.00    58.00        #    60.00    61.00    62.00    63.00    64.00    65.00    66.00    67.00    68.00    69.00    70.00    71.00    72.00    73.00    74.00    75.00    76.00    77.00    78.00    79.00    80.00    81.00    82.00    83.00 
  -15.00   -14.00   -13.00   -12.00   -11.00   -10.00    -9.00    -8.00    -7.00    -6.00    -5.00    -4.00    -3.00    -2.00    -1.00     0.00     1.00     2.00     3.00     4.00     5.00     6.00     7.00     8.00     9.00        #    11.00    12.00    13.00    14.00    15.00    16.00    17.00    18.00    19.00    20.00    21.00    22.00    23.00    24.00    25.00    26.00    27.00    28.00    29.00    30.00    31.00    32.00    33.00    34.00        #    36.00    37.00    38.00    39.00    40.00    41.00    42.00    43.00    44.00    45.00    46.00    47.00    48.00    49.00    50.00    51.00    52.00    53.00    54.00    55.00    56.00    57.00    58.00    59.00        #    61.00    62.00    63.00    64.00    65.00    66.00    67.00    68.00    69.00    70.00    71.00    72.00    73.00    74.00    75.00    76.00    77.00    78.00    79.00    80.00    81.00    82.00    83.00    84.00 
  -14.00   -13.00   -12.00   -11.00   -10.00    -9.00    -8.00    -7.00    -6.00    -5.00    -4.00    -3.00    -2.00    -1.00     0.00     1.00     2.00     3.00     4.00     5.00     6.00     7.00     8.00     9.00    10.00        #    12.00    13.00    14.00    15.00    16.00    17.00    18.00    19.00    20.00    21.00    22.00    23.00    24.00    25.00    26.00    27.00    28.00    29.00    30.00    31.00    32.00    33.00    34.00    35.00        #    37.00    38.00    39.00    40.00    41.00    42.00    43.00    44.00    45.00    46.00    47.00    48.00    49.00    50.00    51.00    52.00    53.00    54.00    55.00    56.00    57.00    58.00    59.00    60.00        #    62.00    63.00    64.00    65.00    66.00    67.00    68.00    69.00    70.00    71.00    72.00    73.00    74.00    75.00    76.00    77.00    78.00    79.00    80.00    81.00    82.00    83.00    84.00    85.00 
  -13.00   -12.00   -11.00   -10.00    -9.00    -8.00    -7.00    -6.00    -5.00    -4.00    -3.00    -2.00    -1.00     0.00     1.00     2.00     3.00     4.00     5.00     6.00     7.00     8.00     9.00    10.00    11.00        #    13.00    14.00    15.00    16.00    17.00    18.00    19.00    20.00    21.00    22.00    23.00    24.00    25.00    26.00    27.00    28.00    29.00    30.00    31.00    32.00    33.00    34.00    35.00    36.00        #    38.00    39.00    40.00    41.00    42.00    43.00    44.00    45.00    46.00    47.00    48.00    49.00    50.00    51.00    52.00    53.00    54.00    55.00    56.00    57.00    58.00    59.00    60.00    61.00        #    63.00    64.00    65.00    66.00    67.00    68.00    69.00    70.00    71.00    72.00    73.00    74.00    75.00    76.00    77.00    78.00    79.00    80.00    81.00    82.00    83.00    84.00    85.00    86.00 
  -12.00   -11.00   -10.00    -9.00    -8.00    -7.00    -6.00    -5.00    -4.00    -3.00    -2.00    -1.00     0.00     1.00     2.00     3.00     4.00     5.00     6.00     7.00     8.00     9.00    10.00    11.00    12.00        #    14.00    15.00    16.00    17.00    18.00    19.00    20.00    21.00    22.00    23.00    24.00    25.00    26.00    27.00    28.00    29.00    30.00    31.00    32.00    33.00    34.00    35.00    36.00    37.00        #    39.00    40.00    41.00    42.00    43.00    44.00    45.00    46.00    47.00    48.00    49.00    50.00    51.00    52.00    53.00    54.00    55.00    56.00    57.00    58.00    59.00    60.00    61.00    62.00        #    64.00    65.00    66.00    67.00    68.00    69.00    70.00    71.00    72.00    73.00    74.00    75.00    76.00    77.00    78.00    79.00    80.00    81.00    82.00    83.00    84.00    85.00    86.00    87.00 
  -11.00   -10.00    -9.00    -8.00    -7.00    -6.00    -5.00    -4.00    -3.00    -2.00    -1.00     0.00     1.00     2.00     3.00     4.00     5.00     6.00     7.00     8.00     9.00    10.00    11.00    12.00    13.00        #    15.00    16.00    17.00    18.00    19.00    20.00    21.00    22.00    23.00    24.00    25.00    26.00    27.00    28.00    29.00    30.00    31.00    32.00    33.00    34.00    35.00    36.00    37.00    38.00        #    40.00    41.00    42.00    43.00    44.00    45.00    46.00    47.00    48.00    49.00    50.00    51.00    52.00    53.00    54.00    55.00    56.00    57.00    58.00    59.00    60.00    61.00    62.00    63.00        #    65.00    66.00    67.00    68.00    69.00    70.00    71.00    72.00    73.00    74.00    75.00    76.00    77.00    78.00    79.00    80.00    81.00    82.00    83.00    84.00    85.00    86.00    87.00    88.00 
  -10.00    -9.00    -8.00    -7.00    -6.00    -5.00    -4.00    -3.00    -2.00    -1.00     0.00     1.00     2.00     3.00     4.00     5.00     6.00     7.00     8.00     9.00    10.00    11.00    12.00    13.00    14.00    15.00    16.00    17.00    18.00    19.00    20.00    21.00    22.00    23.00    24.00    25.00    26.00    27.00    28.00    29.00    30.00    31.00    32.00    33.00    34.00    35.00    36.00    37.00    38.00    39.00    40.00    41.00    42.00    43.00    44.00    45.00    46.00    47.00    48.00    49.00    50.00    51.00    52.00    53.00    54.00    55.00    56.00    57.00    58.00    59.00    60.00    61.00    62.00    63.00    64.00    65.00    66.00    67.00    68.00    69.00    70.00    71.00    72.00    73.00    74.00    75.00    76.00    77.00    78.00    79.00    80.00    81.00    82.00    83.00    84.00    85.00    86.00    87.00    88.00    89.00 
  -11.00   -10.00    -9.00    -8.00    -7.00    -6.00    -5.00    -4.00    -3.00    -2.00    -1.00     0.00     1.00     2.00     3.00     4.00     5.00     6.00     7.00     8.00     9.00    10.00    11.00    12.00    13.00        #    15.00    16.00    17.00    18.00    19.00    20.00    21.00    22.00    23.00    24.00    25.00    26.00    27.00    28.00    29.00    30.00    31.00    32.00    33.00    34.00    35.00    36.00    37.00    38.00        #    40.00    41.00    42.00    43.00    44.00    45.00    46.00    47.00    48.00    49.00    50.00    51.00    52.00    53.00    54.00    55.00    56.00    57.00    58.00    59.00    60.00    61.00    62.00    63.00        #    67.00    68.00    69.00    70.00    71.00    72.00    73.00    74.00    75.00    76.00    77.00    78.00    79.00    80.00    81.00    82.00    83.00    84.00    85.00    86.00    87.00    88.00    89.00    90.00 
  -12.00   -11.00   -10.00    -9.00    -8.00    -7.00    -6.00    -5.00    -4.00    -3.00    -2.00    -1.00     0.00     1.00     2.00     3.00     4.00     5.00     6.00     7.00     8.00     9.00    10.00    11.00    12.00        #    14.00    15.00    16.00    17.00    18.00    19.00    20.00    21.00    22.00    23.00    24.00    25.00    26.00    27.00    28.00    29.00    30.00    31.00    32.00    33.00    34.00    35.00    36.00    37.00        #    39.00    40.00    41.00    42.00    43.00    44.00    45.00    46.00    47.00    48.00    49.00    50.00    51.00    52.00    53.00    54.00    55.00    56.00    57.00    58.00    59.00    60.00    61.00    62.00        #    68.00    69.00    70.00    71.00    72.00    73.00    74.00    75.00    76.00    77.00    78.00    79.00    80.00    81.00    82.00    83.00    84.00    85.00    86.00    87.00    88.00    89.00    90.00    91.00 
  -13.00   -12.00   -11.00   -10.00    -9.00    -8.00    -7.00    -6.00    -5.00    -4.00    -3.00    -2.00    -1.00     0.00     1.00     2.00     3.00     4.00     5.00     6.00     7.00     8.00     9.00    10.00    11.00        #    13.00    14.00    15.00    16.00    17.00    18.00    19.00    20.00    21.00    22.00    23.00    24.00    25.00    26.00    27.00    28.00    29.00    30.00    31.00    32.00    33.00    34.00    35.00    36.00        #    38.00    39.00    40.00    41.00    42.00    43.00    44.00    45.00    46.00    47.00    48.00    49.00    50.00    51.00    52.00    53.00    54.00    55.00    56.00    57.00    58.00    59.00    60.00    61.00        #    69.00    70.00    71.00    72.00    73.00    74.00    75.00    76.00    77.00    78.00    79.00    80.00    81.00    82.00    83.00    84.00    85.00    86.00    87.00    88.00    89.00    90.00    91.00    92.00 
  -14.00   -13.00   -12.00   -11.00   -10.00    -9.00    -8.00    -7.00    -6.00    -5.00    -4.00    -3.00    -2.00    -1.00     0.00     1.00     2.00     3.00     4.00     5.00     6.00     7.00     8.00     9.00    10.00        #    12.00    13.00    14.00    15.00    16.00    17.00    18.00    19.00    20.00    21.00    22.00    23.00    24.00    25.00    26.00    27.00    28.00    29.00    30.00    31.00    32.00    33.00    34.00    35.00        #    37.00    38.00    39.00    40.00    41.00    42.00    43.00    44.00    45.00    46.00    47.00    48.00    49.00    50.00    51.00    52.00    53.00    54.00    55.00    56.00    57.00    58.00    59.00    60.00        #    70.00    71.00    72.00    73.00    74.00    75.00    76.00    77.00    78.00    79.00    80.00    81.00    82.00    83.00    84.00    85.00    86.00    87.00    88.00    89.00    90.00    91.00    92.00    93.00 
  -15.00   -14.00   -13.00   -12.00   -11.00   -10.00    -9.00    -8.00    -7.00    -6.00    -5.00    -4.00    -3.00    -2.00    -1.00     0.00     1.00     2.00     3.00     4.00     5.00     6.00     7.00     8.00     9.00        #    11.00    12.00    13.00    14.00    15.00    16.00    17.00    18.00    19.00    20.00    21.00    22.00    23.00    24.00    25.00    26.00    27.00    28.00    29.00    30.00    31.00    32.00    33.00    34.00        #    36.00    37.00    38.00    39.00    40.00    41.00    42.00    43.00    44.00    45.00    46.00    47.00    48.00    49.00    50.00    51.00    52.00    53.00    54.00    55.00    56.00    57.00    58.00    59.00        #    71.00    72.00    73.00    74.00    75.00    76.00    77.00    78.00    79.00    80.00    81.00    82.00    83.00    84.00    85.00    86.00    87.00    88.00    89.00    90.00    91.00    92.00    93.00    94.00 
  -16.00   -15.00   -14.00   -13.00   -12.00   -11.00   -10.00    -9.00    -8.00    -7.00    -6.00    -5.00    -4.00    -3.00    -2.00    -1.00     0.00     1.00     2.00     3.00     4.00     5.00     6.00     7.00     8.00        #    10.00    11.00    12.00    13.00    14.00    15.00    16.00    17.00    18.00    19.00    20.00    21.00    22.00    23.00    24.00    25.00    26.00    27.00    28.00    29.00    30.00    31.00    32.00    33.00        #    35.00    36.00    37.00    38.00    39.00    40.00    41.00    42.00    43.00    44.00    45.00    46.00    47.00    48.00    49.00    50.00    51.00    52.00    53.00    54.00    55.00    56.00    57.00    58.00        #    72.00    73.00    74.00    75.00    76.00    77.00    78.00    79.00    80.00    81.00    82.00    83.00    84.00    85.00    86.00    87.00    88.00    89.00    90.00    91.00    92.00    93.00    94.00    95.00 
  -17.00   -16.00   -15.00   -14.00   -13.00   -12.00   -11.00   -10.00    -9.00    -8.00    -7.00    -6.00    -5.00    -4.00    -3.00    -2.00    -1.00     0.00     1.00     2.00     3.00     4.00     5.00     6.00     7.00        #     9.00    10.00    11.00    12.00    13.00    14.00    15.00    16.00    17.00    18.00    19.00    20.00    21.00    22.00    23.00    24.00    25.00    26.00    27.00    28.00    29.00    30.00    31.00    32.00        #    34.00    35.00    36.00    37.00    38.00    39.00    40.00    41.00    42.00    43.00    44.00    45.00    46.00    47.00    48.00    49.00    50.00    51.00    52.00    53.00    54.00    55.00    56.00    57.00        #    73.00    74.00    75.00    76.00    77.00    78.00    79.00    80.00    81.00    82.00    83.00    84.00    85.00    86.00    87.00    88.00    89.00    90.00    91.00    92.00    93.00    94.00    95.00    96.00 
  -18.00   -17.00   -16.00   -15.00   -14.00   -13.00   -12.00   -11.00   -10.00    -9.00    -8.00    -7.00    -6.00    -5.00    -4.00    -3.00    -2.00    -1.00     0.00     1.00     2.00     3.00     4.00     5.00     6.00        #     8.00     9.00    10.00    11.00    12.00    13.00    14.00    15.00    16.00    17.00    18.00    19.00    20.00    21.00    22.00    23.00    24.00    25.00    26.00    27.00    28.00    29.00    30.00    31.00        #    33.00    34.00    35.00    36.00    37.00    38.00    39.00    40.00    41.00    42.00    43.00    44.00    45.00    46.00    47.00    48.00    49.00    50.00    51.00    52.00    53.00    54.00    55.00    56.00        #    74.00    75.00    76.00    77.00    78.00    79.00    80.00    81.00    82.00    83.00    84.00    85.00    86.00    87.00    88.00    89.00    90.00    91.00    92.00    93.00    94.00    95.00    96.00    97.00 
  -19.00   -18.00   -17.00   -16.00   -15.00   -14.00   -13.00   -12.00   -11.00   -10.00    -9.00    -8.00    -7.00    -6.00    -5.00    -4.00    -3.00    -2.00    -1.00     0.00     1.00     2.00     3.00     4.00     5.00        #     7.00     8.00     9.00    10.00    11.00    12.00    13.00    14.00    15.00    16.00    17.00    18.00    19.00    20.00    21.00    22.00    23.00    24.00    25.00    26.00    27.00    28.00    29.00    30.00        #    32.00    33.00    34.00    35.00    36.00    37.00    38.00    39.00    40.00    41.00    42.00    43.00    44.00    45.00    46.00    47.00    48.00    49.00    50.00    51.00    52.00    53.00    54.00    55.00        #    75.00    76.00    77.00    78.00    79.00    80.00    81.00    82.00    83.00    84.00    85.00    86.00    87.00    88.00    89.00    90.00    91.00    92.00    93.00    94.00    95.00    96.00    97.00    98.00 
  -20.00   -19.00   -18.00   -17.00   -16.00   -15.00   -14.00   -13.00   -12.00   -11.00   -10.00    -9.00    -8.00    -7.00    -6.00    -5.00    -4.00    -3.00    -2.00    -1.00     0.00     1.00     2.00     3.00     4.00        #     6.00     7.00     8.00     9.00    10.00    11.00    12.00    13.00    14.00    15.00    16.00    17.00    18.00    19.00    20.00    21.00    22.00    23.00    24.00    25.00    26.00    27.00    28.00    29.00        #    31.00    32.00    33.00    34.00    35.00    36.00    37.00    38.00    39.00    40.00    41.00    42.00    43.00    44.00    45.00    46.00    47.00    48.00    49.00    50.00    51.00    52.00    53.00    54.00        #    76.00    77.00    78.00    79.00    80.00    81.00    82.00    83.00    84.00    85.00    86.00    87.00    88.00    89.00    90.00    91.00    92.00    93.00    94.00    95.00    96.00    97.00    98.00    99.00 
  -21.00   -20.00   -19.00   -18.00   -17.00   -16.00   -15.00   -14.00   -13.00   -12.00   -11.00   -10.00    -9.00    -8.00    -7.00    -6.00    -5.00    -4.00    -3.00    -2.00    -1.00     0.00     1.00     2.00     3.00        #     5.00     6.00     7.00     8.00     9.00    10.00    11.00    12.00    13.00    14.00    15.00    16.00    17.00    18.00    19.00    20.00    21.00    22.00    23.00    24.00    25.00    26.00    27.00    28.00        #    30.00    31.00    32.00    33.00    34.00    35.00    36.00    37.00    38.00    39.00    40.00    41.00    42.00    43.00    44.00    45.00    46.00    47.00    48.00    49.00    50.00    51.00    52.00    53.00        #    77.00    78.00    79.00    80.00    81.00    82.00    83.00    84.00    85.00    86.00    87.00    88.00    89.00    90.00    91.00    92.00    93.00    94.00    95.00    96.00    97.00    98.00    99.00   100.00 
  -22.00   -21.00   -20.00   -19.00   -18.00   -17.00   -16.00   -15.00   -14.00   -13.00   -12.00   -11.00   -10.00    -9.00    -8.00    -7.00    -6.00    -5.00    -4.00    -3.00    -2.00    -1.00     0.00     1.00     2.00        #     4.00     5.00     6.00     7.00     8.00     9.00    10.00    11.00    12.00    13.00    14.00    15.00    16.00    17.00    18.00    19.00    20.00    21.00    22.00    23.00    24.00    25.00    26.00    27.00        #    29.00    30.00    31.00    32.00    33.00    34.00    35.00    36.00    37.00    38.00    39.00    40.00    41.00    42.00    43.00    44.00    45.00    46.00    47.00    48.00    49.00    50.00    51.00    52.00        #    78.00    79.00    80.00    81.00    82.00    83.00    84.00    85.00    86.00    87.00    88.00    89.00    90.00    91.00    92.00    93.00    94.00    95.00    96.00    97.00    98.00    99.00   100.00     0.00 

--- POLITICA OTTIMA pi* ('#'=Ostacolo, 'G'=Goal) ---
  v    v    v    v    v    v    v    v    v    v    v    v    v    v    v    v    v    v    v    v    v    v    v    v    v    #    v    v    v    v    v    v    v    v    v    v    v    v    v    v    v    v    v    v    v    v    v    v    v    v    #    v    v    v    v    v    v    v    v    v    v    v    v    v    v    v    v    v    v    v    v    v    v    v    v    #    v    v    v    v    v    v    v    v    v    v    v    v    v    v    v    v    v    v    v    v    v    v    v    v  
  v    v    v    v    v    v    v    v    v    v    v    v    v    v    v    v    v    v    v    v    v    v    v    v    v    #    v    v    v    v    v    v    v    v    v    v    v    v    v    v    v    v    v    v    v    v    v    v    v    v    #    v    v    v    v    v    v    v    v    v    v    v    v    v    v    v    v    v    v    v    v    v    v    v    v    #    v    v    v    v    v    v    v    v    v    v    v    v    v    v    v    v    v    v    v    v    v    v    v    v  
  v    v    v    v    v    v    v    v    v    v    v    v    v    v    v    v    v    v    v    v    v    v    v    v    v    #    v    v    v    v    v    v    v    v    v    v    v    v    v    v    v    v    v    v    v    v    v    v    v    v    #    v    v    v    v    v    v    v    v    v    v    v    v    v    v    v    v    v    v    v    v    v    v    v    v    #    v    v    v    v    v    v    v    v    v    v    v    v    v    v    v    v    v    v    v    v    v    v    v    v  
  v    v    v    v    v    v    v    v    v    v    v    v    v    v    v    v    v    v    v    v    v    v    v    v    v    #    v    v    v    v    v    v    v    v    v    v    v    v    v    v    v    v    v    v    v    v    v    v    v    v    #    v    v    v    v    v    v    v    v    v    v    v    v    v    v    v    v    v    v    v    v    v    v    v    v    #    v    v    v    v    v    v    v    v    v    v    v    v    v    v    v    v    v    v    v    v    v    v    v    v  
  v    v    v    v    v    v    v    v    v    v    v    v    v    v    v    v    v    v    v    v    v    v    v    v    v    #    v    v    v    v    v    v    v    v    v    v    v    v    v    v    v    v    v    v    v    v    v    v    v    v    #    v    v    v    v    v    v    v    v    v    v    v    v    v    v    v    v    v    v    v    v    v    v    v    v    #    v    v    v    v    v    v    v    v    v    v    v    v    v    v    v    v    v    v    v    v    v    v    v    v  
  v    v    v    v    v    v    v    v    v    v    v    v    v    v    v    v    v    v    v    v    v    v    v    v    v    #    v    v    v    v    v    v    v    v    v    v    v    v    v    v    v    v    v    v    v    v    v    v    v    v    #    v    v    v    v    v    v    v    v    v    v    v    v    v    v    v    v    v    v    v    v    v    v    v    v    #    v    v    v    v    v    v    v    v    v    v    v    v    v    v    v    v    v    v    v    v    v    v    v    v  
  v    v    v    v    v    v    v    v    v    v    v    v    v    v    v    v    v    v    v    v    v    v    v    v    v    #    v    v    v    v    v    v    v    v    v    v    v    v    v    v    v    v    v    v    v    v    v    v    v    v    #    v    v    v    v    v    v    v    v    v    v    v    v    v    v    v    v    v    v    v    v    v    v    v    v    #    v    v    v    v    v    v    v    v    v    v    v    v    v    v    v    v    v    v    v    v    v    v    v    v  
  v    v    v    v    v    v    v    v    v    v    v    v    v    v    v    v    v    v    v    v    v    v    v    v    v    #    v    v    v    v    v    v    v    v    v    v    v    v    v    v    v    v    v    v    v    v    v    v    v    v    #    v    v    v    v    v    v    v    v    v    v    v    v    v    v    v    v    v    v    v    v    v    v    v    v    #    v    v    v    v    v    v    v    v    v    v    v    v    v    v    v    v    v    v    v    v    v    v    v    v  
  v    v    v    v    v    v    v    v    v    v    v    v    v    v    v    v    v    v    v    v    v    v    v    v    v    #    v    v    v    v    v    v    v    v    v    v    v    v    v    v    v    v    v    v    v    v    v    v    v    v    #    v    v    v    v    v    v    v    v    v    v    v    v    v    v    v    v    v    v    v    v    v    v    v    v    #    v    v    v    v    v    v    v    v    v    v    v    v    v    v    v    v    v    v    v    v    v    v    v    v  
  v    v    v    v    v    v    v    v    v    v    v    v    v    v    v    v    v    v    v    v    v    v    v    v    v    #    v    v    v    v    v    v    v    v    v    v    v    v    v    v    v    v    v    v    v    v    v    v    v    v    #    v    v    v    v    v    v    v    v    v    v    v    v    v    v    v    v    v    v    v    v    v    v    v    v    #    v    v    v    v    v    v    v    v    v    v    v    v    v    v    v    v    v    v    v    v    v    v    v    v  
  v    v    v    v    v    v    v    v    v    v    v    v    v    v    v    v    v    v    v    v    v    v    v    v    v    #    v    v    v    v    v    v    v    v    v    v    v    v    v    v    v    v    v    v    v    v    v    v    v    v    #    v    v    v    v    v    v    v    v    v    v    v    v    v    v    v    v    v    v    v    v    v    v    v    v    #    v    v    v    v    v    v    v    v    v    v    v    v    v    v    v    v    v    v    v    v    v    v    v    v  
  v    v    v    v    v    v    v    v    v    v    v    v    v    v    v    v    v    v    v    v    v    v    v    v    v    #    v    v    v    v    v    v    v    v    v    v    v    v    v    v    v    v    v    v    v    v    v    v    v    v    #    v    v    v    v    v    v    v    v    v    v    v    v    v    v    v    v    v    v    v    v    v    v    v    v    #    v    v    v    v    v    v    v    v    v    v    v    v    v    v    v    v    v    v    v    v    v    v    v    v  
  v    v    v    v    v    v    v    v    v    v    v    v    v    >    >    >    >    >    >    >    >    >    >    >    >    >    v    v    v    v    v    v    v    v    v    v    v    v    >    >    >    >    >    >    >    >    >    >    >    >    >    v    v    v    v    v    v    v    v    v    v    v    v    >    >    >    >    >    >    >    >    >    >    >    >    >    v    v    v    v    v    v    v    v    v    v    v    v    v    v    v    v    v    v    v    v    v    v    v    v  
  v    v    v    v    v    v    v    v    v    v    v    v    v    ^    ^    ^    ^    ^    ^    ^    ^    ^    ^    ^    ^    #    v    v    v    v    v    v    v    v    v    v    v    v    ^    ^    ^    ^    ^    ^    ^    ^    ^    ^    ^    ^    #    v    v    v    v    v    v    v    v    v    v    v    v    ^    ^    ^    ^    ^    ^    ^    ^    ^    ^    ^    ^    #    v    v    v    v    v    v    v    v    v    v    v    v    v    v    v    v    v    v    v    v    v    v    v    v  
  v    v    v    v    v    v    v    v    v    v    v    v    v    v    ^    ^    ^    ^    ^    ^    ^    ^    ^    ^    ^    #    v    v    v    v    v    v    v    v    v    v    v    v    v    ^    ^    ^    ^    ^    ^    ^    ^    ^    ^    ^    #    v    v    v    v    v    v    v    v    v    v    v    v    v    ^    ^    ^    ^    ^    ^    ^    ^    ^    ^    ^    #    v    v    v    v    v    v    v    v    v    v    v    v    v    v    v    v    v    v    v    v    v    v    v    v  
  v    v    v    v    v    v    v    v    v    v    v    v    v    v    v    ^    ^    ^    ^    ^    ^    ^    ^    ^    ^    #    v    v    v    v    v    v    v    v    v    v    v    v    v    v    ^    ^    ^    ^    ^    ^    ^    ^    ^    ^    #    v    v    v    v    v    v    v    v    v    v    v    v    v    v    ^    ^    ^    ^    ^    ^    ^    ^    ^    ^    #    v    v    v    v    v    v    v    v    v    v    v    v    v    v    v    v    v    v    v    v    v    v    v    v  
  v    v    v    v    v    v    v    v    v    v    v    v    v    v    v    v    ^    ^    ^    ^    ^    ^    ^    ^    ^    #    v    v    v    v    v    v    v    v    v    v    v    v    v    v    v    ^    ^    ^    ^    ^    ^    ^    ^    ^    #    v    v    v    v    v    v    v    v    v    v    v    v    v    v    v    ^    ^    ^    ^    ^    ^    ^    ^    ^    #    v    v    v    v    v    v    v    v    v    v    v    v    v    v    v    v    v    v    v    v    v    v    v    v  
  v    v    v    v    v    v    v    v    v    v    v    v    v    v    v    v    v    ^    ^    ^    ^    ^    ^    ^    ^    #    v    v    v    v    v    v    v    v    v    v    v    v    v    v    v    v    ^    ^    ^    ^    ^    ^    ^    ^    #    v    v    v    v    v    v    v    v    v    v    v    v    v    v    v    v    ^    ^    ^    ^    ^    ^    ^    ^    #    v    v    v    v    v    v    v    v    v    v    v    v    v    v    v    v    v    v    v    v    v    v    v    v  
  v    v    v    v    v    v    v    v    v    v    v    v    v    v    v    v    v    v    ^    ^    ^    ^    ^    ^    ^    #    v    v    v    v    v    v    v    v    v    v    v    v    v    v    v    v    v    ^    ^    ^    ^    ^    ^    ^    #    v    v    v    v    v    v    v    v    v    v    v    v    v    v    v    v    v    ^    ^    ^    ^    ^    ^    ^    #    v    v    v    v    v    v    v    v    v    v    v    v    v    v    v    v    v    v    v    v    v    v    v    v  
  v    v    v    v    v    v    v    v    v    v    v    v    v    v    v    v    v    v    v    ^    ^    ^    ^    ^    ^    #    v    v    v    v    v    v    v    v    v    v    v    v    v    v    v    v    v    v    ^    ^    ^    ^    ^    ^    #    v    v    v    v    v    v    v    v    v    v    v    v    v    v    v    v    v    v    ^    ^    ^    ^    ^    ^    #    v    v    v    v    v    v    v    v    v    v    v    v    v    v    v    v    v    v    v    v    v    v    v    v  
  v    v    v    v    v    v    v    v    v    v    v    v    v    v    v    v    v    v    v    v    ^    ^    ^    ^    ^    #    v    v    v    v    v    v    v    v    v    v    v    v    v    v    v    v    v    v    v    ^    ^    ^    ^    ^    #    v    v    v    v    v    v    v    v    v    v    v    v    v    v    v    v    v    v    v    ^    ^    ^    ^    ^    #    v    v    v    v    v    v    v    v    v    v    v    v    v    v    v    v    v    v    v    v    v    v    v    v  
  v    v    v    v    v    v    v    v    v    v    v    v    v    v    v    v    v    v    v    v    v    ^    ^    ^    ^    #    v    v    v    v    v    v    v    v    v    v    v    v    v    v    v    v    v    v    v    v    ^    ^    ^    ^    #    v    v    v    v    v    v    v    v    v    v    v    v    v    v    v    v    v    v    v    v    ^    ^    ^    ^    #    v    v    v    v    v    v    v    v    v    v    v    v    v    v    v    v    v    v    v    v    v    v    v    v  
  v    v    v    v    v    v    v    v    v    v    v    v    v    v    v    v    v    v    v    v    v    v    ^    ^    ^    #    v    v    v    v    v    v    v    v    v    v    v    v    v    v    v    v    v    v    v    v    v    ^    ^    ^    #    v    v    v    v    v    v    v    v    v    v    v    v    v    v    v    v    v    v    v    v    v    ^    ^    ^    #    v    v    v    v    v    v    v    v    v    v    v    v    v    v    v    v    v    v    v    v    v    v    v    v  
  v    v    v    v    v    v    v    v    v    v    v    v    v    v    v    v    v    v    v    v    v    v    v    ^    ^    #    v    v    v    v    v    v    v    v    v    v    v    v    v    v    v    v    v    v    v    v    v    v    ^    ^    #    v    v    v    v    v    v    v    v    v    v    v    v    v    v    v    v    v    v    v    v    v    v    ^    ^    #    v    v    v    v    v    v    v    v    v    v    v    v    v    v    v    v    v    v    v    v    v    v    v    v  
  >    >    >    >    >    >    >    >    >    >    >    >    v    <    <    <    <    <    <    <    <    <    <    <    ^    #    >    >    >    >    >    >    >    >    >    >    >    v    <    <    <    <    <    <    <    <    <    <    <    ^    #    >    >    >    >    >    >    >    >    >    >    >    v    <    <    <    <    <    <    <    <    <    <    <    ^    #    >    >    >    >    >    >    >    >    >    >    >    v    <    <    <    <    <    <    <    <    <    <    <    <  
  #    #    #    #    #    #    #    #    #    #    #    #    v    #    #    #    #    #    #    #    #    #    #    #    #    #    #    #    #    #    #    #    #    #    #    #    #    v    #    #    #    #    #    #    #    #    #    #    #    #    #    #    #    #    #    #    #    #    #    #    #    #    v    #    #    #    #    #    #    #    #    #    #    #    #    #    #    #    #    #    #    #    #    #    #    #    #    v    #    #    #    #    #    #    #    #    #    #    #    #  
  v    v    v    v    v    v    v    v    v    v    v    v    v    v    v    v    v    v    v    v    v    v    v    v    v    #    v    v    v    v    v    v    v    v    v    v    v    v    v    v    v    v    v    v    v    v    v    v    v    v    #    v    v    v    v    v    v    v    v    v    v    v    v    v    v    v    v    v    v    v    v    v    v    v    v    #    v    v    v    v    v    v    v    v    v    v    v    v    v    v    v    v    v    v    v    v    v    v    v    v  
  v    v    v    v    v    v    v    v    v    v    v    v    v    v    v    v    v    v    v    v    v    v    v    v    v    #    v    v    v    v    v    v    v    v    v    v    v    v    v    v    v    v    v    v    v    v    v    v    v    v    #    v    v    v    v    v    v    v    v    v    v    v    v    v    v    v    v    v    v    v    v    v    v    v    v    #    v    v    v    v    v    v    v    v    v    v    v    v    v    v    v    v    v    v    v    v    v    v    v    v  
  v    v    v    v    v    v    v    v    v    v    v    v    v    v    v    v    v    v    v    v    v    v    v    v    v    #    v    v    v    v    v    v    v    v    v    v    v    v    v    v    v    v    v    v    v    v    v    v    v    v    #    v    v    v    v    v    v    v    v    v    v    v    v    v    v    v    v    v    v    v    v    v    v    v    v    #    v    v    v    v    v    v    v    v    v    v    v    v    v    v    v    v    v    v    v    v    v    v    v    v  
  v    v    v    v    v    v    v    v    v    v    v    v    v    v    v    v    v    v    v    v    v    v    v    v    v    #    v    v    v    v    v    v    v    v    v    v    v    v    v    v    v    v    v    v    v    v    v    v    v    v    #    v    v    v    v    v    v    v    v    v    v    v    v    v    v    v    v    v    v    v    v    v    v    v    v    #    v    v    v    v    v    v    v    v    v    v    v    v    v    v    v    v    v    v    v    v    v    v    v    v  
  v    v    v    v    v    v    v    v    v    v    v    v    v    v    v    v    v    v    v    v    v    v    v    v    v    #    v    v    v    v    v    v    v    v    v    v    v    v    v    v    v    v    v    v    v    v    v    v    v    v    #    v    v    v    v    v    v    v    v    v    v    v    v    v    v    v    v    v    v    v    v    v    v    v    v    #    v    v    v    v    v    v    v    v    v    v    v    v    v    v    v    v    v    v    v    v    v    v    v    v  
  v    v    v    v    v    v    v    v    v    v    v    v    v    v    v    v    v    v    v    v    v    v    v    v    v    #    v    v    v    v    v    v    v    v    v    v    v    v    v    v    v    v    v    v    v    v    v    v    v    v    #    v    v    v    v    v    v    v    v    v    v    v    v    v    v    v    v    v    v    v    v    v    v    v    v    #    v    v    v    v    v    v    v    v    v    v    v    v    v    v    v    v    v    v    v    v    v    v    v    v  
  v    v    v    v    v    v    v    v    v    v    v    v    v    v    v    v    v    v    v    v    v    v    v    v    v    #    v    v    v    v    v    v    v    v    v    v    v    v    v    v    v    v    v    v    v    v    v    v    v    v    #    v    v    v    v    v    v    v    v    v    v    v    v    v    v    v    v    v    v    v    v    v    v    v    v    #    v    v    v    v    v    v    v    v    v    v    v    v    v    v    v    v    v    v    v    v    v    v    v    v  
  v    v    v    v    v    v    v    v    v    v    v    v    v    v    v    v    v    v    v    v    v    v    v    v    v    #    v    v    v    v    v    v    v    v    v    v    v    v    v    v    v    v    v    v    v    v    v    v    v    v    #    v    v    v    v    v    v    v    v    v    v    v    v    v    v    v    v    v    v    v    v    v    v    v    v    #    v    v    v    v    v    v    v    v    v    v    v    v    v    v    v    v    v    v    v    v    v    v    v    v  
  v    v    v    v    v    v    v    v    v    v    v    v    v    v    v    v    v    v    v    v    v    v    v    v    v    #    v    v    v    v    v    v    v    v    v    v    v    v    v    v    v    v    v    v    v    v    v    v    v    v    #    v    v    v    v    v    v    v    v    v    v    v    v    v    v    v    v    v    v    v    v    v    v    v    v    #    v    v    v    v    v    v    v    v    v    v    v    v    v    v    v    v    v    v    v    v    v    v    v    v  
  v    v    v    v    v    v    v    v    v    v    v    v    v    v    v    v    v    v    v    v    v    v    v    v    v    #    v    v    v    v    v    v    v    v    v    v    v    v    v    v    v    v    v    v    v    v    v    v    v    v    #    v    v    v    v    v    v    v    v    v    v    v    v    v    v    v    v    v    v    v    v    v    v    v    v    #    v    v    v    v    v    v    v    v    v    v    v    v    v    v    v    v    v    v    v    v    v    v    v    v  
  v    v    v    v    v    v    v    v    v    v    v    v    v    v    v    v    v    v    v    v    v    v    v    v    v    #    v    v    v    v    v    v    v    v    v    v    v    v    v    v    v    v    v    v    v    v    v    v    v    v    #    v    v    v    v    v    v    v    v    v    v    v    v    v    v    v    v    v    v    v    v    v    v    v    v    #    v    v    v    v    v    v    v    v    v    v    v    v    v    v    v    v    v    v    v    v    v    v    v    v  
  v    v    v    v    v    v    v    v    v    v    v    v    v    >    >    >    >    >    >    >    >    >    >    >    >    >    v    v    v    v    v    v    v    v    v    v    v    v    >    >    >    >    >    >    >    >    >    >    >    >    >    v    v    v    v    v    v    v    v    v    v    v    v    >    >    >    >    >    >    >    >    >    >    >    >    >    v    v    v    v    v    v    v    v    v    v    v    v    v    v    v    v    v    v    v    v    v    v    v    v  
  v    v    v    v    v    v    v    v    v    v    v    v    v    ^    ^    ^    ^    ^    ^    ^    ^    ^    ^    ^    ^    #    v    v    v    v    v    v    v    v    v    v    v    v    ^    ^    ^    ^    ^    ^    ^    ^    ^    ^    ^    ^    #    v    v    v    v    v    v    v    v    v    v    v    v    ^    ^    ^    ^    ^    ^    ^    ^    ^    ^    ^    ^    #    v    v    v    v    v    v    v    v    v    v    v    v    v    v    v    v    v    v    v    v    v    v    v    v  
  v    v    v    v    v    v    v    v    v    v    v    v    v    v    ^    ^    ^    ^    ^    ^    ^    ^    ^    ^    ^    #    v    v    v    v    v    v    v    v    v    v    v    v    v    ^    ^    ^    ^    ^    ^    ^    ^    ^    ^    ^    #    v    v    v    v    v    v    v    v    v    v    v    v    v    ^    ^    ^    ^    ^    ^    ^    ^    ^    ^    ^    #    v    v    v    v    v    v    v    v    v    v    v    v    v    v    v    v    v    v    v    v    v    v    v    v  
  v    v    v    v    v    v    v    v    v    v    v    v    v    v    v    ^    ^    ^    ^    ^    ^    ^    ^    ^    ^    #    v    v    v    v    v    v    v    v    v    v    v    v    v    v    ^    ^    ^    ^    ^    ^    ^    ^    ^    ^    #    v    v    v    v    v    v    v    v    v    v    v    v    v    v    ^    ^    ^    ^    ^    ^    ^    ^    ^    ^    #    v    v    v    v    v    v    v    v    v    v    v    v    v    v    v    v    v    v    v    v    v    v    v    v  
  v    v    v    v    v    v    v    v    v    v    v    v    v    v    v    v    ^    ^    ^    ^    ^    ^    ^    ^    ^    #    v    v    v    v    v    v    v    v    v    v    v    v    v    v    v    ^    ^    ^    ^    ^    ^    ^    ^    ^    #    v    v    v    v    v    v    v    v    v    v    v    v    v    v    v    ^    ^    ^    ^    ^    ^    ^    ^    ^    #    v    v    v    v    v    v    v    v    v    v    v    v    v    v    v    v    v    v    v    v    v    v    v    v  
  v    v    v    v    v    v    v    v    v    v    v    v    v    v    v    v    v    ^    ^    ^    ^    ^    ^    ^    ^    #    v    v    v    v    v    v    v    v    v    v    v    v    v    v    v    v    ^    ^    ^    ^    ^    ^    ^    ^    #    v    v    v    v    v    v    v    v    v    v    v    v    v    v    v    v    ^    ^    ^    ^    ^    ^    ^    ^    #    v    v    v    v    v    v    v    v    v    v    v    v    v    v    v    v    v    v    v    v    v    v    v    v  
  v    v    v    v    v    v    v    v    v    v    v    v    v    v    v    v    v    v    ^    ^    ^    ^    ^    ^    ^    #    v    v    v    v    v    v    v    v    v    v    v    v    v    v    v    v    v    ^    ^    ^    ^    ^    ^    ^    #    v    v    v    v    v    v    v    v    v    v    v    v    v    v    v    v    v    ^    ^    ^    ^    ^    ^    ^    #    v    v    v    v    v    v    v    v    v    v    v    v    v    v    v    v    v    v    v    v    v    v    v    v  
  v    v    v    v    v    v    v    v    v    v    v    v    v    v    v    v    v    v    v    ^    ^    ^    ^    ^    ^    #    v    v    v    v    v    v    v    v    v    v    v    v    v    v    v    v    v    v    ^    ^    ^    ^    ^    ^    #    v    v    v    v    v    v    v    v    v    v    v    v    v    v    v    v    v    v    ^    ^    ^    ^    ^    ^    #    v    v    v    v    v    v    v    v    v    v    v    v    v    v    v    v    v    v    v    v    v    v    v    v  
  v    v    v    v    v    v    v    v    v    v    v    v    v    v    v    v    v    v    v    v    ^    ^    ^    ^    ^    #    v    v    v    v    v    v    v    v    v    v    v    v    v    v    v    v    v    v    v    ^    ^    ^    ^    ^    #    v    v    v    v    v    v    v    v    v    v    v    v    v    v    v    v    v    v    v    ^    ^    ^    ^    ^    #    v    v    v    v    v    v    v    v    v    v    v    v    v    v    v    v    v    v    v    v    v    v    v    v  
  v    v    v    v    v    v    v    v    v    v    v    v    v    v    v    v    v    v    v    v    v    ^    ^    ^    ^    #    v    v    v    v    v    v    v    v    v    v    v    v    v    v    v    v    v    v    v    v    ^    ^    ^    ^    #    v    v    v    v    v    v    v    v    v    v    v    v    v    v    v    v    v    v    v    v    ^    ^    ^    ^    #    v    v    v    v    v    v    v    v    v    v    v    v    v    v    v    v    v    v    v    v    v    v    v    v  
  v    v    v    v    v    v    v    v    v    v    v    v    v    v    v    v    v    v    v    v    v    v    ^    ^    ^    #    v    v    v    v    v    v    v    v    v    v    v    v    v    v    v    v    v    v    v    v    v    ^    ^    ^    #    v    v    v    v    v    v    v    v    v    v    v    v    v    v    v    v    v    v    v    v    v    ^    ^    ^    #    v    v    v    v    v    v    v    v    v    v    v    v    v    v    v    v    v    v    v    v    v    v    v    v  
  v    v    v    v    v    v    v    v    v    v    v    v    v    v    v    v    v    v    v    v    v    v    v    ^    ^    #    v    v    v    v    v    v    v    v    v    v    v    v    v    v    v    v    v    v    v    v    v    v    ^    ^    #    v    v    v    v    v    v    v    v    v    v    v    v    v    v    v    v    v    v    v    v    v    v    ^    ^    #    v    v    v    v    v    v    v    v    v    v    v    v    v    v    v    v    v    v    v    v    v    v    v    v  
  >    >    >    >    >    >    >    >    >    >    >    >    v    <    <    <    <    <    <    <    <    <    <    <    ^    #    >    >    >    >    >    >    >    >    >    >    >    v    <    <    <    <    <    <    <    <    <    <    <    ^    #    >    >    >    >    >    >    >    >    >    >    >    v    <    <    <    <    <    <    <    <    <    <    <    ^    #    >    >    >    >    >    >    >    >    >    >    >    v    <    <    <    <    <    <    <    <    <    <    <    <  
  #    #    #    #    #    #    #    #    #    #    #    #    v    #    #    #    #    #    #    #    #    #    #    #    #    #    #    #    #    #    #    #    #    #    #    #    #    v    #    #    #    #    #    #    #    #    #    #    #    #    #    #    #    #    #    #    #    #    #    #    #    #    v    #    #    #    #    #    #    #    #    #    #    #    #    #    #    #    #    #    #    #    #    #    #    #    #    v    #    #    #    #    #    #    #    #    #    #    #    #  
  v    v    v    v    v    v    v    v    v    v    v    v    v    v    v    v    v    v    v    v    v    v    v    v    v    #    v    v    v    v    v    v    v    v    v    v    v    v    v    v    v    v    v    v    v    v    v    v    v    v    #    v    v    v    v    v    v    v    v    v    v    v    v    v    v    v    v    v    v    v    v    v    v    v    v    #    v    v    v    v    v    v    v    v    v    v    v    v    v    v    v    v    v    v    v    v    v    v    v    v  
  v    v    v    v    v    v    v    v    v    v    v    v    v    v    v    v    v    v    v    v    v    v    v    v    v    #    v    v    v    v    v    v    v    v    v    v    v    v    v    v    v    v    v    v    v    v    v    v    v    v    #    v    v    v    v    v    v    v    v    v    v    v    v    v    v    v    v    v    v    v    v    v    v    v    v    #    v    v    v    v    v    v    v    v    v    v    v    v    v    v    v    v    v    v    v    v    v    v    v    v  
  v    v    v    v    v    v    v    v    v    v    v    v    v    v    v    v    v    v    v    v    v    v    v    v    v    #    v    v    v    v    v    v    v    v    v    v    v    v    v    v    v    v    v    v    v    v    v    v    v    v    #    v    v    v    v    v    v    v    v    v    v    v    v    v    v    v    v    v    v    v    v    v    v    v    v    #    v    v    v    v    v    v    v    v    v    v    v    v    v    v    v    v    v    v    v    v    v    v    v    v  
  v    v    v    v    v    v    v    v    v    v    v    v    v    v    v    v    v    v    v    v    v    v    v    v    v    #    v    v    v    v    v    v    v    v    v    v    v    v    v    v    v    v    v    v    v    v    v    v    v    v    #    v    v    v    v    v    v    v    v    v    v    v    v    v    v    v    v    v    v    v    v    v    v    v    v    #    v    v    v    v    v    v    v    v    v    v    v    v    v    v    v    v    v    v    v    v    v    v    v    v  
  v    v    v    v    v    v    v    v    v    v    v    v    v    v    v    v    v    v    v    v    v    v    v    v    v    #    v    v    v    v    v    v    v    v    v    v    v    v    v    v    v    v    v    v    v    v    v    v    v    v    #    v    v    v    v    v    v    v    v    v    v    v    v    v    v    v    v    v    v    v    v    v    v    v    v    #    v    v    v    v    v    v    v    v    v    v    v    v    v    v    v    v    v    v    v    v    v    v    v    v  
  v    v    v    v    v    v    v    v    v    v    v    v    v    v    v    v    v    v    v    v    v    v    v    v    v    #    v    v    v    v    v    v    v    v    v    v    v    v    v    v    v    v    v    v    v    v    v    v    v    v    #    v    v    v    v    v    v    v    v    v    v    v    v    v    v    v    v    v    v    v    v    v    v    v    v    #    v    v    v    v    v    v    v    v    v    v    v    v    v    v    v    v    v    v    v    v    v    v    v    v  
  v    v    v    v    v    v    v    v    v    v    v    v    v    v    v    v    v    v    v    v    v    v    v    v    v    #    v    v    v    v    v    v    v    v    v    v    v    v    v    v    v    v    v    v    v    v    v    v    v    v    #    v    v    v    v    v    v    v    v    v    v    v    v    v    v    v    v    v    v    v    v    v    v    v    v    #    v    v    v    v    v    v    v    v    v    v    v    v    v    v    v    v    v    v    v    v    v    v    v    v  
  v    v    v    v    v    v    v    v    v    v    v    v    v    v    v    v    v    v    v    v    v    v    v    v    v    #    v    v    v    v    v    v    v    v    v    v    v    v    v    v    v    v    v    v    v    v    v    v    v    v    #    v    v    v    v    v    v    v    v    v    v    v    v    v    v    v    v    v    v    v    v    v    v    v    v    #    v    v    v    v    v    v    v    v    v    v    v    v    v    v    v    v    v    v    v    v    v    v    v    v  
  v    v    v    v    v    v    v    v    v    v    v    v    v    v    v    v    v    v    v    v    v    v    v    v    v    #    v    v    v    v    v    v    v    v    v    v    v    v    v    v    v    v    v    v    v    v    v    v    v    v    #    v    v    v    v    v    v    v    v    v    v    v    v    v    v    v    v    v    v    v    v    v    v    v    v    #    v    v    v    v    v    v    v    v    v    v    v    v    v    v    v    v    v    v    v    v    v    v    v    v  
  v    v    v    v    v    v    v    v    v    v    v    v    v    v    v    v    v    v    v    v    v    v    v    v    v    #    v    v    v    v    v    v    v    v    v    v    v    v    v    v    v    v    v    v    v    v    v    v    v    v    #    v    v    v    v    v    v    v    v    v    v    v    v    v    v    v    v    v    v    v    v    v    v    v    v    #    v    v    v    v    v    v    v    v    v    v    v    v    v    v    v    v    v    v    v    v    v    v    v    v  
  v    v    v    v    v    v    v    v    v    v    v    v    v    v    v    v    v    v    v    v    v    v    v    v    v    #    v    v    v    v    v    v    v    v    v    v    v    v    v    v    v    v    v    v    v    v    v    v    v    v    #    v    v    v    v    v    v    v    v    v    v    v    v    v    v    v    v    v    v    v    v    v    v    v    v    #    v    v    v    v    v    v    v    v    v    v    v    v    v    v    v    v    v    v    v    v    v    v    v    v  
  v    v    v    v    v    v    v    v    v    v    v    v    v    >    >    >    >    >    >    >    >    >    >    >    >    >    v    v    v    v    v    v    v    v    v    v    v    v    >    >    >    >    >    >    >    >    >    >    >    >    >    v    v    v    v    v    v    v    v    v    v    v    v    >    >    >    >    >    >    >    >    >    >    >    >    >    v    v    v    v    v    v    v    v    v    v    v    v    v    v    v    v    v    v    v    v    v    v    v    v  
  v    v    v    v    v    v    v    v    v    v    v    v    v    ^    ^    ^    ^    ^    ^    ^    ^    ^    ^    ^    ^    #    v    v    v    v    v    v    v    v    v    v    v    v    ^    ^    ^    ^    ^    ^    ^    ^    ^    ^    ^    ^    #    v    v    v    v    v    v    v    v    v    v    v    v    ^    ^    ^    ^    ^    ^    ^    ^    ^    ^    ^    ^    #    v    v    v    v    v    v    v    v    v    v    v    v    v    v    v    v    v    v    v    v    v    v    v    v  
  v    v    v    v    v    v    v    v    v    v    v    v    v    v    ^    ^    ^    ^    ^    ^    ^    ^    ^    ^    ^    #    v    v    v    v    v    v    v    v    v    v    v    v    v    ^    ^    ^    ^    ^    ^    ^    ^    ^    ^    ^    #    v    v    v    v    v    v    v    v    v    v    v    v    v    ^    ^    ^    ^    ^    ^    ^    ^    ^    ^    ^    #    v    v    v    v    v    v    v    v    v    v    v    v    v    v    v    v    v    v    v    v    v    v    v    v  
  v    v    v    v    v    v    v    v    v    v    v    v    v    v    v    ^    ^    ^    ^    ^    ^    ^    ^    ^    ^    #    v    v    v    v    v    v    v    v    v    v    v    v    v    v    ^    ^    ^    ^    ^    ^    ^    ^    ^    ^    #    v    v    v    v    v    v    v    v    v    v    v    v    v    v    ^    ^    ^    ^    ^    ^    ^    ^    ^    ^    #    v    v    v    v    v    v    v    v    v    v    v    v    v    v    v    v    v    v    v    v    v    v    v    v  
  v    v    v    v    v    v    v    v    v    v    v    v    v    v    v    v    ^    ^    ^    ^    ^    ^    ^    ^    ^    #    v    v    v    v    v    v    v    v    v    v    v    v    v    v    v    ^    ^    ^    ^    ^    ^    ^    ^    ^    #    v    v    v    v    v    v    v    v    v    v    v    v    v    v    v    ^    ^    ^    ^    ^    ^    ^    ^    ^    #    v    v    v    v    v    v    v    v    v    v    v    v    v    v    v    v    v    v    v    v    v    v    v    v  
  v    v    v    v    v    v    v    v    v    v    v    v    v    v    v    v    v    ^    ^    ^    ^    ^    ^    ^    ^    #    v    v    v    v    v    v    v    v    v    v    v    v    v    v    v    v    ^    ^    ^    ^    ^    ^    ^    ^    #    v    v    v    v    v    v    v    v    v    v    v    v    v    v    v    v    ^    ^    ^    ^    ^    ^    ^    ^    #    v    v    v    v    v    v    v    v    v    v    v    v    v    v    v    v    v    v    v    v    v    v    v    v  
  v    v    v    v    v    v    v    v    v    v    v    v    v    v    v    v    v    v    ^    ^    ^    ^    ^    ^    ^    #    v    v    v    v    v    v    v    v    v    v    v    v    v    v    v    v    v    ^    ^    ^    ^    ^    ^    ^    #    v    v    v    v    v    v    v    v    v    v    v    v    v    v    v    v    v    ^    ^    ^    ^    ^    ^    ^    #    v    v    v    v    v    v    v    v    v    v    v    v    v    v    v    v    v    v    v    v    v    v    v    v  
  v    v    v    v    v    v    v    v    v    v    v    v    v    v    v    v    v    v    v    ^    ^    ^    ^    ^    ^    #    v    v    v    v    v    v    v    v    v    v    v    v    v    v    v    v    v    v    ^    ^    ^    ^    ^    ^    #    v    v    v    v    v    v    v    v    v    v    v    v    v    v    v    v    v    v    ^    ^    ^    ^    ^    ^    #    v    v    v    v    v    v    v    v    v    v    v    v    v    v    v    v    v    v    v    v    v    v    v    v  
  v    v    v    v    v    v    v    v    v    v    v    v    v    v    v    v    v    v    v    v    ^    ^    ^    ^    ^    #    v    v    v    v    v    v    v    v    v    v    v    v    v    v    v    v    v    v    v    ^    ^    ^    ^    ^    #    v    v    v    v    v    v    v    v    v    v    v    v    v    v    v    v    v    v    v    ^    ^    ^    ^    ^    #    v    v    v    v    v    v    v    v    v    v    v    v    v    v    v    v    v    v    v    v    v    v    v    v  
  v    v    v    v    v    v    v    v    v    v    v    v    v    v    v    v    v    v    v    v    v    ^    ^    ^    ^    #    v    v    v    v    v    v    v    v    v    v    v    v    v    v    v    v    v    v    v    v    ^    ^    ^    ^    #    v    v    v    v    v    v    v    v    v    v    v    v    v    v    v    v    v    v    v    v    ^    ^    ^    ^    #    v    v    v    v    v    v    v    v    v    v    v    v    v    v    v    v    v    v    v    v    v    v    v    v  
  v    v    v    v    v    v    v    v    v    v    v    v    v    v    v    v    v    v    v    v    v    v    ^    ^    ^    #    v    v    v    v    v    v    v    v    v    v    v    v    v    v    v    v    v    v    v    v    v    ^    ^    ^    #    v    v    v    v    v    v    v    v    v    v    v    v    v    v    v    v    v    v    v    v    v    ^    ^    ^    #    v    v    v    v    v    v    v    v    v    v    v    v    v    v    v    v    v    v    v    v    v    v    v    v  
  v    v    v    v    v    v    v    v    v    v    v    v    v    v    v    v    v    v    v    v    v    v    v    ^    ^    #    v    v    v    v    v    v    v    v    v    v    v    v    v    v    v    v    v    v    v    v    v    v    ^    ^    #    v    v    v    v    v    v    v    v    v    v    v    v    v    v    v    v    v    v    v    v    v    v    ^    ^    #    v    v    v    v    v    v    v    v    v    v    v    v    v    v    v    v    v    v    v    v    v    v    v    v  
  >    >    >    >    >    >    >    >    >    >    >    >    v    <    <    <    <    <    <    <    <    <    <    <    ^    #    >    >    >    >    >    >    >    >    >    >    >    v    <    <    <    <    <    <    <    <    <    <    <    ^    #    >    >    >    >    >    >    >    >    >    >    >    v    <    <    <    <    <    <    <    <    <    <    <    ^    #    >    >    >    >    >    >    >    >    >    >    >    v    <    <    <    <    <    <    <    <    <    <    <    <  
  #    #    #    #    #    #    #    #    #    #    #    #    v    #    #    #    #    #    #    #    #    #    #    #    #    #    #    #    #    #    #    #    #    #    #    #    #    v    #    #    #    #    #    #    #    #    #    #    #    #    #    #    #    #    #    #    #    #    #    #    #    #    v    #    #    #    #    #    #    #    #    #    #    #    #    #    #    #    #    #    #    #    #    #    #    #    #    v    #    #    #    #    #    #    #    #    #    #    #    #  
  v    v    v    v    v    v    v    v    v    v    v    v    v    v    v    v    v    v    v    v    v    v    v    v    v    #    v    v    v    v    v    v    v    v    v    v    v    v    v    v    v    v    v    v    v    v    v    v    v    v    #    v    v    v    v    v    v    v    v    v    v    v    v    v    v    v    v    v    v    v    v    v    v    v    v    #    v    v    v    v    v    v    v    v    v    v    v    v    v    v    v    v    v    v    v    v    v    v    v    v  
  v    v    v    v    v    v    v    v    v    v    v    v    v    v    v    v    v    v    v    v    v    v    v    v    v    #    v    v    v    v    v    v    v    v    v    v    v    v    v    v    v    v    v    v    v    v    v    v    v    v    #    v    v    v    v    v    v    v    v    v    v    v    v    v    v    v    v    v    v    v    v    v    v    v    v    #    v    v    v    v    v    v    v    v    v    v    v    v    v    v    v    v    v    v    v    v    v    v    v    v  
  v    v    v    v    v    v    v    v    v    v    v    v    v    v    v    v    v    v    v    v    v    v    v    v    v    #    v    v    v    v    v    v    v    v    v    v    v    v    v    v    v    v    v    v    v    v    v    v    v    v    #    v    v    v    v    v    v    v    v    v    v    v    v    v    v    v    v    v    v    v    v    v    v    v    v    #    v    v    v    v    v    v    v    v    v    v    v    v    v    v    v    v    v    v    v    v    v    v    v    v  
  v    v    v    v    v    v    v    v    v    v    v    v    v    v    v    v    v    v    v    v    v    v    v    v    v    #    v    v    v    v    v    v    v    v    v    v    v    v    v    v    v    v    v    v    v    v    v    v    v    v    #    v    v    v    v    v    v    v    v    v    v    v    v    v    v    v    v    v    v    v    v    v    v    v    v    #    v    v    v    v    v    v    v    v    v    v    v    v    v    v    v    v    v    v    v    v    v    v    v    v  
  v    v    v    v    v    v    v    v    v    v    v    v    v    v    v    v    v    v    v    v    v    v    v    v    v    #    v    v    v    v    v    v    v    v    v    v    v    v    v    v    v    v    v    v    v    v    v    v    v    v    #    v    v    v    v    v    v    v    v    v    v    v    v    v    v    v    v    v    v    v    v    v    v    v    v    #    v    v    v    v    v    v    v    v    v    v    v    v    v    v    v    v    v    v    v    v    v    v    v    v  
  v    v    v    v    v    v    v    v    v    v    v    v    v    v    v    v    v    v    v    v    v    v    v    v    v    #    v    v    v    v    v    v    v    v    v    v    v    v    v    v    v    v    v    v    v    v    v    v    v    v    #    v    v    v    v    v    v    v    v    v    v    v    v    v    v    v    v    v    v    v    v    v    v    v    v    #    v    v    v    v    v    v    v    v    v    v    v    v    v    v    v    v    v    v    v    v    v    v    v    v  
  v    v    v    v    v    v    v    v    v    v    v    v    v    v    v    v    v    v    v    v    v    v    v    v    v    #    v    v    v    v    v    v    v    v    v    v    v    v    v    v    v    v    v    v    v    v    v    v    v    v    #    v    v    v    v    v    v    v    v    v    v    v    v    v    v    v    v    v    v    v    v    v    v    v    v    #    v    v    v    v    v    v    v    v    v    v    v    v    v    v    v    v    v    v    v    v    v    v    v    v  
  v    v    v    v    v    v    v    v    v    v    v    v    v    v    v    v    v    v    v    v    v    v    v    v    v    #    v    v    v    v    v    v    v    v    v    v    v    v    v    v    v    v    v    v    v    v    v    v    v    v    #    v    v    v    v    v    v    v    v    v    v    v    v    v    v    v    v    v    v    v    v    v    v    v    v    #    v    v    v    v    v    v    v    v    v    v    v    v    v    v    v    v    v    v    v    v    v    v    v    v  
  v    v    v    v    v    v    v    v    v    v    v    v    v    v    v    v    v    v    v    v    v    v    v    v    v    #    v    v    v    v    v    v    v    v    v    v    v    v    v    v    v    v    v    v    v    v    v    v    v    v    #    v    v    v    v    v    v    v    v    v    v    v    v    v    v    v    v    v    v    v    v    v    v    v    v    #    v    v    v    v    v    v    v    v    v    v    v    v    v    v    v    v    v    v    v    v    v    v    v    v  
  v    v    v    v    v    v    v    v    v    v    v    v    v    v    v    v    v    v    v    v    v    v    v    v    v    #    v    v    v    v    v    v    v    v    v    v    v    v    v    v    v    v    v    v    v    v    v    v    v    v    #    v    v    v    v    v    v    v    v    v    v    v    v    v    v    v    v    v    v    v    v    v    v    v    v    #    v    v    v    v    v    v    v    v    v    v    v    v    v    v    v    v    v    v    v    v    v    v    v    v  
  v    v    v    v    v    v    v    v    v    v    v    v    v    v    v    v    v    v    v    v    v    v    v    v    v    #    v    v    v    v    v    v    v    v    v    v    v    v    v    v    v    v    v    v    v    v    v    v    v    v    #    v    v    v    v    v    v    v    v    v    v    v    v    v    v    v    v    v    v    v    v    v    v    v    v    #    v    v    v    v    v    v    v    v    v    v    v    v    v    v    v    v    v    v    v    v    v    v    v    v  
  >    >    >    >    >    >    >    >    >    >    >    >    >    >    >    >    >    >    >    >    >    >    >    >    >    >    >    >    >    >    >    >    >    >    >    >    >    >    >    >    >    >    >    >    >    >    >    >    >    >    >    >    >    >    >    >    >    >    >    >    >    >    >    >    >    >    >    >    >    >    >    >    >    >    >    >    v    v    v    v    v    v    v    v    v    v    v    v    v    v    v    v    v    v    v    v    v    v    v    v  
  ^    ^    ^    ^    ^    ^    ^    ^    ^    ^    ^    ^    ^    ^    ^    ^    ^    ^    ^    ^    ^    ^    ^    ^    ^    #    ^    ^    ^    ^    ^    ^    ^    ^    ^    ^    ^    ^    ^    ^    ^    ^    ^    ^    ^    ^    ^    ^    ^    ^    #    ^    ^    ^    ^    ^    ^    ^    ^    ^    ^    ^    ^    ^    ^    ^    ^    ^    ^    ^    ^    ^    ^    ^    ^    #    v    v    v    v    v    v    v    v    v    v    v    v    v    v    v    v    v    v    v    v    v    v    v    v  
  ^    ^    ^    ^    ^    ^    ^    ^    ^    ^    ^    ^    ^    ^    ^    ^    ^    ^    ^    ^    ^    ^    ^    ^    ^    #    ^    ^    ^    ^    ^    ^    ^    ^    ^    ^    ^    ^    ^    ^    ^    ^    ^    ^    ^    ^    ^    ^    ^    ^    #    ^    ^    ^    ^    ^    ^    ^    ^    ^    ^    ^    ^    ^    ^    ^    ^    ^    ^    ^    ^    ^    ^    ^    ^    #    v    v    v    v    v    v    v    v    v    v    v    v    v    v    v    v    v    v    v    v    v    v    v    v  
  ^    ^    ^    ^    ^    ^    ^    ^    ^    ^    ^    ^    ^    ^    ^    ^    ^    ^    ^    ^    ^    ^    ^    ^    ^    #    ^    ^    ^    ^    ^    ^    ^    ^    ^    ^    ^    ^    ^    ^    ^    ^    ^    ^    ^    ^    ^    ^    ^    ^    #    ^    ^    ^    ^    ^    ^    ^    ^    ^    ^    ^    ^    ^    ^    ^    ^    ^    ^    ^    ^    ^    ^    ^    ^    #    v    v    v    v    v    v    v    v    v    v    v    v    v    v    v    v    v    v    v    v    v    v    v    v  
  ^    ^    ^    ^    ^    ^    ^    ^    ^    ^    ^    ^    ^    ^    ^    ^    ^    ^    ^    ^    ^    ^    ^    ^    ^    #    ^    ^    ^    ^    ^    ^    ^    ^    ^    ^    ^    ^    ^    ^    ^    ^    ^    ^    ^    ^    ^    ^    ^    ^    #    ^    ^    ^    ^    ^    ^    ^    ^    ^    ^    ^    ^    ^    ^    ^    ^    ^    ^    ^    ^    ^    ^    ^    ^    #    v    v    v    v    v    v    v    v    v    v    v    v    v    v    v    v    v    v    v    v    v    v    v    v  
  ^    ^    ^    ^    ^    ^    ^    ^    ^    ^    ^    ^    ^    ^    ^    ^    ^    ^    ^    ^    ^    ^    ^    ^    ^    #    ^    ^    ^    ^    ^    ^    ^    ^    ^    ^    ^    ^    ^    ^    ^    ^    ^    ^    ^    ^    ^    ^    ^    ^    #    ^    ^    ^    ^    ^    ^    ^    ^    ^    ^    ^    ^    ^    ^    ^    ^    ^    ^    ^    ^    ^    ^    ^    ^    #    v    v    v    v    v    v    v    v    v    v    v    v    v    v    v    v    v    v    v    v    v    v    v    v  
  ^    ^    ^    ^    ^    ^    ^    ^    ^    ^    ^    ^    ^    ^    ^    ^    ^    ^    ^    ^    ^    ^    ^    ^    ^    #    ^    ^    ^    ^    ^    ^    ^    ^    ^    ^    ^    ^    ^    ^    ^    ^    ^    ^    ^    ^    ^    ^    ^    ^    #    ^    ^    ^    ^    ^    ^    ^    ^    ^    ^    ^    ^    ^    ^    ^    ^    ^    ^    ^    ^    ^    ^    ^    ^    #    v    v    v    v    v    v    v    v    v    v    v    v    v    v    v    v    v    v    v    v    v    v    v    v  
  ^    ^    ^    ^    ^    ^    ^    ^    ^    ^    ^    ^    ^    ^    ^    ^    ^    ^    ^    ^    ^    ^    ^    ^    ^    #    ^    ^    ^    ^    ^    ^    ^    ^    ^    ^    ^    ^    ^    ^    ^    ^    ^    ^    ^    ^    ^    ^    ^    ^    #    ^    ^    ^    ^    ^    ^    ^    ^    ^    ^    ^    ^    ^    ^    ^    ^    ^    ^    ^    ^    ^    ^    ^    ^    #    v    v    v    v    v    v    v    v    v    v    v    v    v    v    v    v    v    v    v    v    v    v    v    v  
  ^    ^    ^    ^    ^    ^    ^    ^    ^    ^    ^    ^    ^    ^    ^    ^    ^    ^    ^    ^    ^    ^    ^    ^    ^    #    ^    ^    ^    ^    ^    ^    ^    ^    ^    ^    ^    ^    ^    ^    ^    ^    ^    ^    ^    ^    ^    ^    ^    ^    #    ^    ^    ^    ^    ^    ^    ^    ^    ^    ^    ^    ^    ^    ^    ^    ^    ^    ^    ^    ^    ^    ^    ^    ^    #    v    v    v    v    v    v    v    v    v    v    v    v    v    v    v    v    v    v    v    v    v    v    v    v  
  ^    ^    ^    ^    ^    ^    ^    ^    ^    ^    ^    ^    ^    ^    ^    ^    ^    ^    ^    ^    ^    ^    ^    ^    ^    #    ^    ^    ^    ^    ^    ^    ^    ^    ^    ^    ^    ^    ^    ^    ^    ^    ^    ^    ^    ^    ^    ^    ^    ^    #    ^    ^    ^    ^    ^    ^    ^    ^    ^    ^    ^    ^    ^    ^    ^    ^    ^    ^    ^    ^    ^    ^    ^    ^    #    v    v    v    v    v    v    v    v    v    v    v    v    v    v    v    v    v    v    v    v    v    v    v    v  
  ^    ^    ^    ^    ^    ^    ^    ^    ^    ^    ^    ^    ^    ^    ^    ^    ^    ^    ^    ^    ^    ^    ^    ^    ^    #    ^    ^    ^    ^    ^    ^    ^    ^    ^    ^    ^    ^    ^    ^    ^    ^    ^    ^    ^    ^    ^    ^    ^    ^    #    ^    ^    ^    ^    ^    ^    ^    ^    ^    ^    ^    ^    ^    ^    ^    ^    ^    ^    ^    ^    ^    ^    ^    ^    #    v    v    v    v    v    v    v    v    v    v    v    v    v    v    v    v    v    v    v    v    v    v    v    v  
  ^    ^    ^    ^    ^    ^    ^    ^    ^    ^    ^    ^    ^    ^    ^    ^    ^    ^    ^    ^    ^    ^    ^    ^    ^    #    ^    ^    ^    ^    ^    ^    ^    ^    ^    ^    ^    ^    ^    ^    ^    ^    ^    ^    ^    ^    ^    ^    ^    ^    #    ^    ^    ^    ^    ^    ^    ^    ^    ^    ^    ^    ^    ^    ^    ^    ^    ^    ^    ^    ^    ^    ^    ^    ^    #    v    v    v    v    v    v    v    v    v    v    v    v    v    v    v    v    v    v    v    v    v    v    v    v  
  ^    ^    ^    ^    ^    ^    ^    ^    ^    ^    ^    ^    ^    ^    ^    ^    ^    ^    ^    ^    ^    ^    ^    ^    ^    #    ^    ^    ^    ^    ^    ^    ^    ^    ^    ^    ^    ^    ^    ^    ^    ^    ^    ^    ^    ^    ^    ^    ^    ^    #    ^    ^    ^    ^    ^    ^    ^    ^    ^    ^    ^    ^    ^    ^    ^    ^    ^    ^    ^    ^    ^    ^    ^    ^    #    >    >    >    >    >    >    >    >    >    >    >    >    >    >    >    >    >    >    >    >    >    >    >    G  

--- GRIGLIA CON PERCORSO ROBOT ('S'=Start, 'G'=Goal, '*'=Percorso, '#'=Ostacolo) ---
S . . . . . . . . . . . . . . . . . . . . . . . . # . . . . . . . . . . . . . . . . . . . . . . . . # . . . . . . . . . . . . . . . . . . . . . . . . # . . . . . . . . . . . . . . . . . . . . . . . . 
* . . . . . . . . . . . . . . . . . . . . . . . . # . . . . . . . . . . . . . . . . . . . . . . . . # . . . . . . . . . . . . . . . . . . . . . . . . # . . . . . . . . . . . . . . . . . . . . . . . . 
* . . . . . . . . . . . . . . . . . . . . . . . . # . . . . . . . . . . . . . . . . . . . . . . . . # . . . . . . . . . . . . . . . . . . . . . . . . # . . . . . . . . . . . . . . . . . . . . . . . . 
* . . . . . . . . . . . . . . . . . . . . . . . . # . . . . . . . . . . . . . . . . . . . . . . . . # . . . . . . . . . . . . . . . . . . . . . . . . # . . . . . . . . . . . . . . . . . . . . . . . . 
* . . . . . . . . . . . . . . . . . . . . . . . . # . . . . . . . . . . . . . . . . . . . . . . . . # . . . . . . . . . . . . . . . . . . . . . . . . # . . . . . . . . . . . . . . . . . . . . . . . . 
* . . . . . . . . . . . . . . . . . . . . . . . . # . . . . . . . . . . . . . . . . . . . . . . . . # . . . . . . . . . . . . . . . . . . . . . . . . # . . . . . . . . . . . . . . . . . . . . . . . . 
* . . . . . . . . . . . . . . . . . . . . . . . . # . . . . . . . . . . . . . . . . . . . . . . . . # . . . . . . . . . . . . . . . . . . . . . . . . # . . . . . . . . . . . . . . . . . . . . . . . . 
* . . . . . . . . . . . . . . . . . . . . . . . . # . . . . . . . . . . . . . . . . . . . . . . . . # . . . . . . . . . . . . . . . . . . . . . . . . # . . . . . . . . . . . . . . . . . . . . . . . . 
* . . . . . . . . . . . . . . . . . . . . . . . . # . . . . . . . . . . . . . . . . . . . . . . . . # . . . . . . . . . . . . . . . . . . . . . . . . # . . . . . . . . . . . . . . . . . . . . . . . . 
* . . . . . . . . . . . . . . . . . . . . . . . . # . . . . . . . . . . . . . . . . . . . . . . . . # . . . . . . . . . . . . . . . . . . . . . . . . # . . . . . . . . . . . . . . . . . . . . . . . . 
* . . . . . . . . . . . . . . . . . . . . . . . . # . . . . . . . . . . . . . . . . . . . . . . . . # . . . . . . . . . . . . . . . . . . . . . . . . # . . . . . . . . . . . . . . . . . . . . . . . . 
* . . . . . . . . . . . . . . . . . . . . . . . . # . . . . . . . . . . . . . . . . . . . . . . . . # . . . . . . . . . . . . . . . . . . . . . . . . # . . . . . . . . . . . . . . . . . . . . . . . . 
* . . . . . . . . . . . . . . . . . . . . . . . . . . . . . . . . . . . . . . . . . . . . . . . . . . . . . . . . . . . . . . . . . . . . . . . . . . . . . . . . . . . . . . . . . . . . . . . . . . . 
* . . . . . . . . . . . . . . . . . . . . . . . . # . . . . . . . . . . . . . . . . . . . . . . . . # . . . . . . . . . . . . . . . . . . . . . . . . # . . . . . . . . . . . . . . . . . . . . . . . . 
* . . . . . . . . . . . . . . . . . . . . . . . . # . . . . . . . . . . . . . . . . . . . . . . . . # . . . . . . . . . . . . . . . . . . . . . . . . # . . . . . . . . . . . . . . . . . . . . . . . . 
* . . . . . . . . . . . . . . . . . . . . . . . . # . . . . . . . . . . . . . . . . . . . . . . . . # . . . . . . . . . . . . . . . . . . . . . . . . # . . . . . . . . . . . . . . . . . . . . . . . . 
* . . . . . . . . . . . . . . . . . . . . . . . . # . . . . . . . . . . . . . . . . . . . . . . . . # . . . . . . . . . . . . . . . . . . . . . . . . # . . . . . . . . . . . . . . . . . . . . . . . . 
* . . . . . . . . . . . . . . . . . . . . . . . . # . . . . . . . . . . . . . . . . . . . . . . . . # . . . . . . . . . . . . . . . . . . . . . . . . # . . . . . . . . . . . . . . . . . . . . . . . . 
* . . . . . . . . . . . . . . . . . . . . . . . . # . . . . . . . . . . . . . . . . . . . . . . . . # . . . . . . . . . . . . . . . . . . . . . . . . # . . . . . . . . . . . . . . . . . . . . . . . . 
* . . . . . . . . . . . . . . . . . . . . . . . . # . . . . . . . . . . . . . . . . . . . . . . . . # . . . . . . . . . . . . . . . . . . . . . . . . # . . . . . . . . . . . . . . . . . . . . . . . . 
* . . . . . . . . . . . . . . . . . . . . . . . . # . . . . . . . . . . . . . . . . . . . . . . . . # . . . . . . . . . . . . . . . . . . . . . . . . # . . . . . . . . . . . . . . . . . . . . . . . . 
* . . . . . . . . . . . . . . . . . . . . . . . . # . . . . . . . . . . . . . . . . . . . . . . . . # . . . . . . . . . . . . . . . . . . . . . . . . # . . . . . . . . . . . . . . . . . . . . . . . . 
* . . . . . . . . . . . . . . . . . . . . . . . . # . . . . . . . . . . . . . . . . . . . . . . . . # . . . . . . . . . . . . . . . . . . . . . . . . # . . . . . . . . . . . . . . . . . . . . . . . . 
* . . . . . . . . . . . . . . . . . . . . . . . . # . . . . . . . . . . . . . . . . . . . . . . . . # . . . . . . . . . . . . . . . . . . . . . . . . # . . . . . . . . . . . . . . . . . . . . . . . . 
* * * * * * * * * * * * * . . . . . . . . . . . . # . . . . . . . . . . . . . . . . . . . . . . . . # . . . . . . . . . . . . . . . . . . . . . . . . # . . . . . . . . . . . . . . . . . . . . . . . . 
# # # # # # # # # # # # * # # # # # # # # # # # # # # # # # # # # # # # # . # # # # # # # # # # # # # # # # # # # # # # # # . # # # # # # # # # # # # # # # # # # # # # # # # . # # # # # # # # # # # # 
. . . . . . . . . . . . * . . . . . . . . . . . . # . . . . . . . . . . . . . . . . . . . . . . . . # . . . . . . . . . . . . . . . . . . . . . . . . # . . . . . . . . . . . . . . . . . . . . . . . . 
. . . . . . . . . . . . * . . . . . . . . . . . . # . . . . . . . . . . . . . . . . . . . . . . . . # . . . . . . . . . . . . . . . . . . . . . . . . # . . . . . . . . . . . . . . . . . . . . . . . . 
. . . . . . . . . . . . * . . . . . . . . . . . . # . . . . . . . . . . . . . . . . . . . . . . . . # . . . . . . . . . . . . . . . . . . . . . . . . # . . . . . . . . . . . . . . . . . . . . . . . . 
. . . . . . . . . . . . * . . . . . . . . . . . . # . . . . . . . . . . . . . . . . . . . . . . . . # . . . . . . . . . . . . . . . . . . . . . . . . # . . . . . . . . . . . . . . . . . . . . . . . . 
. . . . . . . . . . . . * . . . . . . . . . . . . # . . . . . . . . . . . . . . . . . . . . . . . . # . . . . . . . . . . . . . . . . . . . . . . . . # . . . . . . . . . . . . . . . . . . . . . . . . 
. . . . . . . . . . . . * . . . . . . . . . . . . # . . . . . . . . . . . . . . . . . . . . . . . . # . . . . . . . . . . . . . . . . . . . . . . . . # . . . . . . . . . . . . . . . . . . . . . . . . 
. . . . . . . . . . . . * . . . . . . . . . . . . # . . . . . . . . . . . . . . . . . . . . . . . . # . . . . . . . . . . . . . . . . . . . . . . . . # . . . . . . . . . . . . . . . . . . . . . . . . 
. . . . . . . . . . . . * . . . . . . . . . . . . # . . . . . . . . . . . . . . . . . . . . . . . . # . . . . . . . . . . . . . . . . . . . . . . . . # . . . . . . . . . . . . . . . . . . . . . . . . 
. . . . . . . . . . . . * . . . . . . . . . . . . # . . . . . . . . . . . . . . . . . . . . . . . . # . . . . . . . . . . . . . . . . . . . . . . . . # . . . . . . . . . . . . . . . . . . . . . . . . 
. . . . . . . . . . . . * . . . . . . . . . . . . # . . . . . . . . . . . . . . . . . . . . . . . . # . . . . . . . . . . . . . . . . . . . . . . . . # . . . . . . . . . . . . . . . . . . . . . . . . 
. . . . . . . . . . . . * . . . . . . . . . . . . # . . . . . . . . . . . . . . . . . . . . . . . . # . . . . . . . . . . . . . . . . . . . . . . . . # . . . . . . . . . . . . . . . . . . . . . . . . 
. . . . . . . . . . . . * . . . . . . . . . . . . . . . . . . . . . . . . . . . . . . . . . . . . . . . . . . . . . . . . . . . . . . . . . . . . . . . . . . . . . . . . . . . . . . . . . . . . . . . 
. . . . . . . . . . . . * . . . . . . . . . . . . # . . . . . . . . . . . . . . . . . . . . . . . . # . . . . . . . . . . . . . . . . . . . . . . . . # . . . . . . . . . . . . . . . . . . . . . . . . 
. . . . . . . . . . . . * . . . . . . . . . . . . # . . . . . . . . . . . . . . . . . . . . . . . . # . . . . . . . . . . . . . . . . . . . . . . . . # . . . . . . . . . . . . . . . . . . . . . . . . 
. . . . . . . . . . . . * . . . . . . . . . . . . # . . . . . . . . . . . . . . . . . . . . . . . . # . . . . . . . . . . . . . . . . . . . . . . . . # . . . . . . . . . . . . . . . . . . . . . . . . 
. . . . . . . . . . . . * . . . . . . . . . . . . # . . . . . . . . . . . . . . . . . . . . . . . . # . . . . . . . . . . . . . . . . . . . . . . . . # . . . . . . . . . . . . . . . . . . . . . . . . 
. . . . . . . . . . . . * . . . . . . . . . . . . # . . . . . . . . . . . . . . . . . . . . . . . . # . . . . . . . . . . . . . . . . . . . . . . . . # . . . . . . . . . . . . . . . . . . . . . . . . 
. . . . . . . . . . . . * . . . . . . . . . . . . # . . . . . . . . . . . . . . . . . . . . . . . . # . . . . . . . . . . . . . . . . . . . . . . . . # . . . . . . . . . . . . . . . . . . . . . . . . 
. . . . . . . . . . . . * . . . . . . . . . . . . # . . . . . . . . . . . . . . . . . . . . . . . . # . . . . . . . . . . . . . . . . . . . . . . . . # . . . . . . . . . . . . . . . . . . . . . . . . 
. . . . . . . . . . . . * . . . . . . . . . . . . # . . . . . . . . . . . . . . . . . . . . . . . . # . . . . . . . . . . . . . . . . . . . . . . . . # . . . . . . . . . . . . . . . . . . . . . . . . 
. . . . . . . . . . . . * . . . . . . . . . . . . # . . . . . . . . . . . . . . . . . . . . . . . . # . . . . . . . . . . . . . . . . . . . . . . . . # . . . . . . . . . . . . . . . . . . . . . . . . 
. . . . . . . . . . . . * . . . . . . . . . . . . # . . . . . . . . . . . . . . . . . . . . . . . . # . . . . . . . . . . . . . . . . . . . . . . . . # . . . . . . . . . . . . . . . . . . . . . . . . 
. . . . . . . . . . . . * . . . . . . . . . . . . # . . . . . . . . . . . . . . . . . . . . . . . . # . . . . . . . . . . . . . . . . . . . . . . . . # . . . . . . . . . . . . . . . . . . . . . . . . 
. . . . . . . . . . . . * . . . . . . . . . . . . # . . . . . . . . . . . . . . . . . . . . . . . . # . . . . . . . . . . . . . . . . . . . . . . . . # . . . . . . . . . . . . . . . . . . . . . . . . 
# # # # # # # # # # # # * # # # # # # # # # # # # # # # # # # # # # # # # . # # # # # # # # # # # # # # # # # # # # # # # # . # # # # # # # # # # # # # # # # # # # # # # # # . # # # # # # # # # # # # 
. . . . . . . . . . . . * . . . . . . . . . . . . # . . . . . . . . . . . . . . . . . . . . . . . . # . . . . . . . . . . . . . . . . . . . . . . . . # . . . . . . . . . . . . . . . . . . . . . . . . 
. . . . . . . . . . . . * . . . . . . . . . . . . # . . . . . . . . . . . . . . . . . . . . . . . . # . . . . . . . . . . . . . . . . . . . . . . . . # . . . . . . . . . . . . . . . . . . . . . . . . 
. . . . . . . . . . . . * . . . . . . . . . . . . # . . . . . . . . . . . . . . . . . . . . . . . . # . . . . . . . . . . . . . . . . . . . . . . . . # . . . . . . . . . . . . . . . . . . . . . . . . 
. . . . . . . . . . . . * . . . . . . . . . . . . # . . . . . . . . . . . . . . . . . . . . . . . . # . . . . . . . . . . . . . . . . . . . . . . . . # . . . . . . . . . . . . . . . . . . . . . . . . 
. . . . . . . . . . . . * . . . . . . . . . . . . # . . . . . . . . . . . . . . . . . . . . . . . . # . . . . . . . . . . . . . . . . . . . . . . . . # . . . . . . . . . . . . . . . . . . . . . . . . 
. . . . . . . . . . . . * . . . . . . . . . . . . # . . . . . . . . . . . . . . . . . . . . . . . . # . . . . . . . . . . . . . . . . . . . . . . . . # . . . . . . . . . . . . . . . . . . . . . . . . 
. . . . . . . . . . . . * . . . . . . . . . . . . # . . . . . . . . . . . . . . . . . . . . . . . . # . . . . . . . . . . . . . . . . . . . . . . . . # . . . . . . . . . . . . . . . . . . . . . . . . 
. . . . . . . . . . . . * . . . . . . . . . . . . # . . . . . . . . . . . . . . . . . . . . . . . . # . . . . . . . . . . . . . . . . . . . . . . . . # . . . . . . . . . . . . . . . . . . . . . . . . 
. . . . . . . . . . . . * . . . . . . . . . . . . # . . . . . . . . . . . . . . . . . . . . . . . . # . . . . . . . . . . . . . . . . . . . . . . . . # . . . . . . . . . . . . . . . . . . . . . . . . 
. . . . . . . . . . . . * . . . . . . . . . . . . # . . . . . . . . . . . . . . . . . . . . . . . . # . . . . . . . . . . . . . . . . . . . . . . . . # . . . . . . . . . . . . . . . . . . . . . . . . 
. . . . . . . . . . . . * . . . . . . . . . . . . # . . . . . . . . . . . . . . . . . . . . . . . . # . . . . . . . . . . . . . . . . . . . . . . . . # . . . . . . . . . . . . . . . . . . . . . . . . 
. . . . . . . . . . . . * . . . . . . . . . . . . . . . . . . . . . . . . . . . . . . . . . . . . . . . . . . . . . . . . . . . . . . . . . . . . . . . . . . . . . . . . . . . . . . . . . . . . . . . 
. . . . . . . . . . . . * . . . . . . . . . . . . # . . . . . . . . . . . . . . . . . . . . . . . . # . . . . . . . . . . . . . . . . . . . . . . . . # . . . . . . . . . . . . . . . . . . . . . . . . 
. . . . . . . . . . . . * . . . . . . . . . . . . # . . . . . . . . . . . . . . . . . . . . . . . . # . . . . . . . . . . . . . . . . . . . . . . . . # . . . . . . . . . . . . . . . . . . . . . . . . 
. . . . . . . . . . . . * . . . . . . . . . . . . # . . . . . . . . . . . . . . . . . . . . . . . . # . . . . . . . . . . . . . . . . . . . . . . . . # . . . . . . . . . . . . . . . . . . . . . . . . 
. . . . . . . . . . . . * . . . . . . . . . . . . # . . . . . . . . . . . . . . . . . . . . . . . . # . . . . . . . . . . . . . . . . . . . . . . . . # . . . . . . . . . . . . . . . . . . . . . . . . 
. . . . . . . . . . . . * . . . . . . . . . . . . # . . . . . . . . . . . . . . . . . . . . . . . . # . . . . . . . . . . . . . . . . . . . . . . . . # . . . . . . . . . . . . . . . . . . . . . . . . 
. . . . . . . . . . . . * . . . . . . . . . . . . # . . . . . . . . . . . . . . . . . . . . . . . . # . . . . . . . . . . . . . . . . . . . . . . . . # . . . . . . . . . . . . . . . . . . . . . . . . 
. . . . . . . . . . . . * . . . . . . . . . . . . # . . . . . . . . . . . . . . . . . . . . . . . . # . . . . . . . . . . . . . . . . . . . . . . . . # . . . . . . . . . . . . . . . . . . . . . . . . 
. . . . . . . . . . . . * . . . . . . . . . . . . # . . . . . . . . . . . . . . . . . . . . . . . . # . . . . . . . . . . . . . . . . . . . . . . . . # . . . . . . . . . . . . . . . . . . . . . . . . 
. . . . . . . . . . . . * . . . . . . . . . . . . # . . . . . . . . . . . . . . . . . . . . . . . . # . . . . . . . . . . . . . . . . . . . . . . . . # . . . . . . . . . . . . . . . . . . . . . . . . 
. . . . . . . . . . . . * . . . . . . . . . . . . # . . . . . . . . . . . . . . . . . . . . . . . . # . . . . . . . . . . . . . . . . . . . . . . . . # . . . . . . . . . . . . . . . . . . . . . . . . 
. . . . . . . . . . . . * . . . . . . . . . . . . # . . . . . . . . . . . . . . . . . . . . . . . . # . . . . . . . . . . . . . . . . . . . . . . . . # . . . . . . . . . . . . . . . . . . . . . . . . 
. . . . . . . . . . . . * . . . . . . . . . . . . # . . . . . . . . . . . . . . . . . . . . . . . . # . . . . . . . . . . . . . . . . . . . . . . . . # . . . . . . . . . . . . . . . . . . . . . . . . 
# # # # # # # # # # # # * # # # # # # # # # # # # # # # # # # # # # # # # . # # # # # # # # # # # # # # # # # # # # # # # # . # # # # # # # # # # # # # # # # # # # # # # # # . # # # # # # # # # # # # 
. . . . . . . . . . . . * . . . . . . . . . . . . # . . . . . . . . . . . . . . . . . . . . . . . . # . . . . . . . . . . . . . . . . . . . . . . . . # . . . . . . . . . . . . . . . . . . . . . . . . 
. . . . . . . . . . . . * . . . . . . . . . . . . # . . . . . . . . . . . . . . . . . . . . . . . . # . . . . . . . . . . . . . . . . . . . . . . . . # . . . . . . . . . . . . . . . . . . . . . . . . 
. . . . . . . . . . . . * . . . . . . . . . . . . # . . . . . . . . . . . . . . . . . . . . . . . . # . . . . . . . . . . . . . . . . . . . . . . . . # . . . . . . . . . . . . . . . . . . . . . . . . 
. . . . . . . . . . . . * . . . . . . . . . . . . # . . . . . . . . . . . . . . . . . . . . . . . . # . . . . . . . . . . . . . . . . . . . . . . . . # . . . . . . . . . . . . . . . . . . . . . . . . 
. . . . . . . . . . . . * . . . . . . . . . . . . # . . . . . . . . . . . . . . . . . . . . . . . . # . . . . . . . . . . . . . . . . . . . . . . . . # . . . . . . . . . . . . . . . . . . . . . . . . 
. . . . . . . . . . . . * . . . . . . . . . . . . # . . . . . . . . . . . . . . . . . . . . . . . . # . . . . . . . . . . . . . . . . . . . . . . . . # . . . . . . . . . . . . . . . . . . . . . . . . 
. . . . . . . . . . . . * . . . . . . . . . . . . # . . . . . . . . . . . . . . . . . . . . . . . . # . . . . . . . . . . . . . . . . . . . . . . . . # . . . . . . . . . . . . . . . . . . . . . . . . 
. . . . . . . . . . . . * . . . . . . . . . . . . # . . . . . . . . . . . . . . . . . . . . . . . . # . . . . . . . . . . . . . . . . . . . . . . . . # . . . . . . . . . . . . . . . . . . . . . . . . 
. . . . . . . . . . . . * . . . . . . . . . . . . # . . . . . . . . . . . . . . . . . . . . . . . . # . . . . . . . . . . . . . . . . . . . . . . . . # . . . . . . . . . . . . . . . . . . . . . . . . 
. . . . . . . . . . . . * . . . . . . . . . . . . # . . . . . . . . . . . . . . . . . . . . . . . . # . . . . . . . . . . . . . . . . . . . . . . . . # . . . . . . . . . . . . . . . . . . . . . . . . 
. . . . . . . . . . . . * . . . . . . . . . . . . # . . . . . . . . . . . . . . . . . . . . . . . . # . . . . . . . . . . . . . . . . . . . . . . . . # . . . . . . . . . . . . . . . . . . . . . . . . 
. . . . . . . . . . . . * * * * * * * * * * * * * * * * * * * * * * * * * * * * * * * * * * * * * * * * * * * * * * * * * * * * * * * * * * * * * * * * * . . . . . . . . . . . . . . . . . . . . . . . 
. . . . . . . . . . . . . . . . . . . . . . . . . # . . . . . . . . . . . . . . . . . . . . . . . . # . . . . . . . . . . . . . . . . . . . . . . . . # * . . . . . . . . . . . . . . . . . . . . . . . 
. . . . . . . . . . . . . . . . . . . . . . . . . # . . . . . . . . . . . . . . . . . . . . . . . . # . . . . . . . . . . . . . . . . . . . . . . . . # * . . . . . . . . . . . . . . . . . . . . . . . 
. . . . . . . . . . . . . . . . . . . . . . . . . # . . . . . . . . . . . . . . . . . . . . . . . . # . . . . . . . . . . . . . . . . . . . . . . . . # * . . . . . . . . . . . . . . . . . . . . . . . 
. . . . . . . . . . . . . . . . . . . . . . . . . # . . . . . . . . . . . . . . . . . . . . . . . . # . . . . . . . . . . . . . . . . . . . . . . . . # * . . . . . . . . . . . . . . . . . . . . . . . 
. . . . . . . . . . . . . . . . . . . . . . . . . # . . . . . . . . . . . . . . . . . . . . . . . . # . . . . . . . . . . . . . . . . . . . . . . . . # * . . . . . . . . . . . . . . . . . . . . . . . 
. . . . . . . . . . . . . . . . . . . . . . . . . # . . . . . . . . . . . . . . . . . . . . . . . . # . . . . . . . . . . . . . . . . . . . . . . . . # * . . . . . . . . . . . . . . . . . . . . . . . 
. . . . . . . . . . . . . . . . . . . . . . . . . # . . . . . . . . . . . . . . . . . . . . . . . . # . . . . . . . . . . . . . . . . . . . . . . . . # * . . . . . . . . . . . . . . . . . . . . . . . 
. . . . . . . . . . . . . . . . . . . . . . . . . # . . . . . . . . . . . . . . . . . . . . . . . . # . . . . . . . . . . . . . . . . . . . . . . . . # * . . . . . . . . . . . . . . . . . . . . . . . 
. . . . . . . . . . . . . . . . . . . . . . . . . # . . . . . . . . . . . . . . . . . . . . . . . . # . . . . . . . . . . . . . . . . . . . . . . . . # * . . . . . . . . . . . . . . . . . . . . . . . 
. . . . . . . . . . . . . . . . . . . . . . . . . # . . . . . . . . . . . . . . . . . . . . . . . . # . . . . . . . . . . . . . . . . . . . . . . . . # * . . . . . . . . . . . . . . . . . . . . . . . 
. . . . . . . . . . . . . . . . . . . . . . . . . # . . . . . . . . . . . . . . . . . . . . . . . . # . . . . . . . . . . . . . . . . . . . . . . . . # * . . . . . . . . . . . . . . . . . . . . . . . 
. . . . . . . . . . . . . . . . . . . . . . . . . # . . . . . . . . . . . . . . . . . . . . . . . . # . . . . . . . . . . . . . . . . . . . . . . . . # * * * * * * * * * * * * * * * * * * * * * * * G 

--- SEQUENZA COORDINATE DEL PERCORSO (198 passi, 199 celle) ---
(0,0) -> (1,0) -> (2,0) -> (3,0) -> (4,0) -> (5,0) -> (6,0) -> (7,0) -> (8,0) -> (9,0) -> 
(10,0) -> (11,0) -> (12,0) -> (13,0) -> (14,0) -> (15,0) -> (16,0) -> (17,0) -> (18,0) -> (19,0) -> 
(20,0) -> (21,0) -> (22,0) -> (23,0) -> (24,0) -> (24,1) -> (24,2) -> (24,3) -> (24,4) -> (24,5) -> 
(24,6) -> (24,7) -> (24,8) -> (24,9) -> (24,10) -> (24,11) -> (24,12) -> (25,12) -> (26,12) -> (27,12) -> 
(28,12) -> (29,12) -> (30,12) -> (31,12) -> (32,12) -> (33,12) -> (34,12) -> (35,12) -> (36,12) -> (37,12) -> 
(38,12) -> (39,12) -> (40,12) -> (41,12) -> (42,12) -> (43,12) -> (44,12) -> (45,12) -> (46,12) -> (47,12) -> 
(48,12) -> (49,12) -> (50,12) -> (51,12) -> (52,12) -> (53,12) -> (54,12) -> (55,12) -> (56,12) -> (57,12) -> 
(58,12) -> (59,12) -> (60,12) -> (61,12) -> (62,12) -> (63,12) -> (64,12) -> (65,12) -> (66,12) -> (67,12) -> 
(68,12) -> (69,12) -> (70,12) -> (71,12) -> (72,12) -> (73,12) -> (74,12) -> (75,12) -> (76,12) -> (77,12) -> 
(78,12) -> (79,12) -> (80,12) -> (81,12) -> (82,12) -> (83,12) -> (84,12) -> (85,12) -> (86,12) -> (87,12) -> 
(87,13) -> (87,14) -> (87,15) -> (87,16) -> (87,17) -> (87,18) -> (87,19) -> (87,20) -> (87,21) -> (87,22) -> 
(87,23) -> (87,24) -> (87,25) -> (87,26) -> (87,27) -> (87,28) -> (87,29) -> (87,30) -> (87,31) -> (87,32) -> 
(87,33) -> (87,34) -> (87,35) -> (87,36) -> (87,37) -> (87,38) -> (87,39) -> (87,40) -> (87,41) -> (87,42) -> 
(87,43) -> (87,44) -> (87,45) -> (87,46) -> (87,47) -> (87,48) -> (87,49) -> (87,50) -> (87,51) -> (87,52) -> 
(87,53) -> (87,54) -> (87,55) -> (87,56) -> (87,57) -> (87,58) -> (87,59) -> (87,60) -> (87,61) -> (87,62) -> 
(87,63) -> (87,64) -> (87,65) -> (87,66) -> (87,67) -> (87,68) -> (87,69) -> (87,70) -> (87,71) -> (87,72) -> 
(87,73) -> (87,74) -> (87,75) -> (87,76) -> (88,76) -> (89,76) -> (90,76) -> (91,76) -> (92,76) -> (93,76) -> 
(94,76) -> (95,76) -> (96,76) -> (97,76) -> (98,76) -> (99,76) -> (99,77) -> (99,78) -> (99,79) -> (99,80) -> 
(99,81) -> (99,82) -> (99,83) -> (99,84) -> (99,85) -> (99,86) -> (99,87) -> (99,88) -> (99,89) -> (99,90) -> 
(99,91) -> (99,92) -> (99,93) -> (99,94) -> (99,95) -> (99,96) -> (99,97) -> (99,98) -> (99,99)
